-- --------------------------------------------------------
-- Host:                         localhost
-- Versión del servidor:         10.4.28-MariaDB - mariadb.org binary distribution
-- SO del servidor:              Win64
-- HeidiSQL Versión:             12.5.0.6677
-- --------------------------------------------------------

/*!40101 SET @OLD_CHARACTER_SET_CLIENT=@@CHARACTER_SET_CLIENT */;
/*!40101 SET NAMES utf8 */;
/*!50503 SET NAMES utf8mb4 */;
/*!40103 SET @OLD_TIME_ZONE=@@TIME_ZONE */;
/*!40103 SET TIME_ZONE='+00:00' */;
/*!40014 SET @OLD_FOREIGN_KEY_CHECKS=@@FOREIGN_KEY_CHECKS, FOREIGN_KEY_CHECKS=0 */;
/*!40101 SET @OLD_SQL_MODE=@@SQL_MODE, SQL_MODE='NO_AUTO_VALUE_ON_ZERO' */;
/*!40111 SET @OLD_SQL_NOTES=@@SQL_NOTES, SQL_NOTES=0 */;


-- Volcando estructura de base de datos para db_hospital_orellana
CREATE DATABASE IF NOT EXISTS `db_hospital_orellana` /*!40100 DEFAULT CHARACTER SET utf8mb4 COLLATE utf8mb4_general_ci */;
USE `db_hospital_orellana`;

-- Volcando estructura para tabla db_hospital_orellana.tbl_abonos_empleados
CREATE TABLE IF NOT EXISTS `tbl_abonos_empleados` (
  `idAbono` int(11) NOT NULL AUTO_INCREMENT,
  `idEmpleadoDescuento` int(11) NOT NULL,
  `montoAbono` decimal(9,2) NOT NULL,
  `idPlanilla` int(11) NOT NULL,
  `fechaAbono` timestamp NOT NULL DEFAULT current_timestamp(),
  PRIMARY KEY (`idAbono`)
) ENGINE=InnoDB AUTO_INCREMENT=21 DEFAULT CHARSET=utf8 COLLATE=utf8_spanish_ci;

-- Volcando datos para la tabla db_hospital_orellana.tbl_abonos_empleados: ~15 rows (aproximadamente)
INSERT INTO `tbl_abonos_empleados` (`idAbono`, `idEmpleadoDescuento`, `montoAbono`, `idPlanilla`, `fechaAbono`) VALUES
	(6, 1, 10.00, 2, '2023-08-07 15:20:55'),
	(7, 2, 25.00, 2, '2023-08-07 15:20:56'),
	(8, 3, 20.00, 2, '2023-08-07 15:20:56'),
	(9, 2, 25.00, 3, '2023-08-14 14:42:50'),
	(10, 3, 20.00, 3, '2023-08-14 14:42:51'),
	(11, 2, 25.00, 4, '2023-08-14 15:03:48'),
	(12, 3, 20.00, 4, '2023-08-14 15:03:49'),
	(13, 4, 25.00, 4, '2023-08-14 15:03:50'),
	(14, 2, 25.00, 5, '2023-11-09 22:10:29'),
	(15, 3, 20.00, 5, '2023-11-09 22:10:42'),
	(16, 4, 25.00, 5, '2023-11-09 22:11:05'),
	(17, 2, 25.00, 5, '2023-11-10 15:40:37'),
	(18, 2, 25.00, 5, '2023-11-10 15:52:45'),
	(19, 3, 20.00, 5, '2023-11-10 15:52:45'),
	(20, 4, 25.00, 5, '2023-11-10 15:52:46');

-- Volcando estructura para tabla db_hospital_orellana.tbl_abonos_hoja
CREATE TABLE IF NOT EXISTS `tbl_abonos_hoja` (
  `idAbono` int(11) NOT NULL AUTO_INCREMENT,
  `idHoja` int(11) NOT NULL,
  `montoAbono` decimal(9,2) NOT NULL,
  `fechaAbono` date NOT NULL,
  `paqueteAbono` int(11) NOT NULL DEFAULT 0,
  `realizadoAbono` timestamp NOT NULL DEFAULT current_timestamp(),
  `seLiquido` int(11) NOT NULL DEFAULT 0,
  `fechaLiquidado` date DEFAULT NULL,
  `liquidacion` int(11) NOT NULL DEFAULT 0,
  PRIMARY KEY (`idAbono`)
) ENGINE=InnoDB AUTO_INCREMENT=29 DEFAULT CHARSET=utf8 COLLATE=utf8_spanish_ci;

-- Volcando datos para la tabla db_hospital_orellana.tbl_abonos_hoja: ~23 rows (aproximadamente)
INSERT INTO `tbl_abonos_hoja` (`idAbono`, `idHoja`, `montoAbono`, `fechaAbono`, `paqueteAbono`, `realizadoAbono`, `seLiquido`, `fechaLiquidado`, `liquidacion`) VALUES
	(3, 74, 50.99, '2023-01-10', 13, '2023-01-10 20:17:57', 1, '2023-10-18', 48),
	(4, 74, 25.45, '2023-01-10', 14, '2023-01-10 20:42:57', 1, '2023-10-18', 48),
	(5, 74, 50.00, '2023-01-10', 15, '2023-01-10 21:20:55', 1, '2023-10-18', 48),
	(7, 108, 50.00, '2023-01-16', 17, '2023-01-16 13:40:29', 1, '2023-10-18', 48),
	(8, 111, 100.00, '2023-01-16', 18, '2023-01-16 14:24:45', 1, '2023-10-18', 48),
	(9, 66, 15.00, '2023-01-17', 19, '2023-01-17 13:45:22', 1, '2023-10-18', 48),
	(10, 111, 6.29, '2023-03-11', 20, '2023-03-11 15:47:31', 1, '2023-10-18', 48),
	(11, 116, 10.00, '2023-05-23', 21, '2023-05-23 18:16:57', 1, '2023-10-18', 48),
	(12, 136, 50.00, '2023-09-01', 22, '2023-09-01 14:51:18', 1, '2023-10-18', 48),
	(13, 130, 350.00, '2023-09-05', 23, '2023-09-05 20:27:23', 1, '2023-10-18', 48),
	(14, 137, 150.00, '2023-09-14', 24, '2023-09-14 14:42:55', 1, '2023-10-18', 48),
	(15, 138, 40.00, '2023-09-20', 26, '2023-09-20 16:07:03', 1, '2023-10-18', 48),
	(16, 139, 150.00, '2023-09-20', 27, '2023-09-20 16:19:04', 1, '2023-10-18', 48),
	(17, 139, 25.00, '2023-10-03', 28, '2023-10-03 14:27:28', 1, '2023-10-18', 48),
	(18, 141, 100.00, '2023-10-03', 29, '2023-10-03 14:28:20', 1, '2023-10-18', 48),
	(21, 152, 3000.00, '2023-10-12', 32, '2023-10-12 15:09:59', 1, '2023-10-18', 48),
	(22, 144, 2000.00, '2023-10-18', 33, '2023-10-18 17:32:35', 1, '2023-10-18', 48),
	(23, 143, 150.00, '2023-10-18', 34, '2023-10-18 17:33:31', 1, '2023-10-18', 48),
	(24, 141, 85.00, '2023-10-18', 35, '2023-10-18 17:34:42', 1, '2023-10-18', 48),
	(25, 162, 500.00, '2023-10-30', 36, '2023-10-30 20:12:48', 0, NULL, 0),
	(26, 16, 0.50, '2023-10-30', 37, '2023-10-30 20:29:23', 0, NULL, 0),
	(27, 21, 50.00, '2023-11-08', 38, '2023-11-08 17:20:40', 0, NULL, 0),
	(28, 176, 700.00, '2023-12-04', 39, '2023-12-04 17:44:22', 0, NULL, 0);

-- Volcando estructura para tabla db_hospital_orellana.tbl_accesos
CREATE TABLE IF NOT EXISTS `tbl_accesos` (
  `idAcceso` int(11) NOT NULL AUTO_INCREMENT,
  `nombreAcceso` varchar(50) NOT NULL,
  `descripcionAcceso` text NOT NULL,
  `estadoAcceso` int(11) NOT NULL,
  `fechaAcceso` timestamp NOT NULL DEFAULT current_timestamp() ON UPDATE current_timestamp(),
  PRIMARY KEY (`idAcceso`)
) ENGINE=InnoDB AUTO_INCREMENT=9 DEFAULT CHARSET=utf8 COLLATE=utf8_spanish_ci;

-- Volcando datos para la tabla db_hospital_orellana.tbl_accesos: ~8 rows (aproximadamente)
INSERT INTO `tbl_accesos` (`idAcceso`, `nombreAcceso`, `descripcionAcceso`, `estadoAcceso`, `fechaAcceso`) VALUES
	(1, 'Administrador', 'Acceso total al sistema.', 1, '2021-04-29 15:43:54'),
	(2, 'Cajera', 'Usuario que se encargara de cobros.', 1, '2021-06-15 16:29:29'),
	(3, 'Botiquin', 'Empleado del area de botiquin.', 1, '2021-05-03 18:17:17'),
	(4, 'Cuentas', 'Persona encargada de efectuar cuentas.', 1, '2021-06-15 16:29:53'),
	(5, 'Contabilidad', 'Encargado de llevar la contabilidad.', 1, '2021-06-15 16:30:32'),
	(6, 'Gerente', 'Encargado de la administracion del hospital.', 1, '2021-06-15 16:31:20'),
	(7, 'Laboratorio', 'Para los empleados de Laboratorio Clinico', 1, '2021-07-30 14:07:57'),
	(8, 'Sala', 'Encargado de botiquín de salas', 1, '2023-10-04 14:18:09');

-- Volcando estructura para tabla db_hospital_orellana.tbl_animations
CREATE TABLE IF NOT EXISTS `tbl_animations` (
  `idAnimation` int(11) NOT NULL AUTO_INCREMENT,
  `linkAnimation` text NOT NULL,
  `fechaAnimation` date NOT NULL,
  `estadoAnimation` int(11) NOT NULL,
  `publicadoAnimation` timestamp NOT NULL DEFAULT current_timestamp(),
  PRIMARY KEY (`idAnimation`)
) ENGINE=InnoDB AUTO_INCREMENT=2 DEFAULT CHARSET=utf8 COLLATE=utf8_spanish_ci;

-- Volcando datos para la tabla db_hospital_orellana.tbl_animations: ~1 rows (aproximadamente)
INSERT INTO `tbl_animations` (`idAnimation`, `linkAnimation`, `fechaAnimation`, `estadoAnimation`, `publicadoAnimation`) VALUES
	(1, 'logo_animacion', '2023-02-13', 0, '2022-10-07 16:24:56');

-- Volcando estructura para tabla db_hospital_orellana.tbl_antigeno_prostatico
CREATE TABLE IF NOT EXISTS `tbl_antigeno_prostatico` (
  `idAntigenoProstatico` int(11) NOT NULL AUTO_INCREMENT,
  `examenSolicitado` int(11) NOT NULL,
  `muestraAntigenoProstatico` text NOT NULL,
  `resultadoAntigenoProstatico` text NOT NULL,
  `observacionAntigenoProstatico` text NOT NULL,
  `fechaAntigenoProstatico` timestamp NOT NULL DEFAULT current_timestamp(),
  PRIMARY KEY (`idAntigenoProstatico`)
) ENGINE=InnoDB AUTO_INCREMENT=11 DEFAULT CHARSET=utf8 COLLATE=utf8_spanish_ci;

-- Volcando datos para la tabla db_hospital_orellana.tbl_antigeno_prostatico: ~5 rows (aproximadamente)
INSERT INTO `tbl_antigeno_prostatico` (`idAntigenoProstatico`, `examenSolicitado`, `muestraAntigenoProstatico`, `resultadoAntigenoProstatico`, `observacionAntigenoProstatico`, `fechaAntigenoProstatico`) VALUES
	(1, 694, 'Muestra psa', 'resultado psa', 'observaciones psa', '2021-08-23 14:31:17'),
	(3, 662, 'Suero', '2.5', 'Nel nuay horita', '2021-10-13 16:55:45'),
	(5, 713, 'Suero', '2.5', 'JSJS', '2021-10-14 17:54:25'),
	(6, 713, 'Suero', 'test', 'This is a tes', '2021-10-15 16:32:17'),
	(10, 713, 'Suero', '1', '1', '2023-12-05 21:50:32');

-- Volcando estructura para tabla db_hospital_orellana.tbl_anuncios
CREATE TABLE IF NOT EXISTS `tbl_anuncios` (
  `idAnuncio` int(11) NOT NULL AUTO_INCREMENT,
  `tituloAnuncio` text NOT NULL,
  `detalleAnuncio` text NOT NULL,
  `estadoAnuncio` int(11) NOT NULL,
  `fechaAnuncio` date NOT NULL,
  `fechaProgramacion` timestamp NOT NULL DEFAULT current_timestamp(),
  PRIMARY KEY (`idAnuncio`)
) ENGINE=InnoDB AUTO_INCREMENT=6 DEFAULT CHARSET=utf8 COLLATE=utf8_spanish_ci;

-- Volcando datos para la tabla db_hospital_orellana.tbl_anuncios: ~5 rows (aproximadamente)
INSERT INTO `tbl_anuncios` (`idAnuncio`, `tituloAnuncio`, `detalleAnuncio`, `estadoAnuncio`, `fechaAnuncio`, `fechaProgramacion`) VALUES
	(1, '', 'Fiesta de fin de año', 0, '2021-10-27', '2021-10-27 16:22:46'),
	(2, '', 'Que pex', 0, '2021-10-28', '2021-10-27 17:51:51'),
	(3, '01', '01', 0, '2023-09-22', '2023-09-22 21:11:33'),
	(4, '02', '02', 0, '2023-09-22', '2023-09-22 21:36:52'),
	(5, '03', 'Testing', 0, '2023-09-29', '2023-09-23 14:35:59');

-- Volcando estructura para tabla db_hospital_orellana.tbl_areas_hospital
CREATE TABLE IF NOT EXISTS `tbl_areas_hospital` (
  `idArea` int(11) NOT NULL AUTO_INCREMENT,
  `nombreArea` text NOT NULL,
  `precioExtraArea` decimal(9,2) DEFAULT 0.00,
  PRIMARY KEY (`idArea`)
) ENGINE=InnoDB AUTO_INCREMENT=12 DEFAULT CHARSET=utf8 COLLATE=utf8_spanish_ci;

-- Volcando datos para la tabla db_hospital_orellana.tbl_areas_hospital: ~11 rows (aproximadamente)
INSERT INTO `tbl_areas_hospital` (`idArea`, `nombreArea`, `precioExtraArea`) VALUES
	(1, 'Administración', 0.00),
	(2, 'Cajeras', 0.00),
	(3, 'ISBM', 0.00),
	(4, 'Enfermeria', 0.00),
	(5, 'Hemodiálisis', 0.00),
	(6, 'Laboratorio Clínico', 0.00),
	(7, 'Rayos X', 0.00),
	(8, 'Botiquín', 0.00),
	(9, 'Limpieza', 0.00),
	(10, 'Mantenimiento', 0.00),
	(11, 'Vigilante', 0.00);

-- Volcando estructura para tabla db_hospital_orellana.tbl_bacteriologia
CREATE TABLE IF NOT EXISTS `tbl_bacteriologia` (
  `idBacteriologia` int(11) NOT NULL AUTO_INCREMENT,
  `examenSolicitado` int(11) NOT NULL,
  `resultadoDirecto` text NOT NULL,
  `procedenciaCultivo` text NOT NULL,
  `resultadoCultivo` text NOT NULL,
  `cefixime` varchar(10) NOT NULL,
  `amikacina` varchar(10) NOT NULL,
  `levofloxacina` varchar(10) NOT NULL,
  `ceftriaxona` varchar(10) NOT NULL,
  `azitromicina` varchar(10) NOT NULL,
  `imipenem` varchar(10) NOT NULL,
  `meropenem` varchar(10) NOT NULL,
  `fosfocil` varchar(10) NOT NULL,
  `ciprofloxacina` varchar(10) NOT NULL,
  `penicilina` varchar(10) NOT NULL,
  `vancomicina` varchar(10) NOT NULL,
  `acidoNalidixico` varchar(10) NOT NULL,
  `gentamicina` varchar(10) NOT NULL,
  `nitrofurantoina` varchar(10) NOT NULL,
  `ceftazimide` varchar(10) NOT NULL,
  `cefotaxime` varchar(10) NOT NULL,
  `clindamicina` varchar(10) NOT NULL,
  `trimetropimSulfa` varchar(10) NOT NULL,
  `ampicilina` varchar(10) NOT NULL,
  `piperacilina` varchar(10) NOT NULL,
  `amoxicilina` varchar(10) NOT NULL,
  `claritromicina` varchar(25) NOT NULL,
  `cefuroxime` varchar(25) NOT NULL,
  `observacionesCultivo` text NOT NULL,
  `fechaCreacion` timestamp NOT NULL DEFAULT current_timestamp(),
  PRIMARY KEY (`idBacteriologia`)
) ENGINE=InnoDB AUTO_INCREMENT=17 DEFAULT CHARSET=utf8 COLLATE=utf8_spanish_ci;

-- Volcando datos para la tabla db_hospital_orellana.tbl_bacteriologia: ~7 rows (aproximadamente)
INSERT INTO `tbl_bacteriologia` (`idBacteriologia`, `examenSolicitado`, `resultadoDirecto`, `procedenciaCultivo`, `resultadoCultivo`, `cefixime`, `amikacina`, `levofloxacina`, `ceftriaxona`, `azitromicina`, `imipenem`, `meropenem`, `fosfocil`, `ciprofloxacina`, `penicilina`, `vancomicina`, `acidoNalidixico`, `gentamicina`, `nitrofurantoina`, `ceftazimide`, `cefotaxime`, `clindamicina`, `trimetropimSulfa`, `ampicilina`, `piperacilina`, `amoxicilina`, `claritromicina`, `cefuroxime`, `observacionesCultivo`, `fechaCreacion`) VALUES
	(2, 885, 'jojojojo', '', '1', '1', '1', '1', '1', '1', '1', '1', '2', '2', '2', '2', '2', '2', '2', '2', '1', '1', '1', '1', 'gluglu', '1', '', '', '', '2021-08-13 21:23:49'),
	(3, 684, 'juelala', '', '9', '8', '7', '6', '5', '4', '3', '2', '1', '0', '9', '8', '7', '6', '5', '4', '3', '2', 'anuma', '0', '9', '8', '', '', '', '2021-08-13 21:23:49'),
	(11, 658, 'test', '', '1', '1', '1', '1', '1', '1', '2', '2', '2', '22', '2', '3', '3', '3', '3', '3', '3', '4', '4', '4', 'acido', '4', '', '', '', '2021-10-11 17:02:34'),
	(13, 866, 'test', '', 'test', '1', '1', '1', '1', '1', '1', '1', '1', '1', '1', '11', '1', '1', '1', '1', '1', '1', '1', '1', 'acido', '1', '', '', '', '2021-10-15 16:24:44'),
	(14, 685, '1', '', '2', '3', '4', '5', '6', '7', '8', '9', '0', '1', '2', '3', '4', '5', '6', '7', '8', '8', '0', '1', 'acido', '2', '3', '4', '', '2022-01-13 16:56:42'),
	(15, 696, '-', 'proce edit', '-', '-', '-', '-', '-', '-', '-', '-', '-', '-', '-', '-', '-', '-', '-', '-', '-', '-', '-', '-', 'pip edit', '-', '-', '-', 'Observaciones edit', '2022-09-19 14:56:21'),
	(16, 884, '1', '1', '1', '1', '1', '1', '1', '11', '1', '1', '1', '1', '1', '1', '1', '1', '1', '1', '1', '1', '1', '1', '1', '1', '1', '1', '1', '2023-12-04 14:08:22');

-- Volcando estructura para tabla db_hospital_orellana.tbl_bitacora
CREATE TABLE IF NOT EXISTS `tbl_bitacora` (
  `idBitacora` int(11) NOT NULL AUTO_INCREMENT,
  `idUsuario` int(11) NOT NULL,
  `descripcionBitacora` text NOT NULL,
  `fechaBitacora` timestamp NOT NULL DEFAULT current_timestamp(),
  PRIMARY KEY (`idBitacora`)
) ENGINE=InnoDB AUTO_INCREMENT=1081 DEFAULT CHARSET=utf8 COLLATE=utf8_spanish_ci;

-- Volcando datos para la tabla db_hospital_orellana.tbl_bitacora: ~1,056 rows (aproximadamente)
INSERT INTO `tbl_bitacora` (`idBitacora`, `idUsuario`, `descripcionBitacora`, `fechaBitacora`) VALUES
	(1, 1, 'El usuario: Informatica Ha iniciado sesión', '2021-06-24 20:25:26'),
	(2, 6, 'El usuario: Alba Ramirez Ha iniciado sesión', '2021-06-24 20:30:47'),
	(3, 6, 'El usuario: Alba Ramirez Creo la hoja de cobro con ID = 14 corespondiente al paciente Fatima Aracely Amaya', '2021-06-24 21:21:56'),
	(4, 1, 'El usuario: Informatica Ha iniciado sesión', '2021-06-24 21:22:44'),
	(5, 1, 'El usuario: Informatica Creo la hoja de cobro con ID = 15 corespondiente al paciente Matilde Campos', '2021-06-24 22:19:44'),
	(6, 1, 'El usuario: Informatica Creo la hoja de cobro con ID = 16 corespondiente al paciente Carlos Aldair Aparicio', '2021-06-24 22:22:13'),
	(7, 1, 'El usuario: Informatica Creo la hoja de cobro con ID = 17 corespondiente al paciente Efrain Esau Cabrera', '2021-06-24 22:31:58'),
	(8, 2, 'El usuario: Carla Ortez Ha iniciado sesión', '2021-06-25 13:46:18'),
	(9, 2, 'El usuario: Carla Ortez Creo la hoja de cobro con ID = 18 corespondiente al paciente Alexander Komarov', '2021-06-25 14:02:05'),
	(10, 2, 'El usuario: Carla Ortez Creo la hoja de cobro con ID = 19 corespondiente al paciente Matilde Campos', '2021-06-25 14:03:55'),
	(11, 1, 'El usuario: Informatica Ha iniciado sesión', '2021-06-25 16:21:01'),
	(12, 1, 'El usuario: Informatica Ha iniciado sesión', '2021-06-25 19:09:29'),
	(13, 1, 'El usuario: Informatica Ha iniciado sesión', '2021-06-25 20:25:01'),
	(14, 2, 'El usuario: Carla Ortez Ha iniciado sesión', '2021-06-25 20:26:27'),
	(15, 9, 'El usuario: Patricia Garcia Ha iniciado sesión', '2021-06-25 20:41:04'),
	(16, 1, 'El usuario: Informatica agrego la compra con Id = 7', '2021-06-25 21:42:34'),
	(17, 1, 'El usuario: Informatica agrego medicamentos a la factura con Id = 7', '2021-06-25 21:49:58'),
	(18, 1, 'El usuario: Informatica Ha iniciado sesión', '2021-06-26 14:02:16'),
	(19, 2, 'El usuario: Carla Ortez Ha iniciado sesión', '2021-06-26 14:26:12'),
	(20, 2, 'El usuario: Carla Ortez Creo la hoja de cobro con ID = 20 corespondiente al paciente JOSUE EMMANUEL GOMEZ', '2021-06-26 15:12:10'),
	(21, 2, 'El usuario: Carla Ortez agrego la compra con Id = 8', '2021-06-26 16:14:57'),
	(22, 2, 'El usuario: Carla Ortez agrego medicamentos a la factura con Id = 8', '2021-06-26 16:16:29'),
	(23, 4, 'El usuario: Catalina Gomez Ha iniciado sesión', '2021-06-26 16:39:44'),
	(24, 1, 'El usuario: Informatica Ha iniciado sesión', '2021-06-26 16:41:29'),
	(25, 2, 'El usuario: Carla Ortez Ha iniciado sesión', '2021-06-26 16:54:01'),
	(26, 2, 'El usuario: Carla Ortez agrego la compra con Id = 9', '2021-06-26 16:55:04'),
	(27, 2, 'El usuario: Carla Ortez agrego medicamentos a la factura con Id = 9', '2021-06-26 16:56:03'),
	(28, 1, 'El usuario: Informatica Ha iniciado sesión', '2021-06-26 17:45:25'),
	(29, 3, 'El usuario: CARLA PAREDES Ha iniciado sesión', '2021-06-26 17:48:20'),
	(30, 2, 'El usuario: CARLA ORTEZ Ha iniciado sesión', '2021-06-26 17:48:40'),
	(31, 4, 'El usuario: CATALINA GOMEZ Ha iniciado sesión', '2021-06-26 17:48:57'),
	(32, 1, 'El usuario: Informatica Ha iniciado sesión', '2021-06-28 13:30:30'),
	(33, 1, 'El usuario: Informatica Ha iniciado sesión', '2021-06-29 13:19:13'),
	(34, 10, 'El usuario: CARLOS MARTINEZ Ha iniciado sesión', '2021-06-29 13:54:25'),
	(35, 10, 'El usuario: CARLOS MARTINEZ Ha iniciado sesión', '2021-06-29 14:00:04'),
	(36, 2, 'El usuario: CARLA ORTEZ Ha iniciado sesión', '2021-06-29 14:03:04'),
	(37, 6, 'El usuario: ALBA RAMIREZ Ha iniciado sesión', '2021-06-29 14:08:30'),
	(38, 1, 'El usuario: Informatica Ha iniciado sesión', '2021-06-29 14:10:55'),
	(39, 1, 'El usuario: Informatica Ha iniciado sesión', '2021-06-29 14:11:09'),
	(40, 2, 'El usuario: CARLA ORTEZ Ha iniciado sesión', '2021-06-29 14:11:31'),
	(41, 6, 'El usuario: ALBA RAMIREZ Ha iniciado sesión', '2021-06-29 14:11:52'),
	(42, 1, 'El usuario: Informatica Ha iniciado sesión', '2021-06-29 14:14:00'),
	(43, 6, 'El usuario: ALBA RAMIREZ Ha iniciado sesión', '2021-06-29 14:14:19'),
	(44, 8, 'El usuario: JACQUELINNE TREJO Ha iniciado sesión', '2021-06-29 15:18:48'),
	(45, 8, 'El usuario: JACQUELINNE TREJO Creo la hoja de cobro con ID = 22 corespondiente al paciente Jacquelinne Trejo', '2021-06-29 15:27:19'),
	(46, 8, 'El usuario: JACQUELINNE TREJO Creo la hoja de cobro con ID = 23 corespondiente al paciente Jacquelinne Trejo', '2021-06-29 15:41:21'),
	(47, 8, 'El usuario: JACQUELINNE TREJO Ha iniciado sesión', '2021-06-29 15:49:40'),
	(48, 8, 'El usuario: JACQUELINNE TREJO Ha iniciado sesión', '2021-06-29 16:37:28'),
	(49, 1, 'El usuario: Informatica Ha iniciado sesión', '2021-06-29 17:04:58'),
	(50, 8, 'El usuario: JACQUELINNE TREJO Ha iniciado sesión', '2021-06-29 17:06:35'),
	(51, 1, 'El usuario: Informatica Ha iniciado sesión', '2021-06-29 17:46:24'),
	(52, 1, 'El usuario: Informatica Ha iniciado sesión', '2021-06-30 14:51:46'),
	(53, 5, 'El usuario: ELENA CRUZ Ha iniciado sesión', '2021-06-30 16:27:45'),
	(54, 10, 'El usuario: CARLOS MARTINEZ Ha iniciado sesión', '2021-06-30 16:33:13'),
	(55, 5, 'El usuario: ELENA CRUZ Ha iniciado sesión', '2021-06-30 17:04:18'),
	(56, 1, 'El usuario: Informatica Ha iniciado sesión', '2021-06-30 17:32:29'),
	(57, 1, 'El usuario: Informatica Ha iniciado sesión', '2021-07-30 17:35:05'),
	(58, 5, 'El usuario: ELENA CRUZ Creo la hoja de cobro con ID = 28 corespondiente al paciente REYNALDO GALDAMEZ', '2021-07-02 14:53:55'),
	(59, 1, 'El usuario: Informatica Ha iniciado sesión', '2021-07-02 15:11:50'),
	(60, 1, 'El usuario: Informatica Ha iniciado sesión', '2021-07-02 20:06:37'),
	(61, 1, 'El usuario: Informatica Ha iniciado sesión', '2021-07-03 13:55:33'),
	(62, 1, 'El usuario: Informatica Creo la hoja de cobro con ID = 29 corespondiente al paciente Viva la vida', '2021-07-03 16:59:37'),
	(63, 1, 'El usuario: Informatica Ha iniciado sesión', '2021-07-05 13:44:13'),
	(64, 1, 'El usuario: Informatica Ha iniciado sesión', '2021-07-07 14:23:19'),
	(65, 1, 'El usuario: Informatica Ha iniciado sesión', '2021-07-09 17:41:46'),
	(66, 9, 'El usuario: PATRICIA GARCIA Ha iniciado sesión', '2021-07-09 18:02:48'),
	(67, 1, 'El usuario: Informatica Ha iniciado sesión', '2021-07-09 18:06:48'),
	(68, 9, 'El usuario: PATRICIA GARCIA Ha iniciado sesión', '2021-07-09 18:07:18'),
	(69, 9, 'El usuario: PATRICIA GARCIA Ha iniciado sesión', '2021-07-09 18:09:40'),
	(70, 1, 'El usuario: Informatica Ha iniciado sesión', '2021-07-09 18:12:30'),
	(71, 9, 'El usuario: PATRICIA GARCIA Ha iniciado sesión', '2021-07-09 18:21:07'),
	(72, 1, 'El usuario: Informatica Ha iniciado sesión', '2021-07-09 18:28:14'),
	(73, 9, 'El usuario: PATRICIA GARCIA Ha iniciado sesión', '2021-07-09 19:54:38'),
	(74, 1, 'El usuario: Informatica Ha iniciado sesión', '2021-07-09 21:17:33'),
	(75, 9, 'El usuario: PATRICIA GARCIA Ha iniciado sesión', '2021-01-03 21:19:18'),
	(76, 1, 'El usuario: Informatica Ha iniciado sesión', '2021-01-03 21:19:53'),
	(77, 10, 'El usuario: CARLOS MARTINEZ Ha iniciado sesión', '2021-06-28 21:21:41'),
	(78, 1, 'El usuario: Informatica Ha iniciado sesión', '2021-07-09 21:53:35'),
	(79, 9, 'El usuario: PATRICIA GARCIA Ha iniciado sesión', '2021-07-09 21:54:30'),
	(80, 1, 'El usuario: Informatica Ha iniciado sesión', '2021-07-09 21:55:05'),
	(81, 1, 'El usuario: Informatica Creo la hoja de cobro con ID = 31 corespondiente al paciente Safri Duo', '2021-07-10 17:21:28'),
	(82, 1, 'El usuario: Informatica agrego la compra con Id = 10', '2021-07-14 16:21:27'),
	(83, 1, 'El usuario: Informatica agrego medicamentos a la factura con Id = 10', '2021-07-14 16:22:00'),
	(84, 1, 'El usuario: Informatica agrego medicamentos a la factura con Id = 10', '2021-07-14 16:24:04'),
	(85, 1, 'El usuario: Informatica agrego medicamentos a la factura con Id = 10', '2021-07-14 16:29:36'),
	(86, 1, 'El usuario: Informatica agrego medicamentos a la factura con Id = 10', '2021-07-14 16:31:48'),
	(87, 1, 'El usuario: Informatica agrego medicamentos a la factura con Id = 10', '2021-07-14 16:32:59'),
	(88, 1, 'El usuario: Informatica agrego medicamentos a la factura con Id = 10', '2021-07-14 16:33:20'),
	(89, 1, 'El usuario: Informatica agrego medicamentos a la factura con Id = 10', '2021-07-14 16:33:56'),
	(90, 1, 'El usuario: Informatica agrego medicamentos a la factura con Id = 10', '2021-07-14 16:49:31'),
	(91, 1, 'El usuario: Informatica agrego medicamentos a la factura con Id = 10', '2021-07-14 16:52:22'),
	(92, 1, 'El usuario: Informatica agrego medicamentos a la factura con Id = 10', '2021-07-14 16:52:59'),
	(93, 1, 'El usuario: Informatica agrego medicamentos a la factura con Id = 10', '2021-07-14 16:54:33'),
	(94, 1, 'El usuario: Informatica agrego medicamentos a la factura con Id = 10', '2021-07-14 16:55:53'),
	(95, 1, 'El usuario: Informatica agrego medicamentos a la factura con Id = 10', '2021-07-14 16:56:10'),
	(96, 1, 'El usuario: Informatica agrego medicamentos a la factura con Id = 10', '2021-07-14 16:57:11'),
	(97, 1, 'El usuario: Informatica Ha iniciado sesión', '2021-07-15 19:57:10'),
	(98, 1, 'El usuario: Informatica Ha iniciado sesión', '2021-07-16 13:36:51'),
	(99, 1, 'El usuario: Informatica Ha iniciado sesión', '2021-07-16 13:40:53'),
	(100, 1, 'El usuario: Informatica Ha iniciado sesión', '2021-07-16 20:25:27'),
	(101, 1, 'El usuario: Informatica agrego la compra con Id = 11', '2021-07-16 22:06:49'),
	(102, 1, 'El usuario: Informatica agrego medicamentos a la factura con Id = 11', '2021-07-16 22:08:02'),
	(103, 1, 'El usuario: Informatica agrego medicamentos a la factura con Id = 11', '2021-07-16 22:09:35'),
	(104, 1, 'El usuario: Informatica Ha iniciado sesión', '2021-07-17 14:20:23'),
	(105, 1, 'El usuario: Informatica agrego la compra con Id = 12', '2021-07-17 14:28:06'),
	(106, 1, 'El usuario: Informatica agrego medicamentos a la factura con Id = 12', '2021-07-17 14:28:57'),
	(107, 1, 'El usuario: Informatica agrego medicamentos a la factura con Id = 12', '2021-07-17 14:52:47'),
	(108, 1, 'El usuario: Informatica agrego medicamentos a la factura con Id = 12', '2021-07-17 14:58:29'),
	(109, 1, 'El usuario: Informatica agrego medicamentos a la factura con Id = 12', '2021-07-17 15:22:11'),
	(110, 1, 'El usuario: Informatica agrego medicamentos a la factura con Id = 12', '2021-07-17 15:22:36'),
	(111, 1, 'El usuario: Informatica agrego medicamentos a la factura con Id = 12', '2021-07-17 16:11:07'),
	(112, 1, 'El usuario: Informatica Creo la hoja de cobro con ID = 33 corespondiente al paciente Juan Carlos Aguirre', '2021-07-19 14:05:53'),
	(113, 1, 'El usuario: Informatica Ha iniciado sesión', '2021-07-19 17:35:32'),
	(114, 1, 'El usuario: Informatica Creo el recibo = 25', '2021-07-20 16:01:30'),
	(115, 1, 'El usuario: Informatica Ha iniciado sesión', '2021-07-20 17:16:29'),
	(116, 1, 'El usuario: Informatica Ha iniciado sesión', '2021-07-20 22:04:59'),
	(117, 1, 'El usuario: Informatica Ha iniciado sesión', '2021-07-26 20:49:44'),
	(118, 5, 'El usuario: ELENA CRUZ Ha iniciado sesión', '2021-07-26 20:50:06'),
	(119, 1, 'El usuario: Informatica Ha iniciado sesión', '2021-07-27 13:45:02'),
	(120, 1, 'El usuario: Informatica Ha iniciado sesión', '2021-07-27 14:44:40'),
	(121, 1, 'El usuario: Informatica Ha iniciado sesión', '2021-07-27 20:02:05'),
	(122, 1, 'El usuario: Informatica Ha iniciado sesión', '2021-07-27 20:08:28'),
	(123, 1, 'El usuario: Informatica Ha iniciado sesión', '2021-07-28 13:41:27'),
	(124, 1, 'El usuario: Informatica Ha iniciado sesión', '2021-07-30 14:06:52'),
	(125, 11, 'El usuario: LABORATORIO Ha iniciado sesión', '2021-07-30 14:09:49'),
	(126, 1, 'El usuario: Informatica Ha iniciado sesión', '2021-07-31 14:15:26'),
	(127, 1, 'El usuario: Informatica Ha iniciado sesión', '2021-08-02 14:30:57'),
	(128, 1, 'El usuario: Informatica Creo la hoja de cobro con ID = 34 corespondiente al paciente Edwin Orantes', '2021-08-09 17:39:17'),
	(129, 11, 'El usuario: LABORATORIO Ha iniciado sesión', '2021-08-10 14:31:00'),
	(130, 11, 'El usuario: LABORATORIO Creo la hoja de cobro con ID = 1 corespondiente al paciente Victor Valdez', '2021-08-10 14:48:31'),
	(131, 11, 'El usuario: LABORATORIO Creo la hoja de cobro con ID = 2 corespondiente al paciente Claudio Bravo', '2021-08-10 15:11:40'),
	(132, 11, 'El usuario: LABORATORIO Ha iniciado sesión', '2021-08-10 16:22:03'),
	(133, 11, 'El usuario: LABORATORIO Ha iniciado sesión', '2021-08-16 16:56:35'),
	(134, 1, 'El usuario: Informatica Ha iniciado sesión', '2021-08-16 19:39:34'),
	(135, 11, 'El usuario: LABORATORIO Ha iniciado sesión', '2021-08-16 21:33:42'),
	(136, 11, 'El usuario: LABORATORIO Ha iniciado sesión', '2021-08-11 14:19:51'),
	(137, 1, 'El usuario: Informatica Ha iniciado sesión', '2021-08-11 16:41:03'),
	(138, 11, 'El usuario: LABORATORIO Ha iniciado sesión', '2021-08-11 22:06:08'),
	(139, 11, 'El usuario: LABORATORIO Ha iniciado sesión', '2021-08-12 13:35:49'),
	(140, 11, 'El usuario: LABORATORIO Creo la hoja de cobro con ID = 3 corespondiente al paciente Federico Escava', '2021-08-12 13:38:15'),
	(141, 11, 'El usuario: LABORATORIO Ha iniciado sesión', '2021-08-12 14:44:05'),
	(142, 11, 'El usuario: LABORATORIO Ha iniciado sesión', '2021-08-12 16:20:55'),
	(143, 1, 'El usuario: Informatica Ha iniciado sesión', '2021-08-12 16:21:30'),
	(144, 1, 'El usuario: Informatica Ha iniciado sesión', '2021-08-12 17:04:52'),
	(145, 11, 'El usuario: LABORATORIO Ha iniciado sesión', '2021-08-13 13:46:07'),
	(146, 11, 'El usuario: LABORATORIO Ha iniciado sesión', '2021-08-13 15:52:08'),
	(147, 11, 'El usuario: LABORATORIO Ha iniciado sesión', '2021-08-13 20:47:32'),
	(148, 1, 'El usuario: Informatica Ha iniciado sesión', '2021-08-14 14:44:55'),
	(149, 11, 'El usuario: LABORATORIO Ha iniciado sesión', '2021-08-14 14:45:32'),
	(150, 11, 'El usuario: LABORATORIO Ha iniciado sesión', '2021-08-17 13:32:02'),
	(151, 1, 'El usuario: Informatica Ha iniciado sesión', '2021-08-19 13:16:38'),
	(152, 1, 'El usuario: Informatica Ha iniciado sesión', '2021-08-19 14:29:28'),
	(153, 11, 'El usuario: LABORATORIO Ha iniciado sesión', '2021-08-19 14:29:49'),
	(154, 11, 'El usuario: LABORATORIO Ha iniciado sesión', '2021-08-19 14:58:20'),
	(155, 1, 'El usuario: Informatica Ha iniciado sesión', '2021-08-19 17:20:52'),
	(156, 1, 'El usuario: Informatica Ha iniciado sesión', '2021-08-20 14:03:22'),
	(157, 11, 'El usuario: LABORATORIO Ha iniciado sesión', '2021-08-20 14:24:03'),
	(158, 11, 'El usuario: LABORATORIO Ha iniciado sesión', '2021-08-20 19:37:36'),
	(159, 11, 'El usuario: LABORATORIO Ha iniciado sesión', '2021-08-21 13:22:27'),
	(160, 11, 'El usuario: LABORATORIO Ha iniciado sesión', '2021-08-23 14:05:52'),
	(161, 1, 'El usuario: Informatica Ha iniciado sesión', '2021-08-23 16:11:33'),
	(162, 11, 'El usuario: LABORATORIO Ha iniciado sesión', '2021-08-23 19:42:07'),
	(163, 11, 'El usuario: LABORATORIO Ha iniciado sesión', '2021-08-23 20:44:02'),
	(164, 1, 'El usuario: Informatica Ha iniciado sesión', '2021-08-24 14:29:16'),
	(165, 11, 'El usuario: LABORATORIO Ha iniciado sesión', '2021-08-24 14:33:43'),
	(166, 11, 'El usuario: LABORATORIO Ha iniciado sesión', '2021-08-24 21:46:01'),
	(167, 11, 'El usuario: LABORATORIO Ha iniciado sesión', '2021-08-24 22:04:08'),
	(168, 11, 'El usuario: LABORATORIO Ha iniciado sesión', '2021-08-25 13:43:24'),
	(169, 11, 'El usuario: LABORATORIO Creo la hoja de cobro con ID = 4 corespondiente al paciente WENDY DEL CARMEN SERPAS', '2021-08-25 14:20:30'),
	(170, 11, 'El usuario: LABORATORIO Ha iniciado sesión', '2021-08-25 14:32:50'),
	(171, 11, 'El usuario: LABORATORIO Ha iniciado sesión', '2021-08-26 20:49:49'),
	(172, 11, 'El usuario: LABORATORIO Ha iniciado sesión', '2021-08-25 21:12:20'),
	(173, 11, 'El usuario: LABORATORIO Ha iniciado sesión', '2021-08-26 16:25:40'),
	(174, 11, 'El usuario: LABORATORIO Ha iniciado sesión', '2021-09-26 17:07:27'),
	(175, 11, 'El usuario: LABORATORIO Ha iniciado sesión', '2021-08-27 13:37:46'),
	(176, 11, 'El usuario: LABORATORIO Creo la hoja de cobro con ID = 5 corespondiente al paciente Leonel Ronaldo', '2021-08-26 14:23:59'),
	(177, 11, 'El usuario: LABORATORIO Ha iniciado sesión', '2021-08-27 14:25:02'),
	(178, 11, 'El usuario: LABORATORIO Creo la hoja de cobro con ID = 6 corespondiente al paciente Pedro del Valle', '2021-08-27 15:26:46'),
	(179, 11, 'El usuario: LABORATORIO Creo el recibo = 26', '2021-08-27 19:40:59'),
	(180, 11, 'El usuario: LABORATORIO Ha iniciado sesión', '2021-08-27 19:43:41'),
	(181, 11, 'El usuario: LABORATORIO Creo la hoja de cobro con ID = 40 corespondiente al paciente Edwin Orantes', '2021-08-27 19:49:31'),
	(182, 11, 'El usuario: LABORATORIO Ha iniciado sesión', '2021-08-27 21:55:53'),
	(183, 1, 'El usuario: Informatica Ha iniciado sesión', '2021-08-31 14:06:33'),
	(184, 1, 'El usuario: Informatica Ha iniciado sesión', '2021-08-31 14:24:43'),
	(185, 11, 'El usuario: LABORATORIO Ha iniciado sesión', '2021-09-10 17:56:06'),
	(186, 11, 'El usuario: LABORATORIO Ha iniciado sesión', '2021-09-10 17:58:08'),
	(187, 1, 'El usuario: Informatica Ha iniciado sesión', '2021-09-10 19:26:01'),
	(188, 1, 'El usuario: Informatica Ha iniciado sesión', '2021-09-10 21:33:26'),
	(189, 1, 'El usuario: Informatica Ha iniciado sesión', '2021-09-10 21:57:19'),
	(190, 1, 'El usuario: Informatica Ha iniciado sesión', '2021-09-10 22:15:58'),
	(191, 1, 'El usuario: Informatica Ha iniciado sesión', '2021-09-11 14:07:30'),
	(192, 1, 'El usuario: Informatica Ha iniciado sesión', '2021-09-11 14:16:27'),
	(193, 1, 'El usuario: Informatica Ha iniciado sesión', '2021-09-11 16:14:20'),
	(194, 1, 'El usuario: Informatica Ha iniciado sesión', '2021-09-11 16:41:56'),
	(195, 1, 'El usuario: Informatica Ha iniciado sesión', '2021-09-11 16:57:43'),
	(196, 1, 'El usuario: Informatica Ha iniciado sesión', '2021-09-13 14:45:09'),
	(197, 1, 'El usuario: Informatica Ha iniciado sesión', '2021-09-13 15:14:11'),
	(198, 1, 'El usuario: Informatica Ha iniciado sesión', '2021-09-13 15:28:56'),
	(199, 1, 'El usuario: Informatica Ha iniciado sesión', '2021-09-13 15:45:33'),
	(200, 1, 'El usuario: Informatica Ha iniciado sesión', '2021-09-13 21:39:32'),
	(201, 1, 'El usuario: Informatica Ha iniciado sesión', '2021-09-14 14:42:32'),
	(202, 1, 'El usuario: Informatica Ha iniciado sesión', '2021-09-18 16:26:25'),
	(203, 1, 'El usuario: Informatica Ha iniciado sesión', '2021-09-18 16:50:50'),
	(204, 1, 'El usuario: Informatica Ha iniciado sesión', '2021-09-18 16:56:08'),
	(205, 1, 'El usuario: Informatica Ha iniciado sesión', '2021-09-20 13:49:44'),
	(206, 1, 'El usuario: Informatica Ha iniciado sesión', '2021-09-20 17:38:35'),
	(207, 1, 'El usuario: Informatica Ha iniciado sesión', '2021-09-20 20:18:15'),
	(208, 1, 'El usuario: Informatica Ha iniciado sesión', '2021-09-21 14:05:18'),
	(209, 1, 'El usuario: Informatica Ha iniciado sesión', '2021-09-21 19:54:12'),
	(210, 1, 'El usuario: Informatica Ha iniciado sesión', '2021-09-22 21:01:31'),
	(211, 1, 'El usuario: Informatica Ha iniciado sesión', '2021-09-24 14:46:01'),
	(212, 1, 'El usuario: Informatica Ha iniciado sesión', '2021-09-24 17:08:42'),
	(213, 1, 'El usuario: Informatica Ha iniciado sesión', '2021-09-24 17:22:39'),
	(214, 1, 'El usuario: Informatica Ha iniciado sesión', '2021-09-25 14:47:15'),
	(215, 1, 'El usuario: Informatica Ha iniciado sesión', '2021-09-25 14:51:31'),
	(216, 1, 'El usuario: Informatica Ha iniciado sesión', '2021-09-25 17:20:45'),
	(217, 1, 'El usuario: Informatica Ha iniciado sesión', '2021-09-25 17:55:55'),
	(218, 11, 'El usuario: LABORATORIO Ha iniciado sesión', '2021-09-27 14:28:58'),
	(219, 1, 'El usuario: Informatica Ha iniciado sesión', '2021-09-27 15:31:12'),
	(220, 1, 'El usuario: Informatica agrego medicamentos a la factura con Id = 7', '2021-09-27 16:46:44'),
	(221, 1, 'El usuario: Informatica agrego medicamentos a la factura con Id = 7', '2021-09-27 16:47:01'),
	(222, 1, 'El usuario: Informatica agrego medicamentos a la factura con Id = 7', '2021-09-27 16:47:55'),
	(223, 1, 'El usuario: Informatica Ha iniciado sesión', '2021-09-27 20:03:37'),
	(224, 1, 'El usuario: Informatica Ha iniciado sesión', '2021-09-27 20:11:22'),
	(225, 11, 'El usuario: LABORATORIO Ha iniciado sesión', '2021-09-27 21:35:28'),
	(226, 1, 'El usuario: Informatica Ha iniciado sesión', '2021-10-01 20:51:45'),
	(227, 1, 'El usuario: Informatica Ha iniciado sesión', '2021-10-01 20:52:54'),
	(228, 1, 'El usuario: Informatica Ha iniciado sesión', '2021-10-02 14:47:39'),
	(229, 1, 'El usuario: Informatica Ha iniciado sesión', '2021-10-09 17:14:23'),
	(230, 11, 'El usuario: LABORATORIO Ha iniciado sesión', '2021-10-11 21:40:13'),
	(231, 1, 'El usuario: Informatica Ha iniciado sesión', '2021-10-13 13:49:15'),
	(232, 1, 'El usuario: Informatica Ha iniciado sesión', '2021-10-13 15:09:31'),
	(233, 1, 'El usuario: Informatica Ha iniciado sesión', '2021-10-13 16:16:59'),
	(234, 1, 'El usuario: Informatica Ha iniciado sesión', '2021-10-13 20:41:18'),
	(235, 1, 'El usuario: Informatica Ha iniciado sesión', '2021-09-30 21:41:35'),
	(236, 1, 'El usuario: Informatica Ha iniciado sesión', '2021-10-13 22:23:18'),
	(237, 1, 'El usuario: Informatica Ha iniciado sesión', '2021-10-14 13:34:12'),
	(238, 11, 'El usuario: LABORATORIO Ha iniciado sesión', '2021-10-14 14:30:35'),
	(239, 11, 'El usuario: LABORATORIO Creo la hoja de cobro con ID = 1 corespondiente al paciente test', '2021-10-14 14:32:00'),
	(240, 11, 'El usuario: LABORATORIO Ha iniciado sesión', '2021-10-14 15:09:12'),
	(241, 11, 'El usuario: LABORATORIO Ha iniciado sesión', '2021-10-14 15:56:09'),
	(242, 11, 'El usuario: LABORATORIO Ha iniciado sesión', '2021-10-14 17:10:07'),
	(243, 11, 'El usuario: LABORATORIO Ha iniciado sesión', '2021-10-14 19:27:41'),
	(244, 1, 'El usuario: Informatica Ha iniciado sesión', '2021-10-14 19:38:38'),
	(245, 1, 'El usuario: Informatica Ha iniciado sesión', '2021-10-14 22:07:54'),
	(246, 1, 'El usuario: Informatica Ha iniciado sesión', '2021-10-15 13:45:57'),
	(247, 11, 'El usuario: LABORATORIO Ha iniciado sesión', '2021-10-15 13:48:13'),
	(248, 11, 'El usuario: LABORATORIO Creo la hoja de cobro con ID = 2 corespondiente al paciente Flor de Maria Rivera', '2021-10-15 13:48:49'),
	(249, 11, 'El usuario: LABORATORIO Ha iniciado sesión', '2021-10-15 15:33:10'),
	(250, 11, 'El usuario: LABORATORIO Creo la hoja de cobro con ID = 3 corespondiente al paciente Mario Calles', '2021-10-15 16:25:55'),
	(251, 1, 'El usuario: Informatica Ha iniciado sesión', '2021-10-15 18:02:34'),
	(252, 11, 'El usuario: LABORATORIO Ha iniciado sesión', '2021-10-16 14:17:05'),
	(253, 1, 'El usuario: Informatica Ha iniciado sesión', '2021-10-16 16:17:29'),
	(254, 1, 'El usuario: Informatica Ha iniciado sesión', '2021-10-16 16:57:11'),
	(255, 1, 'El usuario: Informatica Ha iniciado sesión', '2021-10-18 14:36:23'),
	(256, 11, 'El usuario: LABORATORIO Ha iniciado sesión', '2021-10-19 13:32:14'),
	(257, 11, 'El usuario: LABORATORIO Ha iniciado sesión', '2021-10-21 13:58:08'),
	(258, 1, 'El usuario: Informatica Ha iniciado sesión', '2021-10-21 13:58:23'),
	(259, 11, 'El usuario: LABORATORIO Creo la hoja de cobro con ID = 4 corespondiente al paciente Edwin Orantes', '2021-10-21 14:51:27'),
	(260, 11, 'El usuario: LABORATORIO Creo la hoja de cobro con ID = 5 corespondiente al paciente Chico Flores', '2021-10-21 15:37:22'),
	(261, 11, 'El usuario: LABORATORIO Creo la hoja de cobro con ID = 6 corespondiente al paciente Claudia Patricia Garcia', '2021-10-21 20:21:31'),
	(262, 11, 'El usuario: LABORATORIO Ha iniciado sesión', '2021-10-21 21:04:13'),
	(263, 11, 'El usuario: LABORATORIO Ha iniciado sesión', '2021-10-22 14:09:38'),
	(264, 11, 'El usuario: LABORATORIO Ha iniciado sesión', '2021-10-22 15:50:14'),
	(265, 11, 'El usuario: LABORATORIO Ha iniciado sesión', '2021-10-22 16:52:13'),
	(266, 1, 'El usuario: Informatica Ha iniciado sesión', '2021-10-22 22:29:34'),
	(267, 1, 'El usuario: Informatica Ha iniciado sesión', '2021-10-25 19:56:18'),
	(268, 1, 'El usuario: Informatica Ha iniciado sesión', '2021-10-25 20:20:05'),
	(269, 1, 'El usuario: Informatica Ha iniciado sesión', '2021-10-25 20:21:10'),
	(270, 1, 'El usuario: Informatica Ha iniciado sesión', '2021-10-26 14:13:30'),
	(271, 1, 'El usuario: Informatica Anulo la hoja de cobro con ID = 40 corespondiente al paciente Edwin Orantes', '2021-10-26 14:42:47'),
	(272, 1, 'El usuario: Informatica Ha iniciado sesión', '2021-10-26 17:09:27'),
	(273, 1, 'El usuario: Informatica Ha iniciado sesión', '2021-10-26 20:01:46'),
	(274, 1, 'El usuario: Informatica Ha iniciado sesión', '2021-10-26 20:31:12'),
	(275, 11, 'El usuario: LABORATORIO Ha iniciado sesión', '2021-10-26 21:53:00'),
	(276, 1, 'El usuario: Informatica Ha iniciado sesión', '2021-10-26 22:20:15'),
	(277, 1, 'El usuario: Informatica Ha iniciado sesión', '2021-10-27 14:44:22'),
	(278, 11, 'El usuario: LABORATORIO Ha iniciado sesión', '2021-10-27 22:23:08'),
	(279, 1, 'El usuario: Informatica Ha iniciado sesión', '2021-10-28 15:52:56'),
	(280, 1, 'El usuario: Informatica agrego medicamentos a la factura con Id = 8', '2021-10-28 16:33:17'),
	(281, 1, 'El usuario: Informatica agrego medicamentos a la factura con Id = 8', '2021-10-28 16:38:02'),
	(282, 1, 'El usuario: Informatica agrego medicamentos a la factura con Id = 8', '2021-10-28 16:45:08'),
	(283, 1, 'El usuario: Informatica agrego medicamentos a la factura con Id = 8', '2021-10-28 16:52:58'),
	(284, 1, 'El usuario: Informatica Creo la hoja de cobro con ID = 43 corespondiente al paciente Luis Angel Firpo', '2021-10-28 16:54:17'),
	(285, 1, 'El usuario: Informatica Ha iniciado sesión', '2021-10-29 13:49:26'),
	(286, 1, 'El usuario: Informatica Ha iniciado sesión', '2021-10-29 20:27:19'),
	(287, 1, 'El usuario: Informatica Ha iniciado sesión', '2021-10-29 21:10:02'),
	(288, 1, 'El usuario: Informatica agrego medicamentos a la factura con Id = 8', '2021-10-29 21:24:55'),
	(289, 1, 'El usuario: Informatica Ha iniciado sesión', '2021-10-30 16:59:28'),
	(290, 1, 'El usuario: Informatica Ha iniciado sesión', '2021-11-06 15:25:23'),
	(291, 1, 'El usuario: Informatica Creo la hoja de cobro con ID = 45 corespondiente al paciente Francesco Totti', '2021-11-06 15:25:56'),
	(292, 1, 'El usuario: Informatica agrego la compra con Id = 13', '2021-11-06 15:51:08'),
	(293, 1, 'El usuario: Informatica agrego medicamentos a la factura con Id = 13', '2021-11-06 15:55:32'),
	(294, 1, 'El usuario: Informatica agrego medicamentos a la factura con Id = 13', '2021-11-06 16:44:56'),
	(295, 1, 'El usuario: Informatica Ha iniciado sesión', '2021-11-09 13:56:06'),
	(296, 1, 'El usuario: Informatica Creo la hoja de cobro con ID = 46 corespondiente al paciente Xavi Hernandez', '2021-11-10 15:50:21'),
	(297, 1, 'El usuario: Informatica Creo el recibo = 27', '2021-11-10 15:51:55'),
	(298, 1, 'El usuario: Informatica Ha iniciado sesión', '2021-11-12 20:25:29'),
	(299, 11, 'El usuario: LABORATORIO Ha iniciado sesión', '2021-11-13 13:52:37'),
	(300, 11, 'El usuario: LABORATORIO Creo la hoja de cobro con ID = 47 corespondiente al paciente MARIA JUANA SANCHEZ DE CARRANZA', '2021-11-13 13:56:49'),
	(301, 11, 'El usuario: LABORATORIO Creo el recibo = 28', '2021-11-13 13:57:37'),
	(302, 11, 'El usuario: LABORATORIO Creo la hoja de cobro con ID = 48 corespondiente al paciente DOMINGO ANTONIO CARRANZA', '2021-11-13 13:58:30'),
	(303, 11, 'El usuario: LABORATORIO Creo el recibo = 29', '2021-11-13 13:58:49'),
	(304, 11, 'El usuario: LABORATORIO Ha iniciado sesión', '2021-11-13 14:04:27'),
	(305, 1, 'El usuario: Informatica Ha iniciado sesión', '2021-11-15 16:11:07'),
	(306, 1, 'El usuario: Informatica Ha iniciado sesión', '2021-11-15 17:54:31'),
	(307, 1, 'El usuario: Informatica Ha iniciado sesión', '2021-11-16 16:42:37'),
	(308, 1, 'El usuario: Informatica Ha iniciado sesión', '2021-11-18 13:19:34'),
	(309, 1, 'El usuario: Informatica Ha iniciado sesión', '2021-11-18 17:16:44'),
	(310, 1, 'El usuario: Informatica Ha iniciado sesión', '2021-11-19 19:49:56'),
	(311, 1, 'El usuario: Informatica Ha iniciado sesión', '2021-11-19 19:50:14'),
	(312, 1, 'El usuario: Informatica Ha iniciado sesión', '2021-11-20 14:41:44'),
	(313, 11, 'El usuario: LABORATORIO Ha iniciado sesión', '2021-11-20 14:46:25'),
	(314, 1, 'El usuario: Informatica Ha iniciado sesión', '2021-11-24 16:57:49'),
	(315, 1, 'El usuario: Informatica agrego la compra con Id = 14', '2021-11-26 14:39:49'),
	(316, 11, 'El usuario: LABORATORIO Ha iniciado sesión', '2021-11-26 21:12:53'),
	(317, 11, 'El usuario: LABORATORIO Ha iniciado sesión', '2021-11-27 16:24:59'),
	(318, 1, 'El usuario: Informatica Ha iniciado sesión', '2021-11-27 17:24:49'),
	(319, 1, 'El usuario: Informatica Ha iniciado sesión', '2021-11-29 13:41:01'),
	(320, 1, 'El usuario: Informatica Ha iniciado sesión', '2021-11-29 14:22:28'),
	(321, 1, 'El usuario: Informatica Ha iniciado sesión', '2021-11-29 17:40:20'),
	(322, 1, 'El usuario: Informatica Ha iniciado sesión', '2021-11-29 17:49:51'),
	(323, 1, 'El usuario: Informatica Ha iniciado sesión', '2021-11-29 18:15:18'),
	(324, 1, 'El usuario: Informatica Ha iniciado sesión', '2021-11-29 19:23:27'),
	(325, 1, 'El usuario: Informatica Ha iniciado sesión', '2021-11-29 20:00:55'),
	(326, 1, 'El usuario: Informatica Ha iniciado sesión', '2021-11-30 14:53:35'),
	(327, 1, 'El usuario: Informatica Ha iniciado sesión', '2021-11-30 18:07:46'),
	(328, 1, 'El usuario: Informatica Ha iniciado sesión', '2021-11-30 20:23:25'),
	(329, 1, 'El usuario: Informatica Ha iniciado sesión', '2021-12-01 13:31:49'),
	(330, 1, 'El usuario: Informatica Ha iniciado sesión', '2021-12-01 13:50:06'),
	(331, 1, 'El usuario: Informatica Ha iniciado sesión', '2021-12-01 21:00:36'),
	(332, 1, 'El usuario: Informatica Ha iniciado sesión', '2021-12-02 21:20:22'),
	(333, 1, 'El usuario: Informatica Ha iniciado sesión', '2021-12-03 13:55:08'),
	(334, 1, 'El usuario: Informatica Ha iniciado sesión', '2021-12-04 14:56:38'),
	(335, 8, 'El usuario: 8 Ha iniciado sesión', '2021-12-04 14:58:18'),
	(336, 1, 'El usuario: 1 Ha iniciado sesión', '2021-12-06 20:12:55'),
	(337, 1, 'El usuario: Informatica Creo la hoja de cobro con ID = 49 corespondiente al paciente Kriscia Segovia', '2021-12-06 21:32:25'),
	(338, 1, 'El usuario: Informatica Creo la hoja de cobro con ID = 50 corespondiente al paciente Oscar Segovia', '2021-12-06 21:33:52'),
	(339, 1, 'El usuario: Informatica Creo el recibo = 30', '2021-12-06 21:35:03'),
	(340, 1, 'El usuario: Informatica Creo el recibo = 31', '2021-12-06 21:35:15'),
	(341, 1, 'El usuario: 1 Ha iniciado sesión', '2021-12-07 13:38:35'),
	(342, 1, 'El usuario: 1 Ha iniciado sesión', '2021-12-07 14:06:59'),
	(343, 1, 'El usuario: 1 Ha iniciado sesión', '2021-12-07 17:35:48'),
	(344, 1, 'El usuario: 1 Ha iniciado sesión', '2021-12-07 21:17:08'),
	(345, 1, 'El usuario: 1 Ha iniciado sesión', '2021-12-09 13:43:18'),
	(346, 1, 'El usuario: 1 Ha iniciado sesión', '2021-12-09 14:08:40'),
	(347, 1, 'El usuario: 1 Ha iniciado sesión', '2021-12-11 14:23:32'),
	(348, 1, 'El usuario: 1 Ha iniciado sesión', '2021-12-16 13:35:52'),
	(349, 1, 'El usuario: 1 Ha iniciado sesión', '2021-12-16 13:42:07'),
	(350, 1, 'El usuario: 1 Ha iniciado sesión', '2021-12-16 16:31:49'),
	(351, 1, 'El usuario: 1 Ha iniciado sesión', '2021-12-16 16:37:40'),
	(352, 1, 'El usuario: 1 Ha iniciado sesión', '2021-12-17 19:54:44'),
	(353, 1, 'El usuario: Informatica agrego la compra con Id = 15', '2021-12-22 14:14:13'),
	(354, 1, 'El usuario: 1 Ha iniciado sesión', '2021-12-22 14:28:28'),
	(355, 1, 'El usuario: 1 Ha iniciado sesión', '2021-12-22 17:06:49'),
	(356, 1, 'El usuario: 1 Ha iniciado sesión', '2021-12-23 14:36:00'),
	(357, 1, 'El usuario: Informatica agrego la compra con Id = 16', '2022-01-04 21:58:56'),
	(358, 1, 'El usuario: Informatica agrego la compra con Id = 17', '2022-01-04 22:00:54'),
	(359, 1, 'El usuario: 1 Ha iniciado sesión', '2022-01-05 20:53:47'),
	(360, 1, 'El usuario: 1 Ha iniciado sesión', '2022-01-06 13:53:02'),
	(361, 1, 'El usuario: Informatica Creo la hoja de cobro con ID = 51 corespondiente al paciente Kriscia Segovia', '2022-01-06 15:25:57'),
	(362, 1, 'El usuario: Informatica Creo la hoja de cobro con ID = 52 corespondiente al paciente Iveth de Garcia', '2022-01-06 15:29:53'),
	(363, 1, 'El usuario: Informatica Creo la hoja de cobro con ID = 53 corespondiente al paciente Edwin Orantes', '2022-01-06 15:31:48'),
	(364, 1, 'El usuario: Informatica Creo la hoja de cobro con ID = 54 corespondiente al paciente WENDY DEL CARMEN SERPAS', '2022-01-06 15:53:41'),
	(365, 1, 'El usuario: Informatica Creo la hoja de cobro con ID = 55 corespondiente al paciente Martha Sanchez', '2022-01-06 15:54:57'),
	(366, 1, 'El usuario: Informatica Creo el recibo = 32', '2022-01-06 17:57:08'),
	(367, 1, 'El usuario: Informatica Ha iniciado sesión', '2022-01-07 13:55:47'),
	(368, 1, 'El usuario: Informatica Creo el recibo = 33', '2022-01-07 15:18:36'),
	(369, 1, 'El usuario: Informatica Ha iniciado sesión', '2022-01-07 20:27:34'),
	(370, 11, 'El usuario: LABORATORIO Ha iniciado sesión', '2022-01-07 20:34:46'),
	(371, 11, 'El usuario: LABORATORIO Ha iniciado sesión', '2022-01-07 20:40:42'),
	(372, 1, 'El usuario: Informatica Ha iniciado sesión', '2022-01-08 15:09:16'),
	(373, 1, 'El usuario: Informatica Ha iniciado sesión', '2022-01-08 15:57:53'),
	(374, 1, 'El usuario: Informatica Ha iniciado sesión', '2022-01-10 14:45:07'),
	(375, 1, 'El usuario: Informatica Ha iniciado sesión', '2022-01-10 17:36:26'),
	(376, 1, 'El usuario: Informatica Ha iniciado sesión', '2022-01-10 19:49:54'),
	(377, 1, 'El usuario: Informatica Ha iniciado sesión', '2022-01-11 13:54:56'),
	(378, 11, 'El usuario: LABORATORIO Ha iniciado sesión', '2022-01-11 16:25:13'),
	(379, 1, 'El usuario: Informatica Ha iniciado sesión', '2022-01-12 14:06:06'),
	(380, 1, 'El usuario: Informatica Ha iniciado sesión', '2022-01-12 14:58:07'),
	(381, 1, 'El usuario: Informatica Ha iniciado sesión', '2022-01-12 16:02:55'),
	(382, 1, 'El usuario: Informatica Ha iniciado sesión', '2022-01-13 14:02:00'),
	(383, 1, 'El usuario: Informatica Ha iniciado sesión', '2022-01-13 15:44:42'),
	(384, 1, 'El usuario: Informatica Ha iniciado sesión', '2022-01-13 20:22:00'),
	(385, 1, 'El usuario: Informatica Ha iniciado sesión', '2022-01-13 20:23:21'),
	(386, 1, 'El usuario: Informatica Ha iniciado sesión', '2022-01-14 16:28:48'),
	(387, 1, 'El usuario: Informatica Ha iniciado sesión', '2022-01-14 16:44:43'),
	(388, 1, 'El usuario: Informatica Ha iniciado sesión', '2022-01-14 20:59:19'),
	(389, 1, 'El usuario: Informatica Ha iniciado sesión', '2022-01-14 16:31:12'),
	(390, 1, 'El usuario: Informatica Ha iniciado sesión', '2022-01-14 22:04:02'),
	(391, 1, 'El usuario: Informatica Ha iniciado sesión', '2022-01-15 13:58:15'),
	(392, 1, 'El usuario: Informatica Ha iniciado sesión', '2022-01-24 13:30:24'),
	(393, 1, 'El usuario: Informatica Ha iniciado sesión', '2022-01-24 20:31:53'),
	(394, 11, 'El usuario: LABORATORIO Ha iniciado sesión', '2022-01-24 20:36:08'),
	(395, 1, 'El usuario: Informatica Ha iniciado sesión', '2022-01-24 20:41:03'),
	(396, 1, 'El usuario: Informatica Ha iniciado sesión', '2022-01-25 13:49:55'),
	(397, 1, 'El usuario: Informatica Ha iniciado sesión', '2022-01-26 14:01:16'),
	(398, 1, 'El usuario: Informatica Ha iniciado sesión', '2022-02-01 20:26:39'),
	(399, 1, 'El usuario: Informatica Ha iniciado sesión', '2022-02-01 22:30:17'),
	(400, 1, 'El usuario: Informatica Ha iniciado sesión', '2022-02-02 14:27:33'),
	(401, 1, 'El usuario: Informatica Ha iniciado sesión', '2022-02-07 20:12:12'),
	(402, 1, 'El usuario: Informatica Ha iniciado sesión', '2022-02-12 14:57:26'),
	(403, 1, 'El usuario: Informatica Ha iniciado sesión', '2022-02-14 17:36:00'),
	(404, 1, 'El usuario: Informatica Ha iniciado sesión', '2022-02-15 13:38:23'),
	(405, 1, 'El usuario: Informatica Ha iniciado sesión', '2022-02-15 15:59:10'),
	(406, 1, 'El usuario: Informatica Ha iniciado sesión', '2022-02-15 20:44:56'),
	(407, 1, 'El usuario: Informatica Ha iniciado sesión', '2022-02-16 14:08:09'),
	(408, 1, 'El usuario: Informatica Ha iniciado sesión', '2022-02-16 16:50:19'),
	(409, 1, 'El usuario: Informatica Ha iniciado sesión', '2022-02-17 14:41:01'),
	(410, 1, 'El usuario: Informatica Ha iniciado sesión', '2022-02-17 22:23:26'),
	(411, 1, 'El usuario: Informatica Ha iniciado sesión', '2022-02-18 14:02:06'),
	(412, 1, 'El usuario: Informatica Ha iniciado sesión', '2022-02-19 17:18:19'),
	(413, 1, 'El usuario: Informatica Ha iniciado sesión', '2022-02-21 18:20:01'),
	(414, 1, 'El usuario: Informatica Ha iniciado sesión', '2022-02-21 21:07:02'),
	(415, 1, 'El usuario: Informatica Ha iniciado sesión', '2022-02-22 14:09:58'),
	(416, 1, 'El usuario: Informatica Ha iniciado sesión', '2022-02-22 16:42:39'),
	(417, 1, 'El usuario: Informatica Ha iniciado sesión', '2022-02-23 15:09:39'),
	(418, 1, 'El usuario: Informatica Ha iniciado sesión', '2022-02-23 15:57:15'),
	(419, 1, 'El usuario: Informatica Ha iniciado sesión', '2022-02-26 14:33:46'),
	(420, 1, 'El usuario: Informatica Ha iniciado sesión', '2022-03-02 20:17:25'),
	(421, 1, 'El usuario: Informatica Ha iniciado sesión', '2022-03-07 22:15:39'),
	(422, 1, 'El usuario: Informatica Ha iniciado sesión', '2022-03-08 18:08:58'),
	(423, 1, 'El usuario: Informatica Ha iniciado sesión', '2022-04-01 15:53:59'),
	(424, 1, 'El usuario: Informatica Ha iniciado sesión', '2022-04-02 15:57:29'),
	(425, 1, 'El usuario: Informatica Ha iniciado sesión', '2022-04-12 03:00:26'),
	(426, 1, 'El usuario: Informatica Ha iniciado sesión', '2022-04-12 05:01:27'),
	(427, 1, 'El usuario: Informatica Ha iniciado sesión', '2022-04-12 05:01:54'),
	(428, 1, 'El usuario: Informatica Ha iniciado sesión', '2022-03-14 17:29:03'),
	(429, 1, 'El usuario: Informatica Ha iniciado sesión', '2022-03-15 17:40:39'),
	(430, 1, 'El usuario: Informatica Ha iniciado sesión', '2022-03-15 20:23:19'),
	(431, 1, 'El usuario: Informatica Ha iniciado sesión', '2022-03-15 13:36:42'),
	(432, 1, 'El usuario: Informatica Ha iniciado sesión', '2022-03-15 20:33:38'),
	(433, 1, 'El usuario: Informatica Ha iniciado sesión', '2022-03-16 13:58:02'),
	(434, 1, 'El usuario: Informatica Ha iniciado sesión', '2022-03-24 15:28:30'),
	(435, 1, 'El usuario: Informatica Ha iniciado sesión', '2022-03-24 16:03:46'),
	(436, 1, 'El usuario: Informatica Ha iniciado sesión', '2022-03-25 16:22:11'),
	(437, 1, 'El usuario: Informatica Ha iniciado sesión', '2022-03-31 14:01:36'),
	(438, 1, 'Creo el paquete con ID =9', '2022-03-31 20:31:07'),
	(439, 1, 'El usuario Informatica creo el paquete con ID =10', '2022-03-31 20:33:56'),
	(440, 1, 'El usuario: Informatica Ha iniciado sesión', '2022-03-31 20:48:37'),
	(441, 1, 'El usuario: Informatica Ha iniciado sesión', '2022-04-01 14:00:17'),
	(442, 1, 'El usuario: Informatica Ha iniciado sesión', '2022-04-02 14:31:35'),
	(443, 1, 'El usuario: Informatica Ha iniciado sesión', '2022-04-04 13:36:48'),
	(444, 1, 'El usuario: Informatica Ha iniciado sesión', '2022-04-04 14:12:23'),
	(445, 1, 'El usuario: Informatica Ha iniciado sesión', '2022-04-13 17:08:04'),
	(446, 1, 'El usuario: Informatica Ha iniciado sesión', '2022-04-18 13:43:19'),
	(447, 1, 'El usuario: Informatica Ha iniciado sesión', '2022-04-20 14:47:22'),
	(448, 1, 'El usuario: Informatica Ha iniciado sesión', '2022-04-20 20:34:58'),
	(449, 1, 'El usuario: Informatica Ha iniciado sesión', '2022-04-21 14:10:32'),
	(450, 1, 'El usuario: Informatica Ha iniciado sesión', '2022-04-21 15:40:54'),
	(451, 1, 'El usuario: Informatica Ha iniciado sesión', '2022-04-23 15:55:58'),
	(452, 1, 'El usuario: Informatica Ha iniciado sesión', '2022-04-26 13:51:55'),
	(453, 1, 'El usuario: Informatica Ha iniciado sesión', '2022-04-26 22:18:29'),
	(454, 1, 'El usuario: Informatica Ha iniciado sesión', '2022-04-27 14:05:22'),
	(455, 1, 'El usuario: Informatica Ha iniciado sesión', '2022-04-28 16:44:33'),
	(456, 1, 'El usuario: Informatica Ha iniciado sesión', '2022-04-28 20:15:30'),
	(457, 1, 'El usuario: Informatica Ha iniciado sesión', '2022-04-29 14:12:08'),
	(458, 1, 'El usuario: Informatica Ha iniciado sesión', '2022-04-29 16:43:19'),
	(459, 1, 'El usuario: Informatica Ha iniciado sesión', '2022-05-06 14:33:11'),
	(460, 1, 'El usuario: Informatica Ha iniciado sesión', '2022-05-09 13:47:56'),
	(461, 1, 'El usuario: Informatica Ha iniciado sesión', '2022-05-11 13:41:17'),
	(462, 1, 'El usuario: Informatica Ha iniciado sesión', '2022-05-16 14:00:17'),
	(463, 1, 'El usuario: Informatica Ha iniciado sesión', '2022-05-17 02:33:07'),
	(464, 1, 'El usuario: Informatica Ha iniciado sesión', '2022-05-17 13:16:22'),
	(465, 1, 'El usuario: Informatica Ha iniciado sesión', '2022-05-20 16:06:24'),
	(466, 11, 'El usuario: LABORATORIO Ha iniciado sesión', '2022-05-20 16:07:04'),
	(467, 1, 'El usuario: Informatica Ha iniciado sesión', '2022-05-20 20:09:32'),
	(468, 11, 'El usuario: LABORATORIO Ha iniciado sesión', '2022-05-20 20:18:52'),
	(469, 1, 'El usuario: Informatica Ha iniciado sesión', '2022-05-21 14:13:33'),
	(470, 11, 'El usuario: LABORATORIO Ha iniciado sesión', '2022-05-21 14:25:14'),
	(471, 1, 'El usuario: Informatica Ha iniciado sesión', '2022-05-23 14:06:21'),
	(472, 11, 'El usuario: LABORATORIO Ha iniciado sesión', '2022-05-23 14:08:30'),
	(473, 1, 'El usuario: Informatica Ha iniciado sesión', '2022-05-23 15:13:56'),
	(474, 1, 'El usuario: Informatica Ha iniciado sesión', '2022-05-23 22:05:18'),
	(475, 11, 'El usuario: LABORATORIO Ha iniciado sesión', '2022-05-23 22:06:08'),
	(476, 1, 'El usuario: Informatica Ha iniciado sesión', '2022-05-24 13:36:59'),
	(477, 11, 'El usuario: LABORATORIO Ha iniciado sesión', '2022-05-24 16:55:14'),
	(478, 1, 'El usuario: Informatica Ha iniciado sesión', '2022-05-24 20:14:56'),
	(479, 11, 'El usuario: LABORATORIO Ha iniciado sesión', '2022-05-24 20:17:03'),
	(480, 11, 'El usuario: LABORATORIO Ha iniciado sesión', '2022-05-25 16:31:21'),
	(481, 1, 'El usuario: Informatica Ha iniciado sesión', '2022-05-25 16:31:45'),
	(482, 11, 'El usuario: LABORATORIO Ha iniciado sesión', '2022-05-25 16:32:40'),
	(483, 1, 'El usuario: Informatica Ha iniciado sesión', '2022-05-26 13:52:30'),
	(484, 11, 'El usuario: LABORATORIO Ha iniciado sesión', '2022-05-26 14:04:14'),
	(485, 11, 'El usuario: LABORATORIO Ha iniciado sesión', '2022-05-27 16:53:10'),
	(486, 1, 'El usuario: Informatica Ha iniciado sesión', '2022-05-27 20:09:40'),
	(487, 11, 'El usuario: LABORATORIO Ha iniciado sesión', '2022-05-27 20:11:18'),
	(488, 11, 'El usuario: LABORATORIO Ha iniciado sesión', '2022-05-28 14:09:48'),
	(489, 1, 'El usuario: Informatica Ha iniciado sesión', '2022-05-30 13:53:22'),
	(490, 11, 'El usuario: LABORATORIO Ha iniciado sesión', '2022-05-30 14:14:10'),
	(491, 11, 'El usuario: LABORATORIO Ha iniciado sesión', '2022-05-30 17:24:28'),
	(492, 11, 'El usuario: LABORATORIO Ha iniciado sesión', '2022-05-30 21:36:56'),
	(493, 11, 'El usuario: LABORATORIO Ha iniciado sesión', '2022-05-31 14:50:22'),
	(494, 11, 'El usuario: LABORATORIO Ha iniciado sesión', '2022-06-03 21:43:16'),
	(495, 11, 'El usuario: LABORATORIO Ha iniciado sesión', '2022-06-04 14:25:45'),
	(496, 1, 'El usuario: Informatica Ha iniciado sesión', '2022-06-04 14:30:38'),
	(497, 1, 'El usuario: Informatica Ha iniciado sesión', '2022-06-06 21:54:04'),
	(498, 11, 'El usuario: LABORATORIO Ha iniciado sesión', '2022-06-08 14:19:45'),
	(499, 11, 'El usuario: LABORATORIO Ha iniciado sesión', '2022-06-09 14:13:29'),
	(500, 11, 'El usuario: LABORATORIO Ha iniciado sesión', '2022-06-09 17:07:24'),
	(501, 11, 'El usuario: LABORATORIO Ha iniciado sesión', '2022-06-10 17:11:41'),
	(502, 11, 'El usuario: LABORATORIO Ha iniciado sesión', '2022-06-11 15:58:18'),
	(503, 11, 'El usuario: LABORATORIO Ha iniciado sesión', '2022-06-13 14:00:15'),
	(504, 11, 'El usuario: LABORATORIO Creo la hoja de laboratorio con ID = 7 corespondiente al paciente Paolo Maldini', '2022-06-13 14:22:25'),
	(505, 11, 'El usuario: LABORATORIO Ha iniciado sesión', '2022-06-13 19:35:18'),
	(506, 11, 'El usuario: LABORATORIO Ha iniciado sesión', '2022-06-14 13:46:51'),
	(507, 11, 'El usuario: LABORATORIO Ha iniciado sesión', '2022-06-14 19:41:41'),
	(508, 11, 'El usuario: LABORATORIO Ha iniciado sesión', '2022-06-15 14:34:56'),
	(509, 11, 'El usuario: LABORATORIO Ha iniciado sesión', '2022-06-15 20:17:14'),
	(510, 11, 'El usuario: LABORATORIO Ha iniciado sesión', '2022-06-16 14:35:07'),
	(511, 11, 'El usuario: LABORATORIO Ha iniciado sesión', '2022-06-16 21:11:48'),
	(512, 11, 'El usuario: LABORATORIO Ha iniciado sesión', '2022-06-18 14:34:51'),
	(513, 11, 'El usuario: LABORATORIO Ha iniciado sesión', '2022-06-20 14:17:08'),
	(514, 11, 'El usuario: LABORATORIO Ha iniciado sesión', '2022-06-21 05:48:06'),
	(515, 11, 'El usuario: LABORATORIO Ha iniciado sesión', '2022-06-20 20:09:02'),
	(516, 1, 'El usuario: Informatica Ha iniciado sesión', '2022-06-21 13:34:08'),
	(517, 1, 'El usuario: Informatica Ha iniciado sesión', '2022-06-22 19:50:55'),
	(518, 1, 'El usuario: Informatica Ha iniciado sesión', '2022-06-25 14:07:25'),
	(519, 1, 'El usuario: Informatica Ha iniciado sesión', '2022-06-28 17:32:56'),
	(520, 11, 'El usuario: LABORATORIO Ha iniciado sesión', '2022-06-29 13:48:52'),
	(521, 1, 'El usuario: Informatica Ha iniciado sesión', '2022-07-02 14:01:27'),
	(522, 11, 'El usuario: LABORATORIO Ha iniciado sesión', '2022-07-20 19:58:46'),
	(523, 1, 'El usuario: Informatica Ha iniciado sesión', '2022-07-21 13:47:35'),
	(524, 11, 'El usuario: LABORATORIO Ha iniciado sesión', '2022-07-21 14:09:47'),
	(525, 11, 'El usuario: LABORATORIO Ha iniciado sesión', '2022-07-21 17:08:50'),
	(526, 11, 'El usuario: LABORATORIO Ha iniciado sesión', '2022-07-22 21:35:04'),
	(527, 1, 'El usuario: Informatica Ha iniciado sesión', '2022-07-22 21:35:56'),
	(528, 1, 'El usuario: Informatica Ha iniciado sesión', '2022-07-23 16:08:20'),
	(529, 11, 'El usuario: LABORATORIO Ha iniciado sesión', '2022-07-23 16:24:40'),
	(530, 11, 'El usuario: LABORATORIO Ha iniciado sesión', '2022-07-25 17:03:34'),
	(531, 11, 'El usuario: LABORATORIO Ha iniciado sesión', '2022-07-25 20:13:20'),
	(532, 1, 'El usuario: Informatica Ha iniciado sesión', '2022-07-25 21:27:11'),
	(533, 1, 'El usuario: Informatica Ha iniciado sesión', '2022-07-26 13:40:34'),
	(534, 11, 'El usuario: LABORATORIO Ha iniciado sesión', '2022-07-27 13:21:02'),
	(535, 11, 'El usuario: LABORATORIO Ha iniciado sesión', '2022-08-08 14:24:20'),
	(536, 11, 'El usuario: LABORATORIO Ha iniciado sesión', '2022-08-10 13:59:43'),
	(537, 1, 'El usuario: Informatica Ha iniciado sesión', '2022-08-10 16:29:42'),
	(538, 1, 'El usuario: Informatica Ha iniciado sesión', '2022-08-10 20:20:47'),
	(539, 11, 'El usuario: LABORATORIO Ha iniciado sesión', '2022-08-11 13:48:11'),
	(540, 1, 'El usuario: Informatica Ha iniciado sesión', '2022-08-12 13:22:53'),
	(541, 1, 'El usuario: Informatica Ha iniciado sesión', '2022-08-13 14:12:09'),
	(542, 1, 'El usuario: Informatica Ha iniciado sesión', '2022-08-15 13:37:14'),
	(543, 1, 'El usuario: Informatica Ha iniciado sesión', '2022-08-15 21:45:09'),
	(544, 11, 'El usuario: LABORATORIO Ha iniciado sesión', '2022-08-15 21:46:39'),
	(545, 1, 'El usuario: Informatica Ha iniciado sesión', '2022-08-15 21:48:44'),
	(546, 11, 'El usuario: LABORATORIO Ha iniciado sesión', '2022-08-15 21:50:51'),
	(547, 1, 'El usuario: Informatica Ha iniciado sesión', '2022-08-15 21:51:18'),
	(548, 11, 'El usuario: LABORATORIO Ha iniciado sesión', '2022-08-15 21:51:42'),
	(549, 11, 'El usuario: LABORATORIO Ha iniciado sesión', '2022-08-15 21:52:45'),
	(550, 11, 'El usuario: LABORATORIO Ha iniciado sesión', '2022-08-16 13:43:21'),
	(551, 11, 'El usuario: LABORATORIO Ha iniciado sesión', '2022-08-16 17:13:49'),
	(552, 1, 'El usuario: Informatica Ha iniciado sesión', '2022-08-16 21:49:20'),
	(553, 11, 'El usuario: LABORATORIO Ha iniciado sesión', '2022-08-16 21:59:47'),
	(554, 1, 'El usuario: Informatica Ha iniciado sesión', '2022-08-17 14:39:27'),
	(555, 11, 'El usuario: LABORATORIO Ha iniciado sesión', '2022-08-17 15:42:36'),
	(556, 11, 'El usuario: LABORATORIO Ha iniciado sesión', '2022-08-17 18:13:41'),
	(557, 1, 'El usuario: Informatica Ha iniciado sesión', '2022-08-18 13:43:19'),
	(558, 11, 'El usuario: LABORATORIO Ha iniciado sesión', '2022-08-18 13:54:15'),
	(559, 1, 'El usuario: Informatica Ha iniciado sesión', '2022-08-18 15:20:59'),
	(560, 11, 'El usuario: LABORATORIO Ha iniciado sesión', '2022-08-19 20:00:30'),
	(561, 1, 'El usuario: Informatica Ha iniciado sesión', '2022-08-22 14:30:34'),
	(562, 11, 'El usuario: LABORATORIO Ha iniciado sesión', '2022-08-24 13:51:29'),
	(563, 1, 'El usuario: Informatica Ha iniciado sesión', '2022-08-24 14:50:03'),
	(564, 11, 'El usuario: LABORATORIO Ha iniciado sesión', '2022-08-24 14:52:03'),
	(565, 11, 'El usuario: LABORATORIO Ha iniciado sesión', '2022-08-26 14:19:41'),
	(566, 1, 'El usuario: Informatica Ha iniciado sesión', '2022-08-26 15:01:04'),
	(567, 11, 'El usuario: LABORATORIO Ha iniciado sesión', '2022-08-26 15:01:42'),
	(568, 1, 'El usuario: Informatica Ha iniciado sesión', '2022-08-26 17:58:49'),
	(569, 11, 'El usuario: LABORATORIO Ha iniciado sesión', '2022-08-26 21:27:32'),
	(570, 11, 'El usuario: LABORATORIO Ha iniciado sesión', '2022-08-27 14:12:34'),
	(571, 11, 'El usuario: LABORATORIO Ha iniciado sesión', '2022-08-27 15:08:34'),
	(572, 11, 'El usuario: LABORATORIO Ha iniciado sesión', '2022-08-27 15:10:17'),
	(573, 1, 'El usuario: Informatica Ha iniciado sesión', '2022-08-29 14:00:18'),
	(574, 11, 'El usuario: LABORATORIO Ha iniciado sesión', '2022-08-29 14:03:51'),
	(575, 11, 'El usuario: LABORATORIO Ha iniciado sesión', '2022-08-29 20:39:31'),
	(576, 11, 'El usuario: LABORATORIO Ha iniciado sesión', '2022-08-29 20:50:58'),
	(577, 11, 'El usuario: LABORATORIO Ha iniciado sesión', '2022-08-31 14:02:21'),
	(578, 11, 'El usuario: LABORATORIO Ha iniciado sesión', '2022-08-31 14:50:11'),
	(579, 11, 'El usuario: LABORATORIO Ha iniciado sesión', '2022-08-31 15:23:49'),
	(580, 11, 'El usuario: LABORATORIO Ha iniciado sesión', '2022-08-31 15:50:34'),
	(581, 11, 'El usuario: LABORATORIO Ha iniciado sesión', '2022-08-31 16:33:56'),
	(582, 11, 'El usuario: LABORATORIO Ha iniciado sesión', '2022-09-02 14:27:34'),
	(583, 1, 'El usuario: Informatica Ha iniciado sesión', '2022-09-02 19:44:44'),
	(584, 1, 'El usuario: Informatica Ha iniciado sesión', '2022-09-05 22:02:43'),
	(585, 11, 'El usuario: LABORATORIO Ha iniciado sesión', '2022-09-05 22:13:47'),
	(586, 1, 'El usuario: Informatica Ha iniciado sesión', '2022-09-21 14:43:48'),
	(587, 1, 'El usuario: Informatica Ha iniciado sesión', '2022-10-07 19:52:13'),
	(588, 1, 'El usuario: Informatica Ha iniciado sesión', '2022-10-07 21:48:52'),
	(589, 1, 'El usuario: Informatica Ha iniciado sesión', '2022-10-08 14:07:46'),
	(590, 1, 'El usuario: Informatica Ha iniciado sesión', '2022-10-08 14:57:28'),
	(591, 1, 'El usuario: Informatica Ha iniciado sesión', '2022-11-05 17:14:05'),
	(592, 1, 'El usuario: Informatica Creo la hoja de laboratorio con ID = 8 corespondiente al paciente Adrea Pirlo Messi', '2022-12-30 20:09:51'),
	(593, 1, 'El usuario: Informatica Ha iniciado sesión', '2023-01-03 13:25:05'),
	(594, 1, 'El usuario: Informatica Ha iniciado sesión', '2023-01-09 14:08:43'),
	(595, 1, 'El usuario: Informatica Ha iniciado sesión', '2023-01-10 13:55:30'),
	(596, 1, 'El usuario Informatica creo el paquete con ID =', '2023-01-10 17:31:20'),
	(597, 1, 'El usuario Informatica creo el paquete con ID =', '2023-01-10 17:36:16'),
	(598, 1, 'El usuario: Informatica Ha iniciado sesión', '2023-01-10 20:01:27'),
	(599, 1, 'El usuario Informatica creo el paquete con ID =', '2023-01-10 20:17:57'),
	(600, 1, 'El usuario Informatica creo el paquete con ID =', '2023-01-10 20:42:57'),
	(601, 1, 'El usuario Informatica creo el paquete con ID =', '2023-01-10 21:20:55'),
	(602, 1, 'El usuario Informatica creo el paquete con ID =', '2023-01-10 21:30:34'),
	(603, 1, 'El usuario: Informatica Ha iniciado sesión', '2023-01-12 13:32:20'),
	(604, 1, 'El usuario: Informatica Ha iniciado sesión', '2023-01-16 13:39:26'),
	(605, 1, 'El usuario Informatica creo el paquete con ID =', '2023-01-16 13:40:29'),
	(606, 1, 'El usuario: Informatica Ha iniciado sesión', '2023-01-16 14:24:06'),
	(607, 1, 'El usuario Informatica creo el paquete con ID =', '2023-01-16 14:24:46'),
	(608, 1, 'El usuario: Informatica Ha iniciado sesión', '2023-01-17 13:44:26'),
	(609, 1, 'El usuario Informatica creo el paquete con ID =', '2023-01-17 13:45:23'),
	(610, 1, 'El usuario: Informatica Ha iniciado sesión', '2023-01-17 13:58:01'),
	(611, 1, 'El usuario: Informatica Ha iniciado sesión', '2023-01-17 14:16:37'),
	(612, 1, 'El usuario: Informatica Ha iniciado sesión', '2023-02-02 17:15:31'),
	(613, 1, 'El usuario: Informatica Ha iniciado sesión', '2023-02-07 18:22:04'),
	(614, 1, 'El usuario: Informatica Ha iniciado sesión', '2023-02-07 20:42:14'),
	(615, 1, 'El usuario: Informatica Ha iniciado sesión', '2023-02-13 14:04:06'),
	(616, 1, 'El usuario: Informatica Ha iniciado sesión', '2023-02-13 15:56:17'),
	(617, 1, 'El usuario: Informatica Ha iniciado sesión', '2023-02-13 19:51:47'),
	(618, 1, 'El usuario: Informatica Ha iniciado sesión', '2023-02-14 14:33:36'),
	(619, 1, 'El usuario: Informatica Ha iniciado sesión', '2023-02-14 20:09:16'),
	(620, 1, 'El usuario: Informatica Ha iniciado sesión', '2023-02-15 20:43:24'),
	(621, 1, 'El usuario: Informatica Ha iniciado sesión', '2023-02-16 14:15:48'),
	(622, 1, 'El usuario: Informatica Ha iniciado sesión', '2023-02-16 20:15:03'),
	(623, 1, 'El usuario: Informatica Ha iniciado sesión', '2023-02-16 22:14:30'),
	(624, 1, 'El usuario: Informatica Ha iniciado sesión', '2023-02-17 14:02:42'),
	(625, 1, 'El usuario: Informatica Ha iniciado sesión', '2023-02-18 15:11:47'),
	(626, 1, 'El usuario: Informatica Ha iniciado sesión', '2023-02-20 13:50:48'),
	(627, 1, 'El usuario: Informatica Ha iniciado sesión', '2023-02-20 16:40:13'),
	(628, 1, 'El usuario: Informatica Ha iniciado sesión', '2023-02-21 14:04:47'),
	(629, 1, 'El usuario: Informatica Ha iniciado sesión', '2023-02-22 15:39:14'),
	(630, 1, 'El usuario: Informatica Ha iniciado sesión', '2023-02-22 21:23:17'),
	(631, 1, 'El usuario: Informatica Ha iniciado sesión', '2023-02-22 21:28:41'),
	(632, 1, 'El usuario: Informatica Ha iniciado sesión', '2023-02-23 15:37:48'),
	(633, 1, 'El usuario: Informatica Ha iniciado sesión', '2023-02-24 14:45:00'),
	(634, 1, 'El usuario: Informatica Ha iniciado sesión', '2023-02-24 14:46:21'),
	(635, 1, 'El usuario: Informatica Ha iniciado sesión', '2023-03-04 15:33:53'),
	(636, 1, 'El usuario: Informatica Ha iniciado sesión', '2023-03-06 13:48:26'),
	(637, 1, 'El usuario: Informatica Ha iniciado sesión', '2023-03-07 14:05:23'),
	(638, 1, 'El usuario: Informatica Ha iniciado sesión', '2023-03-09 13:43:04'),
	(639, 1, 'El usuario: Informatica Ha iniciado sesión', '2023-03-10 15:39:38'),
	(640, 1, 'El usuario: Informatica Ha iniciado sesión', '2023-03-10 16:01:17'),
	(641, 1, 'El usuario: Informatica Ha iniciado sesión', '2023-03-11 14:48:19'),
	(642, 1, 'El usuario Informatica creo el paquete con ID =', '2023-03-11 15:47:32'),
	(643, 1, 'El usuario: Informatica Ha iniciado sesión', '2023-03-13 14:31:36'),
	(644, 1, 'El usuario: Informatica Ha iniciado sesión', '2023-05-03 19:57:58'),
	(645, 1, 'El usuario: Informatica Ha iniciado sesión', '2023-05-04 14:24:46'),
	(646, 1, 'El usuario: Informatica Ha iniciado sesión', '2023-05-05 20:44:39'),
	(647, 1, 'El usuario: Informatica Ha iniciado sesión', '2023-05-23 17:44:21'),
	(648, 11, 'El usuario: LABORATORIO Ha iniciado sesión', '2023-05-23 17:55:19'),
	(649, 11, 'El usuario LABORATORIO creo el paquete con ID =', '2023-05-23 18:16:57'),
	(650, 1, 'El usuario: Informatica Ha iniciado sesión', '2023-05-26 14:47:15'),
	(651, 1, 'El usuario: Informatica Ha iniciado sesión', '2023-05-27 15:50:32'),
	(652, 1, 'El usuario: Informatica Ha iniciado sesión', '2023-05-29 13:52:07'),
	(653, 1, 'El usuario: Informatica Ha iniciado sesión', '2023-05-30 16:21:45'),
	(654, 1, 'El usuario: Informatica Ha iniciado sesión', '2023-06-01 14:07:41'),
	(655, 1, 'El usuario: Informatica Ha iniciado sesión', '2023-06-02 16:30:35'),
	(656, 1, 'El usuario: Informatica Ha iniciado sesión', '2023-06-05 15:11:51'),
	(657, 1, 'El usuario: Informatica Ha iniciado sesión', '2023-06-06 14:16:52'),
	(658, 1, 'El usuario: Informatica Ha iniciado sesión', '2023-06-06 20:19:31'),
	(659, 1, 'El usuario: Informatica Ha iniciado sesión', '2023-06-07 14:01:34'),
	(660, 1, 'El usuario: Informatica Ha iniciado sesión', '2023-06-07 20:11:59'),
	(661, 1, 'El usuario: Informatica Ha iniciado sesión', '2023-06-09 20:47:45'),
	(662, 1, 'El usuario: Informatica Ha iniciado sesión', '2023-06-10 14:56:13'),
	(663, 1, 'El usuario: Informatica Ha iniciado sesión', '2023-06-12 14:07:52'),
	(664, 1, 'El usuario: Informatica Ha iniciado sesión', '2023-06-12 14:41:35'),
	(665, 1, 'El usuario: Informatica Ha iniciado sesión', '2023-06-12 14:58:53'),
	(666, 1, 'El usuario: Informatica Ha iniciado sesión', '2023-06-12 15:01:33'),
	(667, 1, 'El usuario: Informatica Ha iniciado sesión', '2023-06-13 14:15:20'),
	(668, 1, 'El usuario: Informatica Ha iniciado sesión', '2023-06-13 14:19:38'),
	(669, 1, 'El usuario: Informatica Ha iniciado sesión', '2023-06-13 20:35:28'),
	(670, 1, 'El usuario: Informatica Ha iniciado sesión', '2023-06-14 16:59:32'),
	(671, 1, 'El usuario: Informatica Ha iniciado sesión', '2023-06-15 14:02:56'),
	(672, 1, 'El usuario: Informatica Ha iniciado sesión', '2023-06-20 13:47:47'),
	(673, 1, 'El usuario: Informatica Ha iniciado sesión', '2023-06-20 19:51:53'),
	(674, 1, 'El usuario: Informatica Ha iniciado sesión', '2023-06-21 15:09:12'),
	(675, 1, 'El usuario: Informatica Ha iniciado sesión', '2023-06-22 14:07:06'),
	(676, 1, 'El usuario: Informatica Ha iniciado sesión', '2023-06-22 14:08:19'),
	(677, 1, 'El usuario: Informatica Ha iniciado sesión', '2023-06-23 14:04:01'),
	(678, 1, 'El usuario: Informatica Ha iniciado sesión', '2023-06-23 16:17:25'),
	(679, 1, 'El usuario: Informatica Ha iniciado sesión', '2023-06-23 16:19:14'),
	(680, 1, 'El usuario: Informatica Ha iniciado sesión', '2023-06-27 13:52:47'),
	(681, 1, 'El usuario: Informatica Ha iniciado sesión', '2023-06-27 16:35:37'),
	(682, 1, 'El usuario: Informatica Ha iniciado sesión', '2023-06-27 16:40:38'),
	(683, 1, 'El usuario: Informatica Ha iniciado sesión', '2023-06-27 17:03:01'),
	(684, 1, 'El usuario: Informatica Ha iniciado sesión', '2023-06-27 19:43:59'),
	(685, 1, 'El usuario: Informatica Ha iniciado sesión', '2023-06-28 14:02:04'),
	(686, 1, 'El usuario: Informatica Ha iniciado sesión', '2023-06-28 19:44:26'),
	(687, 1, 'El usuario: Informatica Ha iniciado sesión', '2023-06-29 14:02:54'),
	(688, 1, 'El usuario: Informatica Ha iniciado sesión', '2023-06-30 14:36:30'),
	(689, 11, 'El usuario: LABORATORIO Ha iniciado sesión', '2023-06-30 14:43:35'),
	(690, 1, 'El usuario: Informatica Ha iniciado sesión', '2023-06-30 17:28:47'),
	(691, 1, 'El usuario: Informatica Ha iniciado sesión', '2023-06-30 21:26:45'),
	(692, 1, 'El usuario: Informatica Ha iniciado sesión', '2023-07-01 14:21:25'),
	(693, 1, 'El usuario: Informatica Ha iniciado sesión', '2023-07-03 15:01:38'),
	(694, 1, 'El usuario: Informatica Ha iniciado sesión', '2023-07-04 14:12:34'),
	(695, 1, 'El usuario: Informatica Ha iniciado sesión', '2023-07-04 20:27:18'),
	(696, 1, 'El usuario: Informatica Ha iniciado sesión', '2023-07-05 14:34:51'),
	(697, 1, 'El usuario: Informatica Ha iniciado sesión', '2023-07-05 20:38:45'),
	(698, 1, 'El usuario: Informatica Ha iniciado sesión', '2023-07-06 14:55:39'),
	(699, 11, 'El usuario: LABORATORIO Ha iniciado sesión', '2023-07-06 15:46:52'),
	(700, 1, 'El usuario: Informatica Ha iniciado sesión', '2023-07-06 15:48:39'),
	(701, 11, 'El usuario: LABORATORIO Ha iniciado sesión', '2023-07-06 15:52:32'),
	(702, 1, 'El usuario: Informatica Ha iniciado sesión', '2023-07-06 15:53:20'),
	(703, 1, 'El usuario: Informatica Ha iniciado sesión', '2023-07-06 19:48:11'),
	(704, 1, 'El usuario: Informatica Ha iniciado sesión', '2023-07-08 16:44:28'),
	(705, 1, 'El usuario: Informatica Ha iniciado sesión', '2023-07-10 14:07:06'),
	(706, 1, 'El usuario: Informatica Ha iniciado sesión', '2023-07-10 14:29:28'),
	(707, 11, 'El usuario: LABORATORIO Ha iniciado sesión', '2023-07-10 17:14:06'),
	(708, 1, 'El usuario: Informatica Ha iniciado sesión', '2023-07-10 21:13:15'),
	(709, 1, 'El usuario: Informatica Ha iniciado sesión', '2023-07-11 13:49:26'),
	(710, 1, 'El usuario: Informatica Ha iniciado sesión', '2023-07-11 16:03:01'),
	(711, 1, 'El usuario: Informatica Ha iniciado sesión', '2023-07-14 14:04:29'),
	(712, 1, 'El usuario: Informatica Ha iniciado sesión', '2023-07-14 14:05:50'),
	(713, 1, 'El usuario: Informatica Ha iniciado sesión', '2023-07-14 15:15:28'),
	(714, 11, 'El usuario: LABORATORIO Ha iniciado sesión', '2023-07-15 16:33:18'),
	(715, 1, 'El usuario: Informatica Ha iniciado sesión', '2023-07-17 19:47:02'),
	(716, 11, 'El usuario: LABORATORIO Ha iniciado sesión', '2023-07-17 20:42:56'),
	(717, 1, 'El usuario: Informatica Ha iniciado sesión', '2023-07-24 19:59:40'),
	(718, 1, 'El usuario: Informatica Ha iniciado sesión', '2023-07-25 14:05:50'),
	(719, 1, 'El usuario: Informatica Ha iniciado sesión', '2023-07-25 19:45:02'),
	(720, 1, 'El usuario: Informatica Ha iniciado sesión', '2023-07-28 20:22:20'),
	(721, 1, 'El usuario: Informatica Ha iniciado sesión', '2023-08-01 14:45:01'),
	(722, 1, 'El usuario: Informatica Ha iniciado sesión', '2023-08-01 14:56:55'),
	(723, 1, 'El usuario: Informatica Ha iniciado sesión', '2023-08-01 18:11:04'),
	(724, 1, 'El usuario: Informatica Ha iniciado sesión', '2023-08-01 20:48:56'),
	(725, 1, 'El usuario: Informatica Ha iniciado sesión', '2023-08-01 20:59:30'),
	(726, 1, 'El usuario: Informatica Ha iniciado sesión', '2023-08-02 14:01:36'),
	(727, 1, 'El usuario: Informatica Ha iniciado sesión', '2023-08-03 14:24:47'),
	(728, 1, 'El usuario: Informatica Ha iniciado sesión', '2023-08-03 20:42:29'),
	(729, 1, 'El usuario: Informatica Ha iniciado sesión', '2023-08-04 14:06:55'),
	(730, 1, 'El usuario: Informatica Ha iniciado sesión', '2023-08-04 19:56:41'),
	(731, 1, 'El usuario: Informatica Ha iniciado sesión', '2023-08-05 15:43:23'),
	(732, 1, 'El usuario: Informatica Ha iniciado sesión', '2023-08-07 13:57:46'),
	(733, 1, 'El usuario: Informatica Ha iniciado sesión', '2023-08-07 14:20:09'),
	(734, 1, 'El usuario: Informatica Ha iniciado sesión', '2023-08-08 13:44:13'),
	(735, 1, 'El usuario: Informatica Ha iniciado sesión', '2023-08-08 17:45:16'),
	(736, 1, 'El usuario: Informatica Ha iniciado sesión', '2023-08-10 13:41:34'),
	(737, 1, 'El usuario: Informatica Ha iniciado sesión', '2023-08-11 16:18:39'),
	(738, 1, 'El usuario: Informatica Ha iniciado sesión', '2023-08-12 15:17:53'),
	(739, 1, 'El usuario: Informatica Ha iniciado sesión', '2023-08-12 15:19:56'),
	(740, 1, 'El usuario: Informatica Ha iniciado sesión', '2023-08-14 14:16:44'),
	(741, 1, 'El usuario: Informatica Ha iniciado sesión', '2023-08-14 14:32:05'),
	(742, 1, 'El usuario: Informatica Ha iniciado sesión', '2023-08-14 20:02:44'),
	(743, 1, 'El usuario: Informatica Ha iniciado sesión', '2023-08-15 14:08:27'),
	(744, 1, 'El usuario: Informatica Ha iniciado sesión', '2023-08-29 14:36:30'),
	(745, 1, 'El usuario: Informatica Ha iniciado sesión', '2023-08-29 21:06:09'),
	(746, 1, 'El usuario: Informatica Ha iniciado sesión', '2023-09-01 13:58:17'),
	(747, 1, 'El usuario Informatica creo el paquete con ID =', '2023-09-01 14:51:18'),
	(748, 1, 'El usuario: Informatica Creo la hoja de laboratorio con ID = 9 corespondiente al paciente Silvester Stallone', '2023-09-01 18:06:36'),
	(749, 11, 'El usuario: LABORATORIO Ha iniciado sesión', '2023-09-01 18:13:09'),
	(750, 1, 'El usuario: Informatica Ha iniciado sesión', '2023-09-02 16:48:23'),
	(751, 1, 'El usuario: Informatica Ha iniciado sesión', '2023-09-04 14:13:25'),
	(752, 1, 'El usuario: Informatica Ha iniciado sesión', '2023-09-04 15:29:09'),
	(753, 1, 'El usuario: Informatica Ha iniciado sesión', '2023-09-04 21:12:39'),
	(754, 1, 'El usuario: Informatica Ha iniciado sesión', '2023-09-05 14:26:01'),
	(755, 1, 'El usuario: Informatica Ha iniciado sesión', '2023-09-05 19:59:58'),
	(756, 1, 'El usuario Informatica creo el paquete con ID =', '2023-09-05 20:27:24'),
	(757, 1, 'El usuario: Informatica Ha iniciado sesión', '2023-09-06 14:03:47'),
	(758, 1, 'El usuario: Informatica Ha iniciado sesión', '2023-09-07 14:14:41'),
	(759, 1, 'El usuario: Informatica Ha iniciado sesión', '2023-09-07 16:50:32'),
	(760, 1, 'El usuario: Informatica Ha iniciado sesión', '2023-09-07 17:08:15'),
	(761, 1, 'El usuario: Informatica Ha iniciado sesión', '2023-09-07 17:49:06'),
	(762, 1, 'El usuario: Informatica Ha iniciado sesión', '2023-09-08 15:57:01'),
	(763, 1, 'El usuario: Informatica Ha iniciado sesión', '2023-09-08 20:34:24'),
	(764, 1, 'El usuario: Informatica Ha iniciado sesión', '2023-09-09 14:25:06'),
	(765, 1, 'El usuario: Informatica Ha iniciado sesión', '2023-09-11 13:33:15'),
	(766, 1, 'El usuario: Informatica Ha iniciado sesión', '2023-09-11 13:38:45'),
	(767, 1, 'El usuario: Informatica Ha iniciado sesión', '2023-09-12 13:24:51'),
	(768, 1, 'El usuario: Informatica Ha iniciado sesión', '2023-09-12 16:33:05'),
	(769, 1, 'El usuario: Informatica Ha iniciado sesión', '2023-09-12 20:53:39'),
	(770, 1, 'El usuario: Informatica Ha iniciado sesión', '2023-09-13 17:32:50'),
	(771, 1, 'El usuario: Informatica Ha iniciado sesión', '2023-09-13 20:03:26'),
	(772, 1, 'El usuario: Informatica Ha iniciado sesión', '2023-09-14 13:55:35'),
	(773, 1, 'El usuario Informatica creo el paquete con ID =', '2023-09-14 14:42:55'),
	(774, 1, 'El usuario: Informatica Creo la hoja de laboratorio con ID = 10 corespondiente al paciente Leonel Carcamo Flores', '2023-09-14 15:59:33'),
	(775, 1, 'El usuario: Informatica Creo la hoja de laboratorio con ID = 11 corespondiente al paciente Claudia Patricia Garcia', '2023-09-14 16:00:04'),
	(776, 1, 'El usuario: Informatica Ha iniciado sesión', '2023-09-16 14:44:13'),
	(777, 1, 'El usuario: Informatica Ha iniciado sesión', '2023-09-19 14:07:30'),
	(778, 1, 'El usuario: Informatica Ha iniciado sesión', '2023-09-19 19:46:56'),
	(779, 1, 'El usuario: Informatica Ha iniciado sesión', '2023-09-19 20:18:14'),
	(780, 1, 'El usuario: Informatica Ha iniciado sesión', '2023-09-20 13:50:03'),
	(781, 1, 'El usuario Informatica creo el paquete con ID =26', '2023-09-20 16:07:03'),
	(782, 1, 'El usuario Informatica creo el paquete con ID =27', '2023-09-20 16:19:04'),
	(783, 1, 'El usuario: Informatica Ha iniciado sesión', '2023-09-20 20:11:46'),
	(784, 1, 'El usuario: Informatica Ha iniciado sesión', '2023-09-20 20:39:36'),
	(785, 1, 'El usuario: Informatica Ha iniciado sesión', '2023-09-21 17:23:08'),
	(786, 1, 'El usuario: Informatica Ha iniciado sesión', '2023-09-22 13:53:01'),
	(787, 1, 'El usuario: Informatica Ha iniciado sesión', '2023-09-22 16:15:08'),
	(788, 1, 'El usuario: Informatica Ha iniciado sesión', '2023-09-22 19:47:47'),
	(789, 1, 'El usuario: Informatica Ha iniciado sesión', '2023-09-22 20:54:39'),
	(790, 1, 'El usuario: Informatica Ha iniciado sesión', '2023-09-22 21:36:37'),
	(791, 1, 'El usuario: Informatica Ha iniciado sesión', '2023-09-22 21:41:42'),
	(792, 1, 'El usuario: Informatica Ha iniciado sesión', '2023-09-23 14:26:13'),
	(793, 1, 'El usuario: Informatica Ha iniciado sesión', '2023-09-25 14:28:02'),
	(794, 1, 'El usuario: Informatica Ha iniciado sesión', '2023-09-25 19:50:50'),
	(795, 1, 'El usuario: Informatica Ha iniciado sesión', '2023-09-25 20:05:23'),
	(796, 1, 'El usuario: Informatica Ha iniciado sesión', '2023-09-26 14:23:47'),
	(797, 1, 'El usuario: Informatica Ha iniciado sesión', '2023-09-26 18:29:33'),
	(798, 1, 'El usuario: Informatica Ha iniciado sesión', '2023-09-27 15:44:11'),
	(799, 1, 'El usuario: Informatica Ha iniciado sesión', '2023-09-29 14:22:46'),
	(800, 1, 'El usuario: Informatica Ha iniciado sesión', '2023-09-29 15:49:09'),
	(801, 1, 'El usuario: Informatica Ha iniciado sesión', '2023-09-29 18:19:25'),
	(802, 1, 'El usuario: Informatica Ha iniciado sesión', '2023-09-30 17:06:28'),
	(803, 1, 'El usuario: Informatica Ha iniciado sesión', '2023-10-02 13:37:12'),
	(804, 1, 'El usuario: Informatica Ha iniciado sesión', '2023-10-02 14:32:53'),
	(805, 1, 'El usuario: Informatica Ha iniciado sesión', '2023-10-02 19:47:31'),
	(806, 1, 'El usuario: Informatica Ha iniciado sesión', '2023-10-03 13:41:37'),
	(807, 1, 'El usuario: Informatica Ha iniciado sesión', '2023-10-03 14:10:59'),
	(808, 1, 'El usuario Informatica creo el paquete con ID =', '2023-10-03 14:27:28'),
	(809, 1, 'El usuario Informatica creo el paquete con ID =', '2023-10-03 14:28:20'),
	(810, 1, 'El usuario: Informatica Ha iniciado sesión', '2023-10-03 19:47:53'),
	(811, 1, 'El usuario: Informatica Ha iniciado sesión', '2023-10-04 14:05:24'),
	(812, 12, 'El usuario: SALAS Ha iniciado sesión', '2023-10-04 14:24:42'),
	(813, 12, 'El usuario: SALAS Ha iniciado sesión', '2023-10-04 18:41:23'),
	(814, 1, 'El usuario: Informatica Ha iniciado sesión', '2023-10-04 18:42:09'),
	(815, 12, 'El usuario: SALAS Ha iniciado sesión', '2023-10-05 14:13:32'),
	(816, 1, 'El usuario: Informatica Ha iniciado sesión', '2023-10-05 22:13:14'),
	(817, 12, 'El usuario: SALAS Ha iniciado sesión', '2023-10-06 14:33:16'),
	(818, 12, 'El usuario: SALAS Ha iniciado sesión', '2023-10-06 16:00:51'),
	(819, 1, 'El usuario: Informatica Ha iniciado sesión', '2023-10-06 21:17:40'),
	(820, 1, 'El usuario: Informatica Ha iniciado sesión', '2023-10-07 13:31:36'),
	(821, 1, 'El usuario: Informatica Ha iniciado sesión', '2023-10-09 14:14:18'),
	(822, 1, 'El usuario: Informatica Ha iniciado sesión', '2023-10-09 19:41:18'),
	(823, 12, 'El usuario: SALAS Ha iniciado sesión', '2023-10-09 19:42:35'),
	(824, 1, 'El usuario: Informatica Ha iniciado sesión', '2023-10-10 13:46:15'),
	(825, 1, 'El usuario: Informatica Ha iniciado sesión', '2023-10-10 17:24:03'),
	(826, 1, 'El usuario: Informatica Ha iniciado sesión', '2023-10-10 20:08:22'),
	(827, 12, 'El usuario: SALAS Ha iniciado sesión', '2023-10-10 20:08:38'),
	(828, 1, 'El usuario: Informatica Ha iniciado sesión', '2023-10-11 13:54:20'),
	(829, 12, 'El usuario: SALAS Ha iniciado sesión', '2023-10-11 13:57:28'),
	(830, 12, 'El usuario: SALAS Ha iniciado sesión', '2023-10-11 20:28:53'),
	(831, 1, 'El usuario: Informatica Ha iniciado sesión', '2023-10-11 20:29:05'),
	(832, 1, 'El usuario: Informatica Ha iniciado sesión', '2023-10-12 13:50:14'),
	(833, 1, 'El usuario Informatica creo el paquete con ID =30', '2023-10-12 15:04:06'),
	(834, 1, 'El usuario Informatica creo el paquete con ID =31', '2023-10-12 15:07:47'),
	(835, 1, 'El usuario Informatica creo el paquete con ID =32', '2023-10-12 15:09:59'),
	(836, 1, 'El usuario: Informatica Ha iniciado sesión', '2023-10-13 14:11:14'),
	(837, 1, 'El usuario: Informatica Ha iniciado sesión', '2023-10-13 15:33:27'),
	(838, 1, 'El usuario: Informatica Ha iniciado sesión', '2023-10-13 20:45:35'),
	(839, 1, 'El usuario: Informatica Ha iniciado sesión', '2023-10-16 15:48:07'),
	(840, 1, 'El usuario: Informatica Ha iniciado sesión', '2023-10-17 14:25:59'),
	(841, 1, 'El usuario: Informatica Ha iniciado sesión', '2023-10-17 16:47:02'),
	(842, 1, 'El usuario: Informatica Ha iniciado sesión', '2023-10-17 17:23:40'),
	(843, 1, 'El usuario: Informatica Ha iniciado sesión', '2023-10-17 19:50:09'),
	(844, 1, 'El usuario: Informatica Ha iniciado sesión', '2023-10-18 14:21:20'),
	(845, 1, 'El usuario: Informatica Ha iniciado sesión', '2023-10-18 17:03:46'),
	(846, 1, 'El usuario Informatica creo el paquete con ID =', '2023-10-18 17:32:35'),
	(847, 1, 'El usuario Informatica creo el paquete con ID =', '2023-10-18 17:33:31'),
	(848, 1, 'El usuario Informatica creo el paquete con ID =', '2023-10-18 17:34:42'),
	(849, 12, 'El usuario: SALAS Ha iniciado sesión', '2023-10-18 21:43:47'),
	(850, 1, 'El usuario: Informatica Ha iniciado sesión', '2023-10-19 14:24:34'),
	(851, 1, 'El usuario: Informatica Ha iniciado sesión', '2023-10-19 19:55:21'),
	(852, 1, 'El usuario: Informatica Ha iniciado sesión', '2023-10-20 14:14:14'),
	(853, 11, 'El usuario: LABORATORIO Ha iniciado sesión', '2023-10-20 15:17:33'),
	(854, 11, 'El usuario: LABORATORIO Ha iniciado sesión', '2023-10-20 15:25:03'),
	(855, 1, 'El usuario: Informatica Ha iniciado sesión', '2023-10-20 15:54:12'),
	(856, 7, 'El usuario: WENDY SERPAS Ha iniciado sesión', '2023-10-20 16:03:36'),
	(857, 7, 'El usuario: WENDY SERPAS Ha iniciado sesión', '2023-10-20 16:06:03'),
	(858, 7, 'El usuario: WENDY SERPAS Ha iniciado sesión', '2023-10-20 16:08:56'),
	(859, 1, 'El usuario: Informatica Ha iniciado sesión', '2023-10-20 16:16:29'),
	(860, 7, 'El usuario: WENDY SERPAS Ha iniciado sesión', '2023-10-20 20:05:45'),
	(861, 12, 'El usuario: SALAS Ha iniciado sesión', '2023-10-20 20:30:56'),
	(862, 1, 'El usuario: Informatica Ha iniciado sesión', '2023-10-21 16:26:02'),
	(863, 1, 'El usuario: Informatica Ha iniciado sesión', '2023-10-23 14:15:27'),
	(864, 1, 'El usuario: Informatica Ha iniciado sesión', '2023-10-23 19:59:59'),
	(865, 1, 'El usuario: Informatica Ha iniciado sesión', '2023-10-23 21:06:03'),
	(866, 1, 'El usuario: Informatica Ha iniciado sesión', '2023-10-23 21:20:49'),
	(867, 1, 'El usuario: Informatica Ha iniciado sesión', '2023-10-24 14:14:27'),
	(868, 1, 'El usuario: Informatica Ha iniciado sesión', '2023-10-24 22:01:34'),
	(869, 1, 'El usuario: Informatica Ha iniciado sesión', '2023-10-25 14:06:39'),
	(870, 1, 'El usuario: Informatica Ha iniciado sesión', '2023-10-26 13:50:28'),
	(871, 1, 'El usuario: Informatica Ha iniciado sesión', '2023-10-26 20:07:54'),
	(872, 1, 'El usuario: Informatica Ha iniciado sesión', '2023-10-27 13:58:10'),
	(873, 1, 'El usuario: Informatica Ha iniciado sesión', '2023-10-27 14:55:20'),
	(874, 1, 'El usuario: Informatica Ha iniciado sesión', '2023-10-27 15:55:46'),
	(875, 1, 'El usuario: Informatica Ha iniciado sesión', '2023-10-27 17:15:10'),
	(876, 1, 'El usuario: Informatica Ha iniciado sesión', '2023-10-27 22:12:16'),
	(877, 1, 'El usuario: Informatica Ha iniciado sesión', '2023-10-28 14:32:30'),
	(878, 1, 'El usuario: Informatica Ha iniciado sesión', '2023-10-30 13:45:01'),
	(879, 1, 'El usuario Informatica creo el paquete con ID =36', '2023-10-30 20:12:48'),
	(880, 1, 'El usuario Informatica creo el paquete con ID =', '2023-10-30 20:29:23'),
	(881, 1, 'El usuario: Informatica Ha iniciado sesión', '2023-10-31 14:12:49'),
	(882, 1, 'El usuario: Informatica Ha iniciado sesión', '2023-11-01 14:02:09'),
	(883, 1, 'El usuario: Informatica Ha iniciado sesión', '2023-11-03 14:14:31'),
	(884, 1, 'El usuario: Informatica Ha iniciado sesión', '2023-11-06 14:45:59'),
	(885, 1, 'El usuario: Informatica Ha iniciado sesión', '2023-11-07 14:33:15'),
	(886, 1, 'El usuario: Informatica Ha iniciado sesión', '2023-11-08 14:22:54'),
	(887, 1, 'El usuario Informatica creo el paquete con ID =', '2023-11-08 17:20:40'),
	(888, 1, 'El usuario: Informatica Ha iniciado sesión', '2023-11-09 14:28:26'),
	(889, 1, 'El usuario: Informatica Ha iniciado sesión', '2023-11-09 15:24:22'),
	(890, 1, 'El usuario: Informatica Ha iniciado sesión', '2023-11-09 20:58:29'),
	(891, 1, 'El usuario: Informatica Ha iniciado sesión', '2023-11-10 14:17:35'),
	(892, 1, 'El usuario: Informatica Ha iniciado sesión', '2023-11-10 14:42:16'),
	(893, 1, 'El usuario: Informatica Ha iniciado sesión', '2023-11-11 14:41:18'),
	(894, 1, 'El usuario: Informatica Ha iniciado sesión', '2023-11-13 14:22:26'),
	(895, 1, 'El usuario: Informatica Ha iniciado sesión', '2023-11-13 19:49:13'),
	(896, 1, 'El usuario: Informatica Ha iniciado sesión', '2023-11-17 14:56:36'),
	(897, 1, 'El usuario: Informatica Ha iniciado sesión', '2023-11-17 22:08:00'),
	(898, 1, 'El usuario: Informatica Ha iniciado sesión', '2023-11-23 15:25:06'),
	(899, 1, 'El usuario: Informatica Ha iniciado sesión', '2023-11-23 21:32:11'),
	(900, 1, 'El usuario: Informatica Ha iniciado sesión', '2023-11-24 14:20:21'),
	(901, 1, 'El usuario: Informatica Ha iniciado sesión', '2023-11-27 14:18:22'),
	(902, 1, 'El usuario: Informatica Ha iniciado sesión', '2023-11-28 14:04:08'),
	(903, 1, 'El usuario: Informatica Ha iniciado sesión', '2023-11-29 13:48:10'),
	(904, 1, 'El usuario: Informatica Ha iniciado sesión', '2023-11-30 14:01:15'),
	(905, 1, 'El usuario: Informatica Ha iniciado sesión', '2023-11-30 17:40:11'),
	(906, 1, 'El usuario: Informatica Ha iniciado sesión', '2023-11-30 21:33:30'),
	(907, 1, 'El usuario: Informatica Ha iniciado sesión', '2023-12-01 20:28:24'),
	(908, 1, 'El usuario: Informatica Ha iniciado sesión', '2023-12-02 14:28:53'),
	(909, 1, 'El usuario: Informatica Ha iniciado sesión', '2023-12-04 14:01:34'),
	(910, 1, 'El usuario: Informatica Ha iniciado sesión', '2023-12-04 16:54:37'),
	(911, 1, 'El usuario Informatica creo el paquete con ID =', '2023-12-04 17:44:22'),
	(912, 1, 'El usuario: Informatica Ha iniciado sesión', '2023-12-04 21:17:06'),
	(913, 1, 'El usuario: Informatica Ha iniciado sesión', '2023-12-05 14:16:21'),
	(914, 1, 'El usuario: Informatica Ha iniciado sesión', '2023-12-05 21:56:52'),
	(915, 1, 'El usuario: Informatica Ha iniciado sesión', '2023-12-07 14:32:10'),
	(916, 1, 'El usuario: Informatica Ha iniciado sesión', '2023-12-08 13:57:53'),
	(917, 1, 'El usuario: Informatica Ha iniciado sesión', '2023-12-09 13:36:50'),
	(918, 1, 'El usuario: Informatica Ha iniciado sesión', '2023-12-11 14:14:55'),
	(919, 1, 'El usuario: Informatica Ha iniciado sesión', '2023-12-12 14:18:54'),
	(920, 1, 'El usuario: Informatica Ha iniciado sesión', '2023-12-12 21:20:02'),
	(921, 1, 'El usuario: Informatica Ha iniciado sesión', '2023-12-13 14:02:25'),
	(922, 1, 'El usuario: Informatica Ha iniciado sesión', '2023-12-14 14:47:06'),
	(923, 1, 'El usuario: Informatica Ha iniciado sesión', '2023-12-15 14:30:05'),
	(924, 1, 'El usuario: Informatica Ha iniciado sesión', '2023-12-16 15:37:09'),
	(925, 1, 'El usuario: Informatica Ha iniciado sesión', '2023-12-18 14:15:10'),
	(926, 1, 'El usuario: Informatica Ha iniciado sesión', '2023-12-18 20:00:15'),
	(927, 1, 'El usuario: Informatica Ha iniciado sesión', '2023-12-19 13:59:26'),
	(928, 1, 'El usuario: Informatica Ha iniciado sesión', '2023-12-19 19:58:05'),
	(929, 1, 'El usuario: Informatica Ha iniciado sesión', '2023-12-20 16:24:58'),
	(930, 1, 'El usuario: Informatica Ha iniciado sesión', '2023-12-20 20:05:43'),
	(931, 1, 'El usuario: Informatica Ha iniciado sesión', '2023-12-20 20:46:01'),
	(932, 1, 'El usuario: Informatica Ha iniciado sesión', '2023-12-20 20:52:33'),
	(933, 1, 'El usuario: Informatica Ha iniciado sesión', '2023-12-20 20:57:01'),
	(934, 1, 'El usuario: Informatica Ha iniciado sesión', '2023-12-20 21:16:32'),
	(935, 1, 'El usuario: Informatica Ha iniciado sesión', '2023-12-20 21:49:36'),
	(936, 1, 'El usuario: Informatica Ha iniciado sesión', '2023-12-21 13:19:23'),
	(937, 1, 'El usuario: Informatica Ha iniciado sesión', '2023-12-21 13:45:16'),
	(938, 1, 'El usuario: Informatica Ha iniciado sesión', '2023-12-21 13:52:39'),
	(939, 1, 'El usuario: Informatica Ha iniciado sesión', '2023-12-21 14:16:26'),
	(940, 1, 'El usuario: Informatica Ha iniciado sesión', '2023-12-21 14:28:28'),
	(941, 12, 'El usuario: SALAS Ha iniciado sesión', '2023-12-21 14:36:25'),
	(942, 1, 'El usuario: Informatica Ha iniciado sesión', '2023-12-21 14:46:01'),
	(943, 1, 'El usuario: Informatica Ha iniciado sesión', '2023-12-21 17:51:04'),
	(944, 1, 'El usuario: Informatica Ha iniciado sesión', '2023-12-22 14:04:58'),
	(945, 1, 'El usuario: Informatica Creo la hoja de laboratorio con ID = 12 corespondiente al paciente Edwin Orantes', '2023-12-22 14:34:17'),
	(946, 1, 'El usuario: Informatica Ha iniciado sesión', '2023-12-22 21:24:53'),
	(947, 1, 'El usuario: Informatica Ha iniciado sesión', '2023-12-26 14:34:53'),
	(948, 1, 'El usuario: Informatica Ha iniciado sesión', '2023-12-27 15:03:02'),
	(949, 1, 'El usuario: Informatica Ha iniciado sesión', '2023-12-28 14:21:39'),
	(950, 1, 'El usuario: Informatica Ha iniciado sesión', '2023-12-28 16:47:52'),
	(951, 1, 'El usuario: Informatica Ha iniciado sesión', '2023-12-28 20:22:34'),
	(952, 1, 'El usuario: Informatica Ha iniciado sesión', '2024-01-02 17:19:51'),
	(953, 1, 'El usuario: Informatica Ha iniciado sesión', '2024-01-06 13:19:55'),
	(954, 1, 'El usuario: Informatica Ha iniciado sesión', '2024-01-08 15:52:59'),
	(955, 1, 'El usuario: Informatica Ha iniciado sesión', '2024-01-09 14:07:24'),
	(956, 1, 'El usuario: Informatica Ha iniciado sesión', '2024-01-09 17:11:16'),
	(957, 1, 'El usuario: Informatica Ha iniciado sesión', '2024-01-10 13:51:58'),
	(958, 1, 'El usuario: Informatica Ha iniciado sesión', '2024-01-11 14:01:09'),
	(959, 5, 'El usuario: ELENA CRUZ Ha iniciado sesión', '2024-01-11 15:17:31'),
	(960, 1, 'El usuario: Informatica Ha iniciado sesión', '2024-01-11 15:18:11'),
	(961, 1, 'El usuario: Informatica Ha iniciado sesión', '2024-01-12 13:13:36'),
	(962, 1, 'El usuario: Informatica Ha iniciado sesión', '2024-01-15 14:13:07'),
	(963, 1, 'El usuario: Informatica Ha iniciado sesión', '2024-01-15 20:27:26'),
	(964, 1, 'El usuario: Informatica Ha iniciado sesión', '2024-01-29 14:12:40'),
	(965, 1, 'El usuario: Informatica Ha iniciado sesión', '2024-01-29 20:40:50'),
	(966, 1, 'El usuario: Informatica Ha iniciado sesión', '2024-01-30 13:55:34'),
	(967, 1, 'El usuario: Informatica Ha iniciado sesión', '2024-01-31 14:12:17'),
	(968, 11, 'El usuario: LABORATORIO Ha iniciado sesión', '2024-01-31 14:27:22'),
	(969, 11, 'El usuario: LABORATORIO Ha iniciado sesión', '2024-01-31 14:36:00'),
	(970, 1, 'El usuario: Informatica Ha iniciado sesión', '2024-02-01 14:42:51'),
	(971, 1, 'El usuario: Informatica Ha iniciado sesión', '2024-02-06 15:55:00'),
	(972, 1, 'El usuario: Informatica Ha iniciado sesión', '2024-02-06 16:03:50'),
	(973, 1, 'El usuario: Informatica Ha iniciado sesión', '2024-02-06 16:04:01'),
	(974, 1, 'El usuario: Informatica Ha iniciado sesión', '2024-02-06 16:14:18'),
	(975, 1, 'El usuario: Informatica Ha iniciado sesión', '2024-02-06 16:15:55'),
	(976, 11, 'El usuario: LABORATORIO Ha iniciado sesión', '2024-02-06 16:38:25'),
	(977, 1, 'El usuario: Informatica Ha iniciado sesión', '2024-02-06 16:38:41'),
	(978, 1, 'El usuario: Informatica Ha iniciado sesión', '2024-02-06 16:40:00'),
	(979, 11, 'El usuario: LABORATORIO Ha iniciado sesión', '2024-02-06 16:40:31'),
	(980, 1, 'El usuario: Informatica Ha iniciado sesión', '2024-02-06 17:05:40'),
	(981, 11, 'El usuario: LABORATORIO Ha iniciado sesión', '2024-02-06 17:14:20'),
	(982, 1, 'El usuario: Informatica Ha iniciado sesión', '2024-02-06 17:14:28'),
	(983, 11, 'El usuario: LABORATORIO Ha iniciado sesión', '2024-02-06 17:51:09'),
	(984, 1, 'El usuario: Informatica Ha iniciado sesión', '2024-02-06 17:51:22'),
	(985, 1, 'El usuario: Informatica Ha iniciado sesión', '2024-02-07 13:46:45'),
	(986, 1, 'El usuario: Informatica Ha iniciado sesión', '2024-02-09 14:39:32'),
	(987, 1, 'El usuario: Informatica Ha iniciado sesión', '2024-02-13 20:25:11'),
	(988, 1, 'El usuario: Informatica Ha iniciado sesión', '2024-02-14 14:07:47'),
	(989, 1, 'El usuario: Informatica Ha iniciado sesión', '2024-02-14 14:37:23'),
	(990, 1, 'El usuario: Informatica Ha iniciado sesión', '2024-02-14 14:38:10'),
	(991, 1, 'El usuario: Informatica Ha iniciado sesión', '2024-02-14 14:51:31'),
	(992, 11, 'El usuario: LABORATORIO Ha iniciado sesión', '2024-02-14 14:52:01'),
	(993, 1, 'El usuario: Informatica Ha iniciado sesión', '2024-02-14 14:52:22'),
	(994, 11, 'El usuario: LABORATORIO Ha iniciado sesión', '2024-02-14 15:15:36'),
	(995, 1, 'El usuario: Informatica Ha iniciado sesión', '2024-02-14 15:16:35'),
	(996, 1, 'El usuario: Informatica Ha iniciado sesión', '2024-02-14 15:16:57'),
	(997, 1, 'El usuario: Informatica Ha iniciado sesión', '2024-02-14 20:49:16'),
	(998, 1, 'El usuario: Informatica Ha iniciado sesión', '2024-02-15 15:27:36'),
	(999, 1, 'El usuario: Informatica Ha iniciado sesión', '2024-02-15 20:04:25'),
	(1000, 1, 'El usuario: Informatica Ha iniciado sesión', '2024-02-17 15:58:59'),
	(1001, 1, 'El usuario: Informatica Ha iniciado sesión', '2024-02-19 13:44:59'),
	(1002, 1, 'El usuario: Informatica Ha iniciado sesión', '2024-02-20 14:17:18'),
	(1003, 1, 'El usuario: Informatica Ha iniciado sesión', '2024-02-21 13:36:14'),
	(1004, 1, 'El usuario: Informatica Ha iniciado sesión', '2024-02-21 22:06:41'),
	(1005, 1, 'El usuario: Informatica Ha iniciado sesión', '2024-02-22 13:59:19'),
	(1006, 1, 'El usuario: Informatica Ha iniciado sesión', '2024-02-22 21:01:30'),
	(1007, 1, 'El usuario: Informatica Ha iniciado sesión', '2024-02-24 15:43:39'),
	(1008, 1, 'El usuario: Informatica Ha iniciado sesión', '2024-02-26 13:57:35'),
	(1009, 11, 'El usuario: LABORATORIO Ha iniciado sesión', '2024-02-26 16:49:58'),
	(1010, 11, 'El usuario: LABORATORIO Ha iniciado sesión', '2024-02-26 16:51:05'),
	(1011, 11, 'El usuario: LABORATORIO Ha iniciado sesión', '2024-02-26 16:51:30'),
	(1012, 1, 'El usuario: Informatica Ha iniciado sesión', '2024-02-26 21:25:21'),
	(1013, 1, 'El usuario: Informatica Ha iniciado sesión', '2024-02-27 13:44:56'),
	(1014, 1, 'El usuario: Informatica Ha iniciado sesión', '2024-02-28 13:57:56'),
	(1015, 1, 'El usuario: Informatica Ha iniciado sesión', '2024-02-28 19:44:33'),
	(1016, 1, 'El usuario: Informatica Ha iniciado sesión', '2024-02-28 21:50:31'),
	(1017, 1, 'El usuario: Informatica Ha iniciado sesión', '2024-02-29 15:20:50'),
	(1018, 7, 'El usuario: WENDY SERPAS Ha iniciado sesión', '2024-02-29 15:47:15'),
	(1019, 1, 'El usuario: Informatica Ha iniciado sesión', '2024-02-29 15:53:07'),
	(1020, 7, 'El usuario: WENDY SERPAS Ha iniciado sesión', '2024-02-29 15:53:15'),
	(1021, 1, 'El usuario: Informatica Ha iniciado sesión', '2024-02-29 15:53:36'),
	(1022, 7, 'El usuario: WENDY SERPAS Ha iniciado sesión', '2024-02-29 15:53:49'),
	(1023, 1, 'El usuario: Informatica Ha iniciado sesión', '2024-02-29 16:05:12'),
	(1024, 1, 'El usuario: Informatica Ha iniciado sesión', '2024-02-29 16:57:05'),
	(1025, 1, 'El usuario: Informatica Ha iniciado sesión', '2024-02-29 20:49:03'),
	(1026, 1, 'El usuario: Informatica Ha iniciado sesión', '2024-02-29 20:53:06'),
	(1027, 1, 'El usuario: Informatica Ha iniciado sesión', '2024-02-29 21:00:59'),
	(1028, 1, 'El usuario: Informatica Ha iniciado sesión', '2024-02-29 21:26:04'),
	(1029, 8, 'El usuario: JACQUELINNE TREJO Ha iniciado sesión', '2024-02-29 21:31:06'),
	(1030, 7, 'El usuario: WENDY SERPAS Ha iniciado sesión', '2024-02-29 21:31:29'),
	(1031, 1, 'El usuario: Informatica Ha iniciado sesión', '2024-02-29 21:35:53'),
	(1032, 11, 'El usuario: LABORATORIO Ha iniciado sesión', '2024-02-29 21:45:32'),
	(1033, 1, 'El usuario: Informatica Ha iniciado sesión', '2024-02-29 21:47:40'),
	(1034, 7, 'El usuario: WENDY SERPAS Ha iniciado sesión', '2024-02-29 21:47:53'),
	(1035, 5, 'El usuario: ELENA CRUZ Ha iniciado sesión', '2024-02-29 21:49:08'),
	(1036, 2, 'El usuario: CARLA ORTEZ Ha iniciado sesión', '2024-02-29 21:49:51'),
	(1037, 1, 'El usuario: Informatica Ha iniciado sesión', '2024-02-29 21:50:07'),
	(1038, 2, 'El usuario: CARLA ORTEZ Ha iniciado sesión', '2024-02-29 21:50:26'),
	(1039, 6, 'El usuario: ALBA RAMIREZ Ha iniciado sesión', '2024-02-29 21:51:11'),
	(1040, 8, 'El usuario: JACQUELINNE TREJO Ha iniciado sesión', '2024-02-29 21:52:46'),
	(1041, 6, 'El usuario: ALBA RAMIREZ Ha iniciado sesión', '2024-02-29 21:54:08'),
	(1042, 1, 'El usuario: Informatica Ha iniciado sesión', '2024-02-29 22:22:55'),
	(1043, 1, 'El usuario: Informatica Ha iniciado sesión', '2024-03-01 13:37:57'),
	(1044, 1, 'El usuario: Informatica Ha iniciado sesión', '2024-03-01 13:54:57'),
	(1045, 1, 'El usuario: Informatica Ha iniciado sesión', '2024-03-01 14:53:34'),
	(1046, 1, 'El usuario: Informatica Creo la hoja de laboratorio con ID = 22 corespondiente al paciente Marcos Antonio Cruz', '2024-03-01 15:32:10'),
	(1047, 1, 'El usuario: Informatica Ha iniciado sesión', '2024-03-01 20:47:01'),
	(1048, 1, 'El usuario: Informatica Ha iniciado sesión', '2024-03-02 15:52:45'),
	(1049, 1, 'El usuario: Informatica Ha iniciado sesión', '2024-03-04 13:42:57'),
	(1050, 1, 'El usuario: Informatica Ha iniciado sesión', '2024-03-04 16:57:18'),
	(1051, 1, 'El usuario: Informatica Ha iniciado sesión', '2024-03-05 16:30:58'),
	(1052, 1, 'El usuario: Informatica Ha iniciado sesión', '2024-03-05 20:18:31'),
	(1053, 1, 'El usuario: Informatica Ha iniciado sesión', '2024-03-07 15:00:58'),
	(1054, 1, 'El usuario: Informatica Ha iniciado sesión', '2024-03-07 19:54:01'),
	(1055, 1, 'El usuario: Informatica Ha iniciado sesión', '2024-03-11 16:49:56'),
	(1056, 11, 'El usuario: LABORATORIO Ha iniciado sesión', '2024-03-11 17:22:48'),
	(1057, 1, 'El usuario: Informatica Ha iniciado sesión', '2024-03-14 13:29:45'),
	(1058, 1, 'El usuario: Informatica Ha iniciado sesión', '2024-03-14 22:05:19'),
	(1059, 1, 'El usuario: Informatica Ha iniciado sesión', '2024-03-15 14:19:32'),
	(1060, 1, 'El usuario: Informatica Ha iniciado sesión', '2024-03-18 14:39:55'),
	(1061, 1, 'El usuario: Informatica Ha iniciado sesión', '2024-03-18 20:52:15'),
	(1062, 1, 'El usuario: Informatica Ha iniciado sesión', '2024-03-19 13:43:42'),
	(1063, 12, 'El usuario: SALAS Ha iniciado sesión', '2024-03-19 15:48:51'),
	(1064, 1, 'El usuario: Informatica Ha iniciado sesión', '2024-03-25 13:54:44'),
	(1065, 1, 'El usuario: Informatica Ha iniciado sesión', '2024-03-25 15:17:38'),
	(1066, 1, 'El usuario: Informatica Ha iniciado sesión', '2024-04-02 15:46:39'),
	(1067, 1, 'El usuario: Informatica Ha iniciado sesión', '2024-04-02 16:26:45'),
	(1068, 1, 'El usuario: Informatica Ha iniciado sesión', '2024-04-03 15:06:04'),
	(1069, 1, 'El usuario: Informatica Ha iniciado sesión', '2024-04-04 14:01:50'),
	(1070, 1, 'El usuario: Informatica Ha iniciado sesión', '2024-04-04 14:15:36'),
	(1071, 1, 'El usuario: Informatica Ha iniciado sesión', '2024-04-04 14:21:46'),
	(1072, 1, 'El usuario: Informatica Ha iniciado sesión', '2024-04-04 14:25:24'),
	(1073, 1, 'El usuario: Informatica Ha iniciado sesión', '2024-04-04 14:25:50'),
	(1074, 1, 'El usuario: Informatica Ha iniciado sesión', '2024-04-04 14:28:02'),
	(1075, 1, 'El usuario: Informatica Ha iniciado sesión', '2024-04-04 14:31:49'),
	(1076, 1, 'El usuario: Informatica Ha iniciado sesión', '2024-04-04 14:33:40'),
	(1077, 1, 'El usuario: Informatica Ha iniciado sesión', '2024-04-04 14:34:00'),
	(1078, 1, 'El usuario: Informatica Ha iniciado sesión', '2024-04-06 16:13:19'),
	(1079, 1, 'El usuario: Informatica Ha iniciado sesión', '2024-04-08 14:26:10'),
	(1080, 1, 'El usuario: Informatica Ha iniciado sesión', '2024-04-16 14:09:31');

-- Volcando estructura para tabla db_hospital_orellana.tbl_cargos
CREATE TABLE IF NOT EXISTS `tbl_cargos` (
  `idCargo` int(11) NOT NULL AUTO_INCREMENT,
  `nombreCargo` varchar(50) NOT NULL,
  PRIMARY KEY (`idCargo`)
) ENGINE=InnoDB AUTO_INCREMENT=14 DEFAULT CHARSET=utf8 COLLATE=utf8_spanish_ci;

-- Volcando datos para la tabla db_hospital_orellana.tbl_cargos: ~12 rows (aproximadamente)
INSERT INTO `tbl_cargos` (`idCargo`, `nombreCargo`) VALUES
	(1, 'Ingeniero de Sistemas Informáticos'),
	(3, 'Lic. en Enfermería'),
	(4, 'Auxiliar de Enfermería'),
	(5, 'Enfermera'),
	(6, 'Contabilidad'),
	(7, 'Auxiliar de Limpieza'),
	(8, 'Gerente'),
	(9, 'Botiquín '),
	(10, 'Administrador de cuentas'),
	(11, 'Cajera'),
	(12, 'Laboratorio'),
	(13, 'Rayos X');

-- Volcando estructura para tabla db_hospital_orellana.tbl_citas_hemodialisis
CREATE TABLE IF NOT EXISTS `tbl_citas_hemodialisis` (
  `idCita` int(11) NOT NULL AUTO_INCREMENT,
  `idPaciente` int(11) NOT NULL,
  `pacienteCita` varchar(50) NOT NULL,
  `turnoCita` int(11) NOT NULL,
  `fechaCita` varchar(10) NOT NULL,
  `responsablePaciente` varchar(50) NOT NULL,
  `telRespPaciente` varchar(10) NOT NULL,
  `estadoCita` int(11) NOT NULL,
  `hojaCobro` int(11) NOT NULL,
  `valeGenerado` int(11) NOT NULL DEFAULT 0,
  `creacionCita` timestamp NOT NULL DEFAULT current_timestamp(),
  PRIMARY KEY (`idCita`)
) ENGINE=InnoDB AUTO_INCREMENT=17 DEFAULT CHARSET=utf8 COLLATE=utf8_spanish_ci;

-- Volcando datos para la tabla db_hospital_orellana.tbl_citas_hemodialisis: ~16 rows (aproximadamente)
INSERT INTO `tbl_citas_hemodialisis` (`idCita`, `idPaciente`, `pacienteCita`, `turnoCita`, `fechaCita`, `responsablePaciente`, `telRespPaciente`, `estadoCita`, `hojaCobro`, `valeGenerado`, `creacionCita`) VALUES
	(1, 78, 'Josefina Flores', 1, '2022-02-14', 'Maria Perez', '0000-0000', 0, 103, 0, '2022-02-14 21:08:23'),
	(2, 4, 'Pedro Pablo Castillo', 1, '2022-02-15', 'Maria Perez', '0000-0000', 0, 104, 0, '2022-02-15 15:42:47'),
	(3, 55, 'GERMAN ALFREDO LÓPEZ', 1, '2022-02-15', 'Maria Perez', '7412-3569', 0, 105, 0, '2022-02-15 16:15:14'),
	(4, 31, 'Edwin Orantes', 2, '2022-02-17', 'Matilde Nazario', '7845-6231', 1, 0, 0, '2022-02-17 17:03:26'),
	(5, 15, 'Alexander Komarov', 2, '2022-02-17', 'Sabrina Flores', '7845-6123', 1, 0, 0, '2022-02-17 17:06:04'),
	(6, 78, 'Josefina Flores', 1, '2022-02-18', 'Maria Perez', '7365-9842', 0, 107, 0, '2022-02-17 17:59:04'),
	(7, 60, 'Mark Sucaritas', 2, '2022-02-17', 'Francisco Suarez', '7421-3659', 0, 106, 0, '2022-02-17 18:00:38'),
	(8, 32, 'Victor Valdez', 1, '2022-02-18', 'Flor Ventura', '7421-3659', 0, 109, 0, '2022-02-18 14:14:18'),
	(9, 80, 'Juan Perez', 1, '2022-02-18', 'Carla Perez', '7123-6598', 0, 110, 0, '2022-02-18 15:53:21'),
	(10, 78, 'Josefina Flores', 2, '2023-11-29', 'Leonel Messi', '7895-6231', 0, 172, 1, '2022-02-18 19:54:07'),
	(11, 22, 'Carina Alejandra Gomez Lazo', 2, '2023-11-29', 'Sabrina Flores', '7421-3659', 0, 173, 1, '2022-02-19 17:23:19'),
	(12, 1, 'Francisco Adalberto Chevez', 2, '2023-11-29', '-', '0000-0000', 0, 170, 1, '2022-03-24 16:05:02'),
	(13, 5, 'Claudia Patricia Garcia', 2, '2023-11-29', 'Jorge Antonio Garcia', '7864-3253', 0, 171, 1, '2023-09-19 20:16:50'),
	(14, 5, 'Claudia Patricia Garcia', 1, '2024-02-27', 'Jorge Antonio Garcia', '7864-3253', 1, 0, 0, '2024-02-27 14:24:30'),
	(15, 109, 'Saul Ernesto Flores', 1, '2024-02-27', 'Maria Flores Beltran', '7456-9813', 1, 0, 0, '2024-02-27 14:27:59'),
	(16, 125, 'Elena Abigail Cruz', 1, '2024-02-27', 'Marvin Cisneros', '7896-5231', 1, 0, 0, '2024-02-27 14:28:41');

-- Volcando estructura para tabla db_hospital_orellana.tbl_clasificacion_cg
CREATE TABLE IF NOT EXISTS `tbl_clasificacion_cg` (
  `idClasificacionCG` int(11) NOT NULL AUTO_INCREMENT,
  `nombreCG` varchar(30) NOT NULL,
  PRIMARY KEY (`idClasificacionCG`)
) ENGINE=InnoDB AUTO_INCREMENT=6 DEFAULT CHARSET=utf8 COLLATE=utf8_spanish_ci;

-- Volcando datos para la tabla db_hospital_orellana.tbl_clasificacion_cg: ~5 rows (aproximadamente)
INSERT INTO `tbl_clasificacion_cg` (`idClasificacionCG`, `nombreCG`) VALUES
	(1, 'Compras'),
	(2, 'Gastos de administración'),
	(3, 'Gastos de ventas'),
	(4, 'Gastos financieros'),
	(5, 'Otros gastos');

-- Volcando estructura para tabla db_hospital_orellana.tbl_clasificacion_medicamentos
CREATE TABLE IF NOT EXISTS `tbl_clasificacion_medicamentos` (
  `idClasificacionMedicamento` int(11) NOT NULL AUTO_INCREMENT,
  `nombreClasificacionMedicamento` varchar(50) NOT NULL,
  PRIMARY KEY (`idClasificacionMedicamento`)
) ENGINE=InnoDB AUTO_INCREMENT=28 DEFAULT CHARSET=utf8 COLLATE=utf8_spanish_ci;

-- Volcando datos para la tabla db_hospital_orellana.tbl_clasificacion_medicamentos: ~27 rows (aproximadamente)
INSERT INTO `tbl_clasificacion_medicamentos` (`idClasificacionMedicamento`, `nombreClasificacionMedicamento`) VALUES
	(1, 'Analgésicos'),
	(2, 'Anestésico'),
	(3, 'Antialérgicos'),
	(4, 'Anticoagulantes '),
	(5, 'Antiácidos '),
	(6, 'Antibióticos '),
	(7, 'Atropínicos '),
	(8, 'Cardiovascular '),
	(9, 'Controlados '),
	(10, 'Diuréticos '),
	(11, 'Esteroides '),
	(12, 'Gastrointestinal '),
	(13, 'Gíneco-obstétrico '),
	(14, 'Hematológico '),
	(15, 'Insumos médicos '),
	(16, 'Medicamentos de usos varios '),
	(17, 'Muestras médicas '),
	(18, 'Neumológicos '),
	(19, 'Neurológicos '),
	(20, 'Relajante muscular '),
	(21, 'Endocrinológicos '),
	(22, 'Servicios externos '),
	(23, 'Soluciones intravenosa '),
	(24, 'Respiratorios '),
	(25, 'Urológico '),
	(26, 'Vitaminas '),
	(27, 'Otros');

-- Volcando estructura para tabla db_hospital_orellana.tbl_clasificacion_ri
CREATE TABLE IF NOT EXISTS `tbl_clasificacion_ri` (
  `idClasificacionRI` int(11) NOT NULL AUTO_INCREMENT,
  `nombreClasificacionRI` varchar(30) NOT NULL,
  PRIMARY KEY (`idClasificacionRI`)
) ENGINE=InnoDB AUTO_INCREMENT=5 DEFAULT CHARSET=utf8 COLLATE=utf8_spanish_ci;

-- Volcando datos para la tabla db_hospital_orellana.tbl_clasificacion_ri: ~4 rows (aproximadamente)
INSERT INTO `tbl_clasificacion_ri` (`idClasificacionRI`, `nombreClasificacionRI`) VALUES
	(1, 'Insumos'),
	(2, 'Quimica pruebas especiales'),
	(3, 'Bactereología'),
	(4, 'Medios de cultivo');

-- Volcando estructura para tabla db_hospital_orellana.tbl_coagulacion
CREATE TABLE IF NOT EXISTS `tbl_coagulacion` (
  `idCoagulacion` int(11) NOT NULL AUTO_INCREMENT,
  `examenSolicitado` int(11) NOT NULL,
  `tiempoProtombina` varchar(25) NOT NULL,
  `tiempoTromboplastina` varchar(25) NOT NULL,
  `fibrinogeno` varchar(25) NOT NULL,
  `inr` varchar(25) NOT NULL,
  `tiempoSangramiento` varchar(25) NOT NULL,
  `tiempoCoagulacion` varchar(25) NOT NULL,
  `observacion` varchar(25) NOT NULL,
  `fechaCreacion` timestamp NOT NULL DEFAULT current_timestamp(),
  PRIMARY KEY (`idCoagulacion`)
) ENGINE=InnoDB AUTO_INCREMENT=15 DEFAULT CHARSET=utf8 COLLATE=utf8_spanish_ci;

-- Volcando datos para la tabla db_hospital_orellana.tbl_coagulacion: ~6 rows (aproximadamente)
INSERT INTO `tbl_coagulacion` (`idCoagulacion`, `examenSolicitado`, `tiempoProtombina`, `tiempoTromboplastina`, `fibrinogeno`, `inr`, `tiempoSangramiento`, `tiempoCoagulacion`, `observacion`, `fechaCreacion`) VALUES
	(1, 722, '66', '55', '44', '33', '22', '11', '654321', '2021-08-13 22:20:09'),
	(3, 699, '1', '1', '2', '2', '3', '3', '112233', '2021-08-14 16:33:30'),
	(5, 722, '1', '2', '3', '4', '5', '6', 'test perrin update', '2021-10-11 17:57:47'),
	(7, 685, '12 SEGUNDOS', '32', '250', '1.3', '3', '8', 'JAJA', '2021-10-14 17:56:45'),
	(8, 672, '1', '1', '1', '1', '1', '11', 'test', '2021-10-15 16:25:10'),
	(14, 858, '1', '1', '', '', '', '', '', '2023-12-04 14:10:23');

-- Volcando estructura para tabla db_hospital_orellana.tbl_cola_laboratorio
CREATE TABLE IF NOT EXISTS `tbl_cola_laboratorio` (
  `idCola` int(11) NOT NULL AUTO_INCREMENT,
  `idPaciente` int(11) NOT NULL,
  `idHoja` int(11) NOT NULL,
  `consultaGenerada` int(11) NOT NULL DEFAULT 0,
  `fechaCola` timestamp NOT NULL DEFAULT current_timestamp(),
  PRIMARY KEY (`idCola`)
) ENGINE=InnoDB AUTO_INCREMENT=11 DEFAULT CHARSET=utf8mb4 COLLATE=utf8mb4_spanish_ci;

-- Volcando datos para la tabla db_hospital_orellana.tbl_cola_laboratorio: ~7 rows (aproximadamente)
INSERT INTO `tbl_cola_laboratorio` (`idCola`, `idPaciente`, `idHoja`, `consultaGenerada`, `fechaCola`) VALUES
	(1, 127, 181, 17, '2024-02-26 14:10:22'),
	(2, 128, 182, 20, '2024-02-26 17:56:48'),
	(3, 129, 183, 18, '2024-02-28 14:08:58'),
	(4, 127, 184, 21, '2024-02-29 21:36:48'),
	(5, 130, 185, 0, '2024-02-29 21:38:05'),
	(6, 2, 186, 0, '2024-03-07 20:44:06'),
	(7, 15, 187, 0, '2024-03-07 20:46:27'),
	(8, 132, 188, 0, '2024-03-19 14:41:25'),
	(9, 2, 189, 0, '2024-04-01 14:54:08'),
	(10, 125, 190, 0, '2024-04-05 20:45:40');

-- Volcando estructura para tabla db_hospital_orellana.tbl_cola_rx
CREATE TABLE IF NOT EXISTS `tbl_cola_rx` (
  `idColaRx` int(11) NOT NULL AUTO_INCREMENT,
  `idHoja` int(11) NOT NULL,
  `estadoColaRx` int(11) NOT NULL DEFAULT 1,
  `examenRx` text NOT NULL,
  `fechaColaRx` timestamp NOT NULL DEFAULT current_timestamp(),
  PRIMARY KEY (`idColaRx`)
) ENGINE=InnoDB AUTO_INCREMENT=5 DEFAULT CHARSET=utf8mb4 COLLATE=utf8mb4_general_ci;

-- Volcando datos para la tabla db_hospital_orellana.tbl_cola_rx: ~1 rows (aproximadamente)
INSERT INTO `tbl_cola_rx` (`idColaRx`, `idHoja`, `estadoColaRx`, `examenRx`, `fechaColaRx`) VALUES
	(1, 187, 1, '', '2024-03-07 20:46:27'),
	(2, 188, 1, 'RX-PELVIS, RX-CRANEO', '2024-03-19 14:41:25'),
	(3, 189, 0, 'RX-CLAVICULA', '2024-04-01 14:54:08'),
	(4, 190, 1, ', RX-CLAVICULA', '2024-04-05 20:45:40');

-- Volcando estructura para tabla db_hospital_orellana.tbl_compras_hemo
CREATE TABLE IF NOT EXISTS `tbl_compras_hemo` (
  `idCompraHemo` int(11) NOT NULL AUTO_INCREMENT,
  `tipoCompraHemo` varchar(25) NOT NULL,
  `documentoCompraHemo` varchar(25) NOT NULL,
  `numeroCompraHemo` int(11) NOT NULL,
  `idProveedor` int(11) NOT NULL DEFAULT 0,
  `fechaCompraHemo` date NOT NULL,
  `plazoCompraHemo` int(11) NOT NULL,
  `descripcionCompraHemo` text NOT NULL,
  `totalCompraHemo` decimal(9,2) NOT NULL,
  `fechaIngreso` timestamp NOT NULL DEFAULT current_timestamp(),
  `estadoCompraHemo` int(11) NOT NULL DEFAULT 1,
  `ivaPercibido` decimal(9,2) NOT NULL,
  `descuentoCompraHemo` decimal(9,2) NOT NULL,
  `otrosCompraHemo` decimal(9,2) NOT NULL,
  PRIMARY KEY (`idCompraHemo`)
) ENGINE=InnoDB AUTO_INCREMENT=2 DEFAULT CHARSET=utf8 COLLATE=utf8_spanish_ci;

-- Volcando datos para la tabla db_hospital_orellana.tbl_compras_hemo: ~1 rows (aproximadamente)
INSERT INTO `tbl_compras_hemo` (`idCompraHemo`, `tipoCompraHemo`, `documentoCompraHemo`, `numeroCompraHemo`, `idProveedor`, `fechaCompraHemo`, `plazoCompraHemo`, `descripcionCompraHemo`, `totalCompraHemo`, `fechaIngreso`, `estadoCompraHemo`, `ivaPercibido`, `descuentoCompraHemo`, `otrosCompraHemo`) VALUES
	(1, 'Compra de medicamentos', 'Crédito fiscal', 2569, 10, '2022-09-23', 30, 'Compra de insumos para hemodiálisis.', 0.00, '2022-09-23 17:47:07', 1, 1.23, 10.00, 0.00);

-- Volcando estructura para tabla db_hospital_orellana.tbl_compras_lab
CREATE TABLE IF NOT EXISTS `tbl_compras_lab` (
  `idCompraLab` int(11) NOT NULL AUTO_INCREMENT,
  `tipoCompraLab` varchar(25) NOT NULL,
  `documentoCompraLab` varchar(25) NOT NULL,
  `numeroCompraLab` int(11) NOT NULL,
  `idProveedor` int(11) NOT NULL,
  `fechaCompraLab` date NOT NULL,
  `plazoCompraLab` int(11) NOT NULL,
  `descripcionCompraLab` text NOT NULL,
  `totalCompraLab` decimal(9,2) NOT NULL,
  `fechaIngreso` timestamp NOT NULL DEFAULT current_timestamp(),
  `estadoCompraLab` int(11) NOT NULL,
  `ivaPercibido` decimal(9,2) NOT NULL,
  `descuentoCompraLab` decimal(9,2) NOT NULL,
  PRIMARY KEY (`idCompraLab`)
) ENGINE=InnoDB AUTO_INCREMENT=2 DEFAULT CHARSET=utf8 COLLATE=utf8_spanish_ci;

-- Volcando datos para la tabla db_hospital_orellana.tbl_compras_lab: ~1 rows (aproximadamente)
INSERT INTO `tbl_compras_lab` (`idCompraLab`, `tipoCompraLab`, `documentoCompraLab`, `numeroCompraLab`, `idProveedor`, `fechaCompraLab`, `plazoCompraLab`, `descripcionCompraLab`, `totalCompraLab`, `fechaIngreso`, `estadoCompraLab`, `ivaPercibido`, `descuentoCompraLab`) VALUES
	(1, 'Compra de medicamentos', 'Crédito fiscal', 5623, 9, '2022-05-24', 30, 'Compra de reactivos', 0.00, '2022-05-24 18:09:52', 1, 0.00, 0.00);

-- Volcando estructura para tabla db_hospital_orellana.tbl_compras_limpieza
CREATE TABLE IF NOT EXISTS `tbl_compras_limpieza` (
  `idCompraLimpieza` int(11) NOT NULL AUTO_INCREMENT,
  `tipoCompraLimpieza` varchar(25) NOT NULL,
  `documentoCompraLimpieza` varchar(25) NOT NULL,
  `numeroCompraLimpieza` int(11) NOT NULL,
  `nombreProveedor` varchar(50) NOT NULL,
  `fechaCompraLimpieza` date NOT NULL,
  `plazoCompraLimpieza` int(11) NOT NULL,
  `descripcionCompraLimpieza` text NOT NULL,
  `totalCompraLimpieza` decimal(9,2) NOT NULL,
  `fechaIngreso` timestamp NOT NULL DEFAULT current_timestamp(),
  `estadoCompraLimpieza` int(11) NOT NULL,
  `ivaPercibido` decimal(9,2) NOT NULL,
  `descuentoCompraLimpieza` decimal(9,2) NOT NULL,
  `otrosCompraLimpieza` decimal(9,2) NOT NULL,
  PRIMARY KEY (`idCompraLimpieza`)
) ENGINE=InnoDB AUTO_INCREMENT=4 DEFAULT CHARSET=utf8 COLLATE=utf8_spanish_ci;

-- Volcando datos para la tabla db_hospital_orellana.tbl_compras_limpieza: ~3 rows (aproximadamente)
INSERT INTO `tbl_compras_limpieza` (`idCompraLimpieza`, `tipoCompraLimpieza`, `documentoCompraLimpieza`, `numeroCompraLimpieza`, `nombreProveedor`, `fechaCompraLimpieza`, `plazoCompraLimpieza`, `descripcionCompraLimpieza`, `totalCompraLimpieza`, `fechaIngreso`, `estadoCompraLimpieza`, `ivaPercibido`, `descuentoCompraLimpieza`, `otrosCompraLimpieza`) VALUES
	(1, 'Compra de medicamentos', 'Crédito fiscal', 2256, 'Walmart', '2022-08-24', 0, 'Compra de insumos de limpieza', 0.00, '2022-08-24 18:25:56', 1, 3.00, 2.00, 0.00),
	(2, 'Compra de medicamentos', 'Crédito fiscal', 2254, '4', '2022-09-23', 0, 'Compra de insumos de hemodiálisis', 0.00, '2022-09-23 17:40:56', 0, 0.00, 0.00, 0.00),
	(3, 'Compra de medicamentos', 'Crédito fiscal', 3625, 'Tienda GALO', '2023-05-30', 0, 'Compra de insumos.', 0.00, '2023-05-30 16:40:38', 1, 0.00, 0.00, 0.00);

-- Volcando estructura para tabla db_hospital_orellana.tbl_constancia
CREATE TABLE IF NOT EXISTS `tbl_constancia` (
  `idConstancia` int(11) NOT NULL AUTO_INCREMENT,
  `pacienteConstancia` varchar(75) NOT NULL,
  `sexoConstancia` varchar(5) NOT NULL,
  `edadConstancia` int(11) NOT NULL,
  `diaConstancia` int(11) NOT NULL,
  `mesConstancia` varchar(15) NOT NULL,
  `encargadoConstancia` varchar(50) NOT NULL,
  `fechaConstancia` timestamp NOT NULL DEFAULT current_timestamp(),
  PRIMARY KEY (`idConstancia`)
) ENGINE=InnoDB AUTO_INCREMENT=4 DEFAULT CHARSET=utf8 COLLATE=utf8_spanish_ci;

-- Volcando datos para la tabla db_hospital_orellana.tbl_constancia: ~2 rows (aproximadamente)
INSERT INTO `tbl_constancia` (`idConstancia`, `pacienteConstancia`, `sexoConstancia`, `edadConstancia`, `diaConstancia`, `mesConstancia`, `encargadoConstancia`, `fechaConstancia`) VALUES
	(1, 'Edwin Alexander Cortez Orantes', 'M', 29, 20, 'Septiembre', 'ING. JOSE ERNESTO ALVARADO.', '2021-09-20 15:41:37'),
	(3, 'Maria del Carmen Pineda Torres', 'F', 32, 5, 'Septiembre', 'ING. JOSE ERNESTO ALVARADO.', '2021-09-21 15:50:15');

-- Volcando estructura para tabla db_hospital_orellana.tbl_consulta_laboratorio
CREATE TABLE IF NOT EXISTS `tbl_consulta_laboratorio` (
  `idConsultaLaboratorio` int(11) NOT NULL AUTO_INCREMENT,
  `idHoja` int(11) NOT NULL,
  `idPaciente` int(11) NOT NULL,
  `idMedico` int(11) NOT NULL,
  `codigoConsulta` int(11) NOT NULL,
  `tipoConsulta` int(11) NOT NULL,
  `cola` int(11) NOT NULL,
  `online` int(11) NOT NULL DEFAULT 0,
  `fechaConsultaLaboratorio` timestamp NOT NULL DEFAULT current_timestamp(),
  PRIMARY KEY (`idConsultaLaboratorio`)
) ENGINE=InnoDB AUTO_INCREMENT=23 DEFAULT CHARSET=utf8 COLLATE=utf8_spanish_ci;

-- Volcando datos para la tabla db_hospital_orellana.tbl_consulta_laboratorio: ~20 rows (aproximadamente)
INSERT INTO `tbl_consulta_laboratorio` (`idConsultaLaboratorio`, `idHoja`, `idPaciente`, `idMedico`, `codigoConsulta`, `tipoConsulta`, `cola`, `online`, `fechaConsultaLaboratorio`) VALUES
	(1, 0, 38, 10, 1000, 1, 0, 0, '2021-10-14 14:32:00'),
	(2, 0, 3, 14, 1001, 2, 0, 0, '2021-10-15 13:48:49'),
	(3, 0, 39, 12, 1002, 3, 0, 0, '2021-10-15 16:25:55'),
	(4, 0, 31, 2, 1003, 1, 0, 0, '2021-10-21 14:51:27'),
	(5, 0, 40, 1, 1004, 2, 0, 0, '2021-10-21 15:37:22'),
	(6, 0, 5, 3, 1005, 3, 0, 0, '2021-10-21 20:21:31'),
	(7, 0, 85, 3, 1006, 1, 0, 1, '2022-06-13 14:22:24'),
	(8, 0, 89, 2, 1007, 1, 0, 0, '2022-12-30 20:09:51'),
	(9, 0, 105, 1, 1008, 1, 0, 0, '2023-09-01 18:06:36'),
	(10, 0, 107, 1, 1009, 1, 0, 0, '2023-09-14 15:59:33'),
	(11, 0, 5, 1, 1010, 1, 0, 1, '2023-09-14 16:00:04'),
	(12, 0, 31, 2, 1011, 1, 0, 1, '2023-12-22 14:34:17'),
	(15, 181, 127, 2, 1012, 1, 1, 0, '2024-02-26 16:48:19'),
	(16, 182, 128, 4, 1013, 1, 2, 0, '2024-02-26 17:58:17'),
	(17, 183, 129, 6, 1014, 2, 1, 0, '2024-02-28 14:23:14'),
	(18, 183, 129, 4, 1015, 1, 3, 0, '2024-02-28 21:58:04'),
	(19, 185, 130, 4, 1016, 3, 2, 0, '2024-02-29 21:43:36'),
	(20, 185, 130, 3, 1017, 1, 2, 0, '2024-03-01 13:40:39'),
	(21, 185, 127, 2, 1018, 1, 4, 0, '2024-03-01 13:50:18'),
	(22, 0, 131, 3, 1019, 2, 0, 0, '2024-03-01 15:32:10');

-- Volcando estructura para tabla db_hospital_orellana.tbl_contancia_incapacidad
CREATE TABLE IF NOT EXISTS `tbl_contancia_incapacidad` (
  `idConstancia` int(11) NOT NULL AUTO_INCREMENT,
  `pacienteConstancia` varchar(75) NOT NULL,
  `sexoConstancia` varchar(15) NOT NULL,
  `edadConstancia` int(11) NOT NULL,
  `diaConstancia` int(11) NOT NULL,
  `mesConstancia` varchar(20) NOT NULL,
  `cirugiaConstancia` text NOT NULL,
  `duracionConstancia` int(11) NOT NULL,
  `encargadoConstancia` varchar(50) NOT NULL,
  `puestoEConstancia` varchar(50) NOT NULL,
  `fechaConstancia` timestamp NOT NULL DEFAULT current_timestamp(),
  PRIMARY KEY (`idConstancia`)
) ENGINE=InnoDB DEFAULT CHARSET=utf8 COLLATE=utf8_spanish_ci;

-- Volcando datos para la tabla db_hospital_orellana.tbl_contancia_incapacidad: ~0 rows (aproximadamente)

-- Volcando estructura para tabla db_hospital_orellana.tbl_control_cajeras
CREATE TABLE IF NOT EXISTS `tbl_control_cajeras` (
  `idControl` int(11) NOT NULL AUTO_INCREMENT,
  `idUsuario` int(11) NOT NULL DEFAULT 0,
  `idHoja` int(11) NOT NULL,
  `correlativoHoja` int(11) NOT NULL,
  `fechaGenerado` date NOT NULL,
  `fechaLiquidado` date NOT NULL,
  `estadoControl` int(11) NOT NULL DEFAULT 1,
  `turnoCorte` varchar(10) NOT NULL,
  `pivoteCorte` int(11) NOT NULL DEFAULT 0,
  `creadoControl` timestamp NOT NULL DEFAULT current_timestamp(),
  PRIMARY KEY (`idControl`) USING BTREE
) ENGINE=InnoDB AUTO_INCREMENT=30 DEFAULT CHARSET=utf8 COLLATE=utf8_spanish_ci;

-- Volcando datos para la tabla db_hospital_orellana.tbl_control_cajeras: ~24 rows (aproximadamente)
INSERT INTO `tbl_control_cajeras` (`idControl`, `idUsuario`, `idHoja`, `correlativoHoja`, `fechaGenerado`, `fechaLiquidado`, `estadoControl`, `turnoCorte`, `pivoteCorte`, `creadoControl`) VALUES
	(6, 1, 159, 75, '2023-10-24', '2023-10-25', 0, 'Dia', 4, '2023-10-24 15:02:19'),
	(7, 1, 158, 76, '2023-10-24', '2023-10-25', 0, 'Dia', 4, '2023-10-24 15:16:47'),
	(8, 1, 157, 77, '2023-10-24', '2023-10-25', 0, 'Dia', 4, '2023-10-24 15:17:51'),
	(9, 1, 161, 78, '2023-10-24', '2023-10-25', 0, 'Dia', 4, '2023-10-24 15:19:53'),
	(10, 1, 155, 79, '2023-10-25', '2023-10-25', 0, 'Noche', 5, '2023-10-25 16:59:40'),
	(11, 1, 156, 80, '2023-10-26', '2023-10-26', 0, 'Dia', 6, '2023-10-26 14:30:46'),
	(12, 1, 142, 81, '2023-10-26', '2023-10-26', 0, 'Dia', 6, '2023-10-26 14:31:31'),
	(13, 1, 139, 82, '2023-10-26', '2023-10-26', 0, 'Dia', 6, '2023-10-26 14:32:49'),
	(14, 1, 138, 83, '2023-10-26', '2023-10-26', 0, 'Dia', 6, '2023-10-26 14:33:47'),
	(15, 1, 137, 84, '2023-10-26', '2023-10-26', 0, 'Dia', 6, '2023-10-26 14:34:11'),
	(16, 1, 162, 85, '2023-10-31', '0000-00-00', 1, '', 0, '2023-10-31 17:02:36'),
	(17, 1, 21, 86, '2023-11-08', '0000-00-00', 1, '', 0, '2023-11-08 17:20:47'),
	(18, 1, 130, 87, '2023-11-09', '0000-00-00', 1, '', 0, '2023-11-09 15:52:42'),
	(19, 1, 127, 88, '2023-11-09', '0000-00-00', 1, '', 0, '2023-11-09 15:53:04'),
	(20, 1, 126, 89, '2023-11-09', '0000-00-00', 1, '', 0, '2023-11-09 15:53:45'),
	(21, 1, 123, 90, '2023-11-09', '0000-00-00', 1, '', 0, '2023-11-09 16:12:48'),
	(22, 1, 170, 91, '2023-11-29', '0000-00-00', 1, '', 0, '2023-11-29 15:17:46'),
	(23, 1, 172, 92, '2023-11-29', '0000-00-00', 1, '', 0, '2023-11-29 17:42:05'),
	(24, 1, 173, 93, '2023-11-29', '0000-00-00', 1, '', 0, '2023-11-29 17:42:15'),
	(25, 1, 171, 94, '2023-11-29', '0000-00-00', 1, '', 0, '2023-11-29 17:42:27'),
	(26, 1, 174, 95, '2023-12-04', '0000-00-00', 1, '', 0, '2023-12-04 17:10:25'),
	(27, 1, 175, 96, '2023-12-04', '0000-00-00', 1, '', 0, '2023-12-04 17:25:14'),
	(28, 1, 176, 97, '2023-12-04', '0000-00-00', 1, '', 0, '2023-12-04 18:08:31'),
	(29, 1, 169, 98, '2023-12-12', '0000-00-00', 1, '', 0, '2023-12-12 14:41:17');

-- Volcando estructura para tabla db_hospital_orellana.tbl_control_descuentos
CREATE TABLE IF NOT EXISTS `tbl_control_descuentos` (
  `idControlD` int(11) NOT NULL AUTO_INCREMENT,
  `idEmDes` int(11) NOT NULL,
  `cantidadControlD` decimal(9,2) NOT NULL,
  `creadoControlD` timestamp NOT NULL DEFAULT current_timestamp(),
  PRIMARY KEY (`idControlD`)
) ENGINE=InnoDB DEFAULT CHARSET=utf8 COLLATE=utf8_spanish_ci;

-- Volcando datos para la tabla db_hospital_orellana.tbl_control_descuentos: ~0 rows (aproximadamente)

-- Volcando estructura para tabla db_hospital_orellana.tbl_control_reactivos
CREATE TABLE IF NOT EXISTS `tbl_control_reactivos` (
  `idControlR` int(11) NOT NULL AUTO_INCREMENT,
  `idIReactivo` int(11) NOT NULL,
  `fechaInicio` date NOT NULL,
  `fechaFin` text NOT NULL,
  `cuentaUso` int(11) NOT NULL,
  `estadoControlR` int(11) NOT NULL,
  `conteoExamenes` int(11) NOT NULL DEFAULT 0,
  `fecha` timestamp NOT NULL DEFAULT current_timestamp(),
  PRIMARY KEY (`idControlR`)
) ENGINE=InnoDB AUTO_INCREMENT=11 DEFAULT CHARSET=utf8 COLLATE=utf8_spanish_ci;

-- Volcando datos para la tabla db_hospital_orellana.tbl_control_reactivos: ~8 rows (aproximadamente)
INSERT INTO `tbl_control_reactivos` (`idControlR`, `idIReactivo`, `fechaInicio`, `fechaFin`, `cuentaUso`, `estadoControlR`, `conteoExamenes`, `fecha`) VALUES
	(1, 49, '2022-08-16', '2022-08-18', 5, 0, 2, '2022-08-16 21:17:18'),
	(2, 56, '2022-08-16', '', 5, 1, 0, '2022-08-16 21:23:11'),
	(3, 53, '2022-08-16', '', 5, 1, 0, '2022-08-16 21:24:06'),
	(4, 56, '2022-08-16', '2022-08-20', 5, 0, 2, '2022-08-16 21:24:17'),
	(5, 51, '2022-08-16', '', 5, 1, 0, '2022-08-16 21:24:24'),
	(8, 49, '2022-08-18', '', 7, 1, 0, '2022-08-18 18:22:24'),
	(9, 168, '2022-08-20', '', 8, 1, 0, '2022-08-20 17:13:49'),
	(10, 56, '2022-08-20', '', 8, 1, 0, '2022-08-20 17:14:32');

-- Volcando estructura para tabla db_hospital_orellana.tbl_corte_cajera
CREATE TABLE IF NOT EXISTS `tbl_corte_cajera` (
  `idCorteCaja` int(11) NOT NULL AUTO_INCREMENT,
  `idUsuario` int(11) NOT NULL,
  `turnoCorte` varchar(10) NOT NULL,
  `fechaCorte` date NOT NULL,
  `creadoCorte` timestamp NOT NULL DEFAULT current_timestamp(),
  PRIMARY KEY (`idCorteCaja`)
) ENGINE=InnoDB AUTO_INCREMENT=7 DEFAULT CHARSET=utf8mb4 COLLATE=utf8mb4_general_ci;

-- Volcando datos para la tabla db_hospital_orellana.tbl_corte_cajera: ~3 rows (aproximadamente)
INSERT INTO `tbl_corte_cajera` (`idCorteCaja`, `idUsuario`, `turnoCorte`, `fechaCorte`, `creadoCorte`) VALUES
	(4, 1, 'Dia', '2023-10-25', '2023-10-25 16:57:23'),
	(5, 1, 'Noche', '2023-10-25', '2023-10-25 16:59:53'),
	(6, 1, 'Dia', '2023-10-26', '2023-10-26 14:37:27');

-- Volcando estructura para tabla db_hospital_orellana.tbl_cropologia
CREATE TABLE IF NOT EXISTS `tbl_cropologia` (
  `idCropologia` int(11) NOT NULL AUTO_INCREMENT,
  `examenSolicitado` int(11) NOT NULL,
  `colorCropologia` varchar(25) NOT NULL,
  `consistenciaCropologia` varchar(25) NOT NULL,
  `mucusCropologia` varchar(25) NOT NULL,
  `hematiesCropologia` varchar(25) NOT NULL,
  `leucocitosCropologia` varchar(25) NOT NULL,
  `ascarisCropologia` varchar(25) NOT NULL,
  `hymenolepisCropologia` varchar(25) NOT NULL,
  `uncinariasCropologia` varchar(25) NOT NULL,
  `tricocefalosCropologia` varchar(25) NOT NULL,
  `larvaStrongyloides` varchar(25) NOT NULL,
  `histolyticaQuistes` varchar(25) NOT NULL,
  `histolyticaTrofozoitos` varchar(25) NOT NULL,
  `coliQuistes` varchar(25) NOT NULL,
  `coliTrofozoitos` varchar(25) NOT NULL,
  `giardiaQuistes` varchar(25) NOT NULL,
  `giardiaTrofozoitos` varchar(25) NOT NULL,
  `blastocystisQuistes` varchar(25) NOT NULL,
  `blastocystisTrofozoitos` varchar(25) NOT NULL,
  `tricomonasQuistes` varchar(25) NOT NULL,
  `tricomonasTrofozoitos` varchar(25) NOT NULL,
  `mesnilliQuistes` varchar(25) NOT NULL,
  `mesnilliTrofozoitos` varchar(25) NOT NULL,
  `nanaQuistes` varchar(25) NOT NULL,
  `nanaTrofozoitos` varchar(25) NOT NULL,
  `restosMacroscopicos` varchar(25) NOT NULL,
  `restosMicroscopicos` varchar(25) NOT NULL,
  `observacionesCropologia` text NOT NULL,
  `fechaCropologia` timestamp NOT NULL DEFAULT current_timestamp(),
  PRIMARY KEY (`idCropologia`)
) ENGINE=InnoDB AUTO_INCREMENT=11 DEFAULT CHARSET=utf8 COLLATE=utf8_spanish_ci;

-- Volcando datos para la tabla db_hospital_orellana.tbl_cropologia: ~6 rows (aproximadamente)
INSERT INTO `tbl_cropologia` (`idCropologia`, `examenSolicitado`, `colorCropologia`, `consistenciaCropologia`, `mucusCropologia`, `hematiesCropologia`, `leucocitosCropologia`, `ascarisCropologia`, `hymenolepisCropologia`, `uncinariasCropologia`, `tricocefalosCropologia`, `larvaStrongyloides`, `histolyticaQuistes`, `histolyticaTrofozoitos`, `coliQuistes`, `coliTrofozoitos`, `giardiaQuistes`, `giardiaTrofozoitos`, `blastocystisQuistes`, `blastocystisTrofozoitos`, `tricomonasQuistes`, `tricomonasTrofozoitos`, `mesnilliQuistes`, `mesnilliTrofozoitos`, `nanaQuistes`, `nanaTrofozoitos`, `restosMacroscopicos`, `restosMicroscopicos`, `observacionesCropologia`, `fechaCropologia`) VALUES
	(1, 669, 'color', 'cosnsitencia', 'mucus', 'hematies', 'leucocitos', 'ascaris', 'hymenolepsis', 'uncinarias', 'tricocefalos', 'larava', '1', '1.1', '2', '2.1', '3', '3.1', '4', '4.1', '5', '5.1', '6', '6.1', '7', '7.1', 'macroscopicos', 'microscopicos', 'observaciones', '2021-08-19 20:05:18'),
	(3, 683, '1', '2', '3', '7', '8', '9', '4', '5', '6', '5', '1', '2', '1', '2', '1', '2', '1', '2', '1', '2', '1', '2', '1', '2', '5', '6', 'This is a test update', '2021-10-13 15:22:23'),
	(5, 683, 'CAFE', 'BLANDA', 'NEGATIVO', 'NO SE OBSERVAN', 'NO SE OBSERVAN', 'NO SE OBSERVAN', 'NO SE OBSERVAN', 'NO SE OBSERVAN', 'NO SE OBSERVAN', 'NO SE OBSERVAN', 'NO SE OBSERVAN', 'NO SE OBSERVAN', 'NO SE OBSERVAN', 'NO SE OBSERVAN', 'NO SE OBSERVAN', 'NO SE OBSERVAN', 'NO SE OBSERVAN', 'NO SE OBSERVAN', 'NO SE OBSERVAN', 'NO SE OBSERVAN', 'NO SE OBSERVAN', 'NO SE OBSERVAN', 'NO SE OBSERVAN', 'NO SE OBSERVAN', 'MODERADOS', 'MODERADOS', 'BLAAAA', '2021-10-14 17:16:11'),
	(6, 683, 'test', 'test', 'test', 'test', 'test', '1', '1', '1', '1', '1', 'test', 'test', 'test', 'test', 'test', 'test', 'test', 'test', 'test', 'test', 'test', 'test', 'test', 'test', 'test', 'test', 'This is a test', '2021-10-15 16:27:51'),
	(7, 683, '', '', '', '0-2 ', '2-4', 'NO SE OBSERVAN', 'NO SE OBSERVAN', 'NO SE OBSERVAN', 'NO SE OBSERVAN', 'NO SE OBSERVAN', 'NO SE OBSERVAN', 'NO SE OBSERVAN', 'NO SE OBSERVAN', 'NO SE OBSERVAN', 'NO SE OBSERVAN', 'NO SE OBSERVAN', 'NO SE OBSERVAN', 'NO SE OBSERVAN', 'NO SE OBSERVAN', 'NO SE OBSERVAN', 'NO SE OBSERVAN', 'NO SE OBSERVAN', 'NO SE OBSERVAN', 'NO SE OBSERVAN', '', '', '', '2022-03-16 16:24:21'),
	(10, 683, '1', '1', '1', '1', '1', 'NO SE OBSERVAN', 'NO SE OBSERVAN', 'NO SE OBSERVAN', 'NO SE OBSERVAN', 'NO SE OBSERVAN', 'NO SE OBSERVAN', 'NO SE OBSERVAN', 'NO SE OBSERVAN', 'NO SE OBSERVAN', 'NO SE OBSERVAN', 'NO SE OBSERVAN', 'NO SE OBSERVAN', 'NO SE OBSERVAN', 'NO SE OBSERVAN', 'NO SE OBSERVAN', 'NO SE OBSERVAN', 'NO SE OBSERVAN', 'NO SE OBSERVAN', 'NO SE OBSERVAN', '', '', '', '2023-12-04 14:11:47');

-- Volcando estructura para tabla db_hospital_orellana.tbl_cuentas_gastos
CREATE TABLE IF NOT EXISTS `tbl_cuentas_gastos` (
  `idCuenta` int(11) NOT NULL AUTO_INCREMENT,
  `nombreCuenta` varchar(75) NOT NULL,
  `clasificacionCuenta` int(11) NOT NULL,
  `descripcionCuenta` text NOT NULL,
  PRIMARY KEY (`idCuenta`),
  KEY `clasificacionCuenta` (`clasificacionCuenta`),
  CONSTRAINT `tbl_cuentas_gastos_ibfk_1` FOREIGN KEY (`clasificacionCuenta`) REFERENCES `tbl_clasificacion_cg` (`idClasificacionCG`) ON DELETE NO ACTION ON UPDATE NO ACTION
) ENGINE=InnoDB AUTO_INCREMENT=83 DEFAULT CHARSET=utf8 COLLATE=utf8_spanish_ci;

-- Volcando datos para la tabla db_hospital_orellana.tbl_cuentas_gastos: ~81 rows (aproximadamente)
INSERT INTO `tbl_cuentas_gastos` (`idCuenta`, `nombreCuenta`, `clasificacionCuenta`, `descripcionCuenta`) VALUES
	(1, 'Pago de AFP Crecer', 2, 'Pago correspondiente a cosas de AFP.'),
	(2, 'Mantenimiento de Aires Acondicionados', 2, 'Cuenta para los gastos correspondientes a Mantenimieno de A/C.'),
	(4, 'Pago de proveedores', 1, 'Cuenta para pagos de proveedores.'),
	(5, 'Reactivos', 3, 'Para gastos relacionados a reactivo.'),
	(6, 'Medicamentos', 3, 'Para gastos relacionados a compra de medicamentos'),
	(7, 'Insumos Médicos', 3, 'Para almacenar gastos en insumos médicos'),
	(8, 'Peliculas RX', 3, 'Para compras de peliculas de rayos x'),
	(9, 'Servicios externos', 3, 'Para pago de servicios externos'),
	(10, 'Honorarios médicos', 2, 'Para pago de honorarios médicos'),
	(11, 'Comisiones', 3, 'Cuenta para el pago de comisiones'),
	(12, 'Pago planilla ISSS', 2, 'Cuenta para el pago de planilla del ISSS'),
	(13, 'ANDA', 2, 'Cuenta para el pago de servicios de ANDA'),
	(14, 'Seguridad', 2, 'Cuenta para el pago de servicios de seguridad'),
	(15, 'Mantenimiento de Elevadores', 2, 'Cuenta para el pago de mantenimiento de elevadores'),
	(16, 'Impuestos Municipales', 2, 'Cuenta para el pago de impuestos municipales'),
	(17, 'Honorarios por Auditoría ', 2, 'Cuenta para el pago de auditoria'),
	(18, 'Honorarios Contables', 2, 'Cuenta para el pago de honorarios contables'),
	(19, 'Internet', 2, 'Cuenta para el pago de servicio de internet'),
	(20, 'Pago de Dietas', 3, 'Cuenta para el pago de dietas'),
	(21, 'Television por Cable', 2, 'Cuenta para el pago de television con cable'),
	(22, 'Pruebas de Laboratorio', 3, 'Cuenta para el pago de pruebas de laboratorio'),
	(23, 'Ultrasonografia y Rayos X', 3, 'Cuenta para el pago de ultras y rayos X'),
	(24, 'Hemodialisis', 3, 'Cuenta para el pago de hemodialisis'),
	(25, 'Impuestos Tributarios', 2, 'Cuenta para el pago de impuestos tributarios'),
	(26, 'Horas Extras', 2, 'Cuenta para el pago de horas extras'),
	(27, 'Publicidad y Anuncios', 2, 'Cuenta para el pago de servicios de publicidad'),
	(28, 'Seguro de Edificio', 2, 'Cuenta para el pago de seguro del edificio'),
	(29, 'Mantenimiento de Equipo Médico', 2, 'Cuenta para el pago de mantenimiento de equipo medico'),
	(30, 'Uniformes para Personal', 2, 'Cuenta para el pago de compras de uniformes'),
	(31, 'Energia Eléctrica', 2, 'Cuenta para el pago de servicios de energia electrica'),
	(32, 'Recolección y Transporte de Desechos Bioinfecciosos', 2, 'Cuenta para el pago de recoleccion de desechos bioinfecciosos'),
	(33, 'Honorarios Anestesista', 3, 'Cuenta para el pago de honorarios de anestesistas'),
	(34, 'Transporte Ambulancia', 3, 'Cuenta para el pago de servicio de ambulancia'),
	(35, 'Fumigacion y Control de Plagas', 2, 'Cuenta para el pago de servicios de fumigacion y control de plagas'),
	(36, 'Honorarios RX', 3, 'Cuenta para el pago de servicios de'),
	(37, 'Oxigeno', 3, 'Cuenta para el pago de compras de oxigeno'),
	(38, 'Planilla Hospital Orellana', 2, 'Cuenta para el pago planilla del hospital'),
	(39, 'Texaco Usulután', 3, 'Cuenta para el pago de gasolina'),
	(40, 'Reparacion de RX', 3, 'Cuenta para el pago de servicios de reparacion de equipo RX'),
	(41, 'Cuota de Ambulancia', 3, 'Cuenta para el pago cuota de ambulancia'),
	(42, 'Café', 2, 'Cuenta para el pago de compra de café'),
	(43, 'Utensilios de Limpieza', 2, 'Cuenta para el pago de compra de utensilios de limpieza'),
	(44, 'Regente', 2, 'Cuenta para el pago de regente'),
	(45, 'Diesel para Ambulancias', 2, 'Cuenta para el pago de compra de Diesel para ambulancias'),
	(46, 'Agua Purificada', 2, 'Cuenta para el pago de servicios de agua'),
	(47, 'Emision de Chequera', 2, 'Cuenta para el pago de emision de chequera'),
	(48, 'Papeleria de Hospital', 2, 'Cuenta para el pago de papeleria'),
	(49, 'Insumos Médicos', 3, 'Cuenta para el pago de compras de insumos medicos'),
	(50, 'Ropa para Sala', 2, 'Cuenta para el pago de compra de ropa para sala'),
	(51, 'Material ortopédico', 3, 'Cuenta para el pago de compra de material ortopedico'),
	(52, 'Mantenimiento de Edificio', 2, 'Cuenta para el pago de mantenimiento del edificio'),
	(53, 'Refrigerio', 2, 'Cuenta para el pago de compras de refrigerio'),
	(54, 'Mantenimiento de Ambulancia', 3, 'Cuenta para el pago de servicios de mantenimiento de ambulancia'),
	(55, 'Consumibles y Reactivos', 3, 'Cuenta para el pago de consumibles y reactivos'),
	(56, 'Mobiliario y Equipo de Laboratorio', 2, 'Cuenta para el pago de compra de mobiliario y equipo'),
	(57, 'Mobiliario y Equipo de RX', 2, 'Cuenta para el pago de compra de mobiliario y equipo'),
	(58, 'Honorarios Legales', 2, 'Cuenta para el pago de servicios legales'),
	(59, 'Distribución de Utilidades', 2, 'Cuenta para el pago de distribucion de utilidades'),
	(60, 'Equipo de Oficina', 2, 'Cuenta para el pago de compra de mobiliario y equipo'),
	(61, 'Viáticos', 3, 'Cuenta para el pago de viaticos'),
	(62, 'Toallas y Bolsos', 2, 'Cuenta para el pago de toallas y bolsos'),
	(63, 'Votar Basura', 2, 'Cuenta para el pago de servicios basura'),
	(64, 'Mobiliario y Equipo de Oficina', 2, 'Cuenta para el pago de compra de mobiliario y equipo'),
	(65, 'Mantenimiento de Redes Telefónicas', 2, 'Cuenta para el pago de mantenimiento de redes telefonicas'),
	(66, 'Seguro de Ambulancia', 2, 'Cuenta para el pago de seguro de ambulancia'),
	(67, 'Honorarios Nutricionista', 3, 'Cuenta para el pago de honorario de nutricionistas'),
	(68, 'Equipo de Ultrasonografía', 2, 'Cuenta para el pago de compra de equipo de ultrasonografia'),
	(69, 'Mejoras de Inmuebles', 2, 'Cuenta para el pago de mejoras de inmuebles'),
	(70, 'Mobiliario y Equipo médico', 2, 'Cuenta para el pago de compras de mobiliario y equipos medicos'),
	(71, 'Anualidad de Hospital', 2, 'Cuenta para el pago de anualidad del hospital'),
	(72, 'Mantenimiento de Autoclave', 2, 'Cuenta para el pago de servicios de mantenimiento de autoclave'),
	(73, 'Telefonía', 2, 'Cuenta para el pago de servicios de telefonia'),
	(74, 'Bienestar Magisterial', 2, 'Cuenta para el pago de servicios de ISBM'),
	(75, 'Certificacion de cheque', 2, 'Cuenta para el pago de certificacion de cheques'),
	(76, 'Transporte de Valores', 2, 'Cuenta para el pago de servicios de transporte de valores'),
	(77, 'Deposito a Cuenta', 2, 'Cuenta para el pago de deposito a cuenta'),
	(78, 'Aire Acondicionado', 2, 'Cuenta para el pago de compra de A/C'),
	(79, 'Mantenimiento de Equipo de Laboratorio', 2, 'Cuenta para el pago de servicios de mantenimiento de equipo de laboratorio'),
	(80, 'Mantenimiento de Equipo de Rayos X', 2, 'Cuenta para el pago de servicios de mantenimiento de equipo de rayos X'),
	(81, 'Mantenimiento de Impresor y Toner', 2, 'Cuenta para el pago de servicios de mantenimiento de impresor y toner'),
	(82, 'Compra de Ambulancia', 2, 'Cuenta para el pago de compra de ambulancia');

-- Volcando estructura para tabla db_hospital_orellana.tbl_cuentas_gestion_insumos
CREATE TABLE IF NOT EXISTS `tbl_cuentas_gestion_insumos` (
  `idCuenta` int(11) NOT NULL AUTO_INCREMENT,
  `fechaCuenta` date NOT NULL,
  `estadoCuenta` int(11) NOT NULL DEFAULT 1,
  `cuentaCreada` timestamp NOT NULL DEFAULT current_timestamp(),
  PRIMARY KEY (`idCuenta`)
) ENGINE=InnoDB AUTO_INCREMENT=10 DEFAULT CHARSET=utf8 COLLATE=utf8_spanish_ci;

-- Volcando datos para la tabla db_hospital_orellana.tbl_cuentas_gestion_insumos: ~9 rows (aproximadamente)
INSERT INTO `tbl_cuentas_gestion_insumos` (`idCuenta`, `fechaCuenta`, `estadoCuenta`, `cuentaCreada`) VALUES
	(1, '2022-06-24', 1, '2022-06-24 15:05:51'),
	(2, '2022-07-04', 1, '2022-07-04 14:53:56'),
	(3, '2022-07-20', 1, '2022-07-20 21:23:09'),
	(4, '2022-07-25', 1, '2022-07-25 20:40:29'),
	(5, '2022-08-16', 1, '2022-08-16 21:41:38'),
	(6, '2022-08-17', 1, '2022-08-17 15:26:04'),
	(7, '2022-08-18', 1, '2022-08-18 13:54:56'),
	(8, '2022-08-20', 1, '2022-08-20 14:55:38'),
	(9, '2023-06-05', 1, '2023-06-05 20:01:50');

-- Volcando estructura para tabla db_hospital_orellana.tbl_cuentas_pagar
CREATE TABLE IF NOT EXISTS `tbl_cuentas_pagar` (
  `idCuentaPagar` int(11) NOT NULL AUTO_INCREMENT,
  `idProveedor` int(11) NOT NULL,
  `fechaCuentaPagar` date NOT NULL,
  `nrcCuentaPagar` varchar(15) NOT NULL,
  `facturaCuentaPagar` varchar(15) NOT NULL,
  `plazoCuentaPagar` int(11) NOT NULL,
  `subtotalCuentaPagar` decimal(9,2) NOT NULL,
  `ivaCuentaPagar` decimal(9,2) NOT NULL,
  `perivaCuentaPagar` decimal(9,2) NOT NULL,
  `totalCuentaPagar` decimal(9,2) NOT NULL,
  `estadoCuentaPagar` int(11) NOT NULL,
  `pivote` int(11) NOT NULL,
  `idGasto` int(11) NOT NULL,
  PRIMARY KEY (`idCuentaPagar`),
  KEY `idProveedor` (`idProveedor`),
  CONSTRAINT `tbl_cuentas_pagar_ibfk_1` FOREIGN KEY (`idProveedor`) REFERENCES `tbl_proveedores` (`idProveedor`) ON DELETE NO ACTION ON UPDATE NO ACTION
) ENGINE=InnoDB AUTO_INCREMENT=29 DEFAULT CHARSET=utf8 COLLATE=utf8_spanish_ci;

-- Volcando datos para la tabla db_hospital_orellana.tbl_cuentas_pagar: ~24 rows (aproximadamente)
INSERT INTO `tbl_cuentas_pagar` (`idCuentaPagar`, `idProveedor`, `fechaCuentaPagar`, `nrcCuentaPagar`, `facturaCuentaPagar`, `plazoCuentaPagar`, `subtotalCuentaPagar`, `ivaCuentaPagar`, `perivaCuentaPagar`, `totalCuentaPagar`, `estadoCuentaPagar`, `pivote`, `idGasto`) VALUES
	(1, 2, '2021-06-30', '968563-9', '2561', 30, 500.00, 0.00, 0.00, 500.00, 0, 0, 21),
	(2, 3, '2021-06-30', '986523-8', '1256', 30, 250.00, 0.00, 0.00, 250.00, 0, 0, 22),
	(4, 3, '2021-06-30', '000000-0', '6945', 30, 60.00, 13.00, 0.00, 73.00, 0, 0, 22),
	(5, 2, '2021-06-30', '000000-0', '9589', 30, 36.00, 50.00, 0.00, 86.00, 0, 0, 21),
	(7, 4, '2021-07-12', '999999', '5421', 30, 600.00, 50.00, 24.00, 674.00, 0, 0, 52),
	(10, 7, '2022-05-04', '000000-0', '12586', 30, 450.00, 0.00, 0.00, 450.00, 1, 0, 0),
	(11, 6, '2022-05-05', '258188-0', '00000', 30, 1500.00, 0.00, 0.00, 1500.00, 0, 0, 143),
	(12, 9, '2022-05-05', '000000-0', '---', 30, 400.00, 0.00, 0.00, 400.00, 1, 0, 101),
	(13, 2, '2022-05-05', '000000-0', '---', 30, 6000.00, 0.00, 0.00, 6000.00, 1, 0, 104),
	(14, 4, '2022-06-28', '000000-0', '---', 30, 250.00, 0.00, 0.00, 250.00, 1, 0, 107),
	(15, 4, '2022-06-28', '000000-0', '---', 30, 250.00, 0.00, 0.00, 250.00, 1, 0, 109),
	(16, 2, '2022-08-10', '---', '---', 30, 500.00, 0.00, 0.00, 500.00, 1, 1, 110),
	(17, 6, '2022-08-10', '---', '---', 30, 250.00, 0.00, 0.00, 250.00, 1, 1, 111),
	(18, 4, '2022-08-10', '000000-0', '---', 30, 600.00, 0.00, 0.00, 600.00, 1, 0, 112),
	(19, 9, '2022-08-10', '---', '---', 30, 3500.00, 0.00, 0.00, 3500.00, 1, 1, 114),
	(20, 1, '2022-08-12', '251022-0', '256', 30, 5.00, 6.00, 8.00, 9.00, 0, 0, 142),
	(21, 1, '2023-05-29', '---', '---', 30, 50.00, 0.00, 0.00, 50.00, 1, 1, 117),
	(22, 3, '2023-05-29', '---', '---', 30, 45.00, 0.00, 0.00, 45.00, 1, 1, 0),
	(23, 3, '2023-05-29', '---', '---', 30, 45.00, 0.00, 0.00, 45.00, 1, 1, 0),
	(24, 3, '2023-05-29', '---', '---', 30, 45.00, 0.00, 0.00, 45.00, 1, 1, 0),
	(25, 7, '2023-05-29', '000000-0', '---', 30, 500.00, 0.00, 0.00, 500.00, 1, 0, 119),
	(26, 3, '2023-05-29', '000000-0', '---', 30, 1500.00, 0.00, 0.00, 1500.00, 1, 0, 121),
	(27, 3, '2023-06-06', '---', '---', 30, 100.00, 0.00, 0.00, 100.00, 1, 1, 122),
	(28, 6, '2023-06-13', '258188-0', '2563', 30, 500.00, 25.00, 5.00, 530.00, 0, 0, 143);

-- Volcando estructura para tabla db_hospital_orellana.tbl_cuenta_botiquin
CREATE TABLE IF NOT EXISTS `tbl_cuenta_botiquin` (
  `idCuentaBotiquin` int(11) NOT NULL AUTO_INCREMENT,
  `idPaciente` int(11) NOT NULL,
  `idHoja` int(11) NOT NULL,
  `tipoHoja` varchar(15) NOT NULL,
  `estadoCuentaBotiquin` int(11) NOT NULL,
  `fechaCuenta` timestamp NOT NULL DEFAULT current_timestamp(),
  PRIMARY KEY (`idCuentaBotiquin`)
) ENGINE=InnoDB AUTO_INCREMENT=6 DEFAULT CHARSET=utf8 COLLATE=utf8_spanish_ci;

-- Volcando datos para la tabla db_hospital_orellana.tbl_cuenta_botiquin: ~4 rows (aproximadamente)
INSERT INTO `tbl_cuenta_botiquin` (`idCuentaBotiquin`, `idPaciente`, `idHoja`, `tipoHoja`, `estadoCuentaBotiquin`, `fechaCuenta`) VALUES
	(1, 48, 48, 'ISBM', 1, '2022-02-28 15:38:00'),
	(3, 81, 111, 'privado', 1, '2022-02-28 16:26:40'),
	(4, 82, 0, 'Privado', 1, '2022-02-28 16:26:57'),
	(5, 83, 0, 'Privado', 1, '2022-02-28 16:29:29');

-- Volcando estructura para tabla db_hospital_orellana.tbl_cuenta_descargos_bm
CREATE TABLE IF NOT EXISTS `tbl_cuenta_descargos_bm` (
  `idDescargosBM` int(11) NOT NULL AUTO_INCREMENT,
  `codigoCuenta` int(11) NOT NULL DEFAULT 0,
  `fechaDescargosBM` date NOT NULL,
  `turnoDescargosBM` varchar(10) NOT NULL DEFAULT '',
  `areaDescargosBM` varchar(2) NOT NULL DEFAULT '',
  `estadoDescargosBM` int(11) NOT NULL DEFAULT 0,
  `creacionDescargosBM` timestamp NOT NULL DEFAULT current_timestamp(),
  PRIMARY KEY (`idDescargosBM`)
) ENGINE=InnoDB AUTO_INCREMENT=16 DEFAULT CHARSET=utf8 COLLATE=utf8_spanish_ci;

-- Volcando datos para la tabla db_hospital_orellana.tbl_cuenta_descargos_bm: ~12 rows (aproximadamente)
INSERT INTO `tbl_cuenta_descargos_bm` (`idDescargosBM`, `codigoCuenta`, `fechaDescargosBM`, `turnoDescargosBM`, `areaDescargosBM`, `estadoDescargosBM`, `creacionDescargosBM`) VALUES
	(4, 1, '2022-04-25', 'Dia', 'I', 0, '2022-04-25 17:26:50'),
	(5, 2, '2022-04-26', 'Dia', 'H', 0, '2022-04-26 15:00:01'),
	(6, 3, '2022-04-27', 'Dia', 'O', 0, '2022-04-27 15:17:12'),
	(7, 4, '2022-07-22', 'Dia', 'H', 0, '2022-07-22 22:12:44'),
	(8, 5, '2022-08-10', 'Dia', 'I', 0, '2022-08-10 20:22:18'),
	(9, 6, '2022-08-10', 'Dia', 'H', 0, '2022-08-10 20:24:47'),
	(10, 7, '2022-08-10', 'Dia', 'E', 0, '2022-08-10 20:26:30'),
	(11, 8, '2022-08-31', 'Dia', 'E', 1, '2022-08-31 13:33:46'),
	(12, 9, '2022-08-31', 'Dia', 'I', 1, '2022-08-31 13:34:41'),
	(13, 10, '2022-08-31', 'Dia', 'L', 1, '2022-08-31 13:19:17'),
	(14, 11, '2023-07-14', 'Dia', 'H', 1, '2023-07-14 20:09:23'),
	(15, 12, '2023-10-19', 'Dia', 'E', 1, '2023-10-19 15:49:32');

-- Volcando estructura para tabla db_hospital_orellana.tbl_cuenta_isbm
CREATE TABLE IF NOT EXISTS `tbl_cuenta_isbm` (
  `idCuenta` int(11) NOT NULL AUTO_INCREMENT,
  `codigoCuenta` int(11) NOT NULL DEFAULT 0,
  `fechaCuenta` varchar(12) NOT NULL,
  `estadoCuenta` int(11) NOT NULL DEFAULT 0,
  `creacionCuenta` timestamp NOT NULL DEFAULT current_timestamp(),
  PRIMARY KEY (`idCuenta`)
) ENGINE=InnoDB AUTO_INCREMENT=5 DEFAULT CHARSET=utf8 COLLATE=utf8_spanish_ci;

-- Volcando datos para la tabla db_hospital_orellana.tbl_cuenta_isbm: ~0 rows (aproximadamente)

-- Volcando estructura para tabla db_hospital_orellana.tbl_cuenta_medicamentos
CREATE TABLE IF NOT EXISTS `tbl_cuenta_medicamentos` (
  `idCuentaMedicamento` int(11) NOT NULL AUTO_INCREMENT,
  `idCuentaBotiquin` int(11) NOT NULL,
  `idMedicamento` int(11) NOT NULL,
  `cantidadMedicamento` int(11) NOT NULL,
  `fechaUso` timestamp NOT NULL DEFAULT current_timestamp(),
  PRIMARY KEY (`idCuentaMedicamento`)
) ENGINE=InnoDB AUTO_INCREMENT=10 DEFAULT CHARSET=utf8 COLLATE=utf8_spanish_ci;

-- Volcando datos para la tabla db_hospital_orellana.tbl_cuenta_medicamentos: ~9 rows (aproximadamente)
INSERT INTO `tbl_cuenta_medicamentos` (`idCuentaMedicamento`, `idCuentaBotiquin`, `idMedicamento`, `cantidadMedicamento`, `fechaUso`) VALUES
	(1, 3, 14, 1, '2022-03-02 15:49:16'),
	(2, 3, 15, 1, '2022-03-02 15:51:49'),
	(3, 3, 1, 1, '2022-03-02 16:01:52'),
	(4, 3, 15, 1, '2022-03-02 16:08:31'),
	(5, 3, 15, 1, '2022-03-02 17:00:49'),
	(6, 3, 1, 1, '2022-03-02 17:37:55'),
	(7, 3, 10, 1, '2022-03-02 17:38:15'),
	(8, 3, 7, 1, '2022-03-02 17:38:46'),
	(9, 1, 1, 1, '2022-08-30 17:45:29');

-- Volcando estructura para tabla db_hospital_orellana.tbl_dcompra_hemo
CREATE TABLE IF NOT EXISTS `tbl_dcompra_hemo` (
  `idDCompraHemo` int(11) NOT NULL AUTO_INCREMENT,
  `idCompra` int(11) NOT NULL,
  `idInsumo` int(11) NOT NULL,
  `cantidad` int(11) NOT NULL,
  `precio` decimal(9,5) NOT NULL,
  `vencimiento` varchar(15) NOT NULL,
  PRIMARY KEY (`idDCompraHemo`)
) ENGINE=InnoDB AUTO_INCREMENT=8 DEFAULT CHARSET=utf8 COLLATE=utf8_spanish_ci;

-- Volcando datos para la tabla db_hospital_orellana.tbl_dcompra_hemo: ~1 rows (aproximadamente)
INSERT INTO `tbl_dcompra_hemo` (`idDCompraHemo`, `idCompra`, `idInsumo`, `cantidad`, `precio`, `vencimiento`) VALUES
	(5, 1, 1, 15, 0.05698, '');

-- Volcando estructura para tabla db_hospital_orellana.tbl_dcompra_limpieza
CREATE TABLE IF NOT EXISTS `tbl_dcompra_limpieza` (
  `idDCompraLimpieza` int(11) NOT NULL AUTO_INCREMENT,
  `idCompra` int(11) NOT NULL,
  `idInsumo` int(11) NOT NULL,
  `cantidad` int(11) NOT NULL,
  `precio` decimal(9,5) NOT NULL,
  `vencimiento` varchar(15) NOT NULL,
  PRIMARY KEY (`idDCompraLimpieza`)
) ENGINE=InnoDB AUTO_INCREMENT=22 DEFAULT CHARSET=utf8 COLLATE=utf8_spanish_ci;

-- Volcando datos para la tabla db_hospital_orellana.tbl_dcompra_limpieza: ~4 rows (aproximadamente)
INSERT INTO `tbl_dcompra_limpieza` (`idDCompraLimpieza`, `idCompra`, `idInsumo`, `cantidad`, `precio`, `vencimiento`) VALUES
	(1, 1, 45, 5, 1.00000, '2024-09-25'),
	(4, 1, 44, 20, 0.25000, ''),
	(17, 3, 1, 10, 2.50000, ''),
	(20, 3, 2, 20, 0.55000, '');

-- Volcando estructura para tabla db_hospital_orellana.tbl_dcuenta_descargosbm
CREATE TABLE IF NOT EXISTS `tbl_dcuenta_descargosbm` (
  `idDescargosBM` int(11) NOT NULL AUTO_INCREMENT,
  `idCuentaDescargo` int(11) NOT NULL,
  `idMedicamento` int(11) NOT NULL,
  `cantidadMedicamento` int(11) NOT NULL,
  `por` int(11) NOT NULL,
  `pivote` varchar(50) NOT NULL DEFAULT '',
  `fechaDecargo` timestamp NOT NULL DEFAULT current_timestamp(),
  PRIMARY KEY (`idDescargosBM`)
) ENGINE=InnoDB AUTO_INCREMENT=61 DEFAULT CHARSET=utf8 COLLATE=utf8_spanish_ci;

-- Volcando datos para la tabla db_hospital_orellana.tbl_dcuenta_descargosbm: ~24 rows (aproximadamente)
INSERT INTO `tbl_dcuenta_descargosbm` (`idDescargosBM`, `idCuentaDescargo`, `idMedicamento`, `cantidadMedicamento`, `por`, `pivote`, `fechaDecargo`) VALUES
	(22, 4, 77, 2, 0, '', '2022-04-25 19:49:40'),
	(23, 4, 80, 3, 0, '', '2022-04-25 19:50:34'),
	(24, 4, 82, 3, 0, '', '2022-04-25 19:50:47'),
	(25, 4, 84, 2, 0, '', '2022-04-25 19:51:02'),
	(26, 4, 87, 3, 0, '', '2022-04-25 19:51:15'),
	(27, 4, 91, 5, 0, '', '2022-04-25 19:51:33'),
	(28, 4, 95, 4, 0, '', '2022-04-25 19:51:59'),
	(29, 4, 77, 3, 0, '', '2022-04-25 19:54:25'),
	(32, 5, 1, 4, 1, '', '2022-04-26 15:00:29'),
	(40, 11, 3, 2, 2, 'Carla Ortez', '2022-08-12 13:34:03'),
	(41, 11, 369, 1, 2, 'Kriscia', '2022-08-12 13:34:13'),
	(42, 12, 1, 1, 2, '', '2022-08-12 13:34:47'),
	(43, 12, 2, 1, 2, '', '2022-08-12 13:34:48'),
	(44, 12, 3, 1, 2, '', '2022-08-12 13:34:49'),
	(45, 12, 4, 1, 2, '', '2022-08-12 13:34:50'),
	(46, 11, 369, 1, 2, 'Paty', '2022-08-12 13:35:37'),
	(47, 12, 1, 1, 2, '', '2022-08-12 13:35:50'),
	(48, 12, 3, 1, 2, '', '2022-08-12 13:36:08'),
	(49, 12, 328, 1, 2, '', '2022-08-12 13:36:20'),
	(51, 13, 4, 1, 11, '', '2022-08-31 14:50:24'),
	(52, 13, 5, 1, 11, '', '2022-08-31 17:53:57'),
	(54, 14, 290, 1, 1, '', '2023-07-14 21:16:48'),
	(55, 14, 455, 1, 1, '', '2023-07-14 21:16:54'),
	(56, 14, 291, 1, 1, '', '2023-07-14 21:20:50');

-- Volcando estructura para tabla db_hospital_orellana.tbl_dcuenta_descargoslab
CREATE TABLE IF NOT EXISTS `tbl_dcuenta_descargoslab` (
  `idDescargosLab` int(11) NOT NULL AUTO_INCREMENT,
  `idCuentaDescargo` int(11) NOT NULL,
  `idInsumo` int(11) NOT NULL,
  `cantidadInsumo` int(11) NOT NULL,
  `por` int(11) NOT NULL,
  `fechaDescargo` timestamp NOT NULL DEFAULT current_timestamp(),
  PRIMARY KEY (`idDescargosLab`)
) ENGINE=InnoDB AUTO_INCREMENT=66 DEFAULT CHARSET=utf8 COLLATE=utf8_spanish_ci;

-- Volcando datos para la tabla db_hospital_orellana.tbl_dcuenta_descargoslab: ~25 rows (aproximadamente)
INSERT INTO `tbl_dcuenta_descargoslab` (`idDescargosLab`, `idCuentaDescargo`, `idInsumo`, `cantidadInsumo`, `por`, `fechaDescargo`) VALUES
	(35, 1, 4, 1, 11, '2022-06-24 16:39:56'),
	(36, 1, 5, 1, 11, '2022-06-24 16:39:58'),
	(37, 1, 6, 1, 11, '2022-06-24 16:40:01'),
	(38, 1, 7, 1, 11, '2022-06-24 16:41:30'),
	(39, 1, 7, 1, 11, '2022-06-24 16:42:17'),
	(40, 1, 4, 4, 11, '2022-06-24 16:47:48'),
	(41, 2, 1, 1, 11, '2022-07-04 14:54:32'),
	(42, 2, 10, 1, 11, '2022-07-04 14:54:33'),
	(43, 2, 101, 1, 11, '2022-07-04 14:54:34'),
	(44, 2, 104, 1, 11, '2022-07-04 14:54:36'),
	(45, 5, 49, 1, 11, '2022-08-16 21:17:18'),
	(46, 5, 56, 1, 11, '2022-08-16 21:23:11'),
	(47, 5, 53, 1, 11, '2022-08-16 21:24:06'),
	(48, 5, 56, 1, 11, '2022-08-16 21:24:17'),
	(49, 5, 51, 1, 11, '2022-08-16 21:24:24'),
	(50, 6, 80, 1, 1, '2022-08-17 15:31:29'),
	(52, 7, 49, 1, 11, '2022-08-18 18:22:25'),
	(54, 8, 4, 1, 11, '2022-08-20 15:10:56'),
	(55, 8, 104, 1, 11, '2022-08-20 15:11:03'),
	(56, 8, 13, 1, 11, '2022-08-20 15:11:13'),
	(60, 8, 168, 1, 11, '2022-08-20 17:13:49'),
	(61, 8, 56, 1, 11, '2022-08-20 17:14:32'),
	(62, 1, 45, 1, 11, '2022-08-29 15:21:04'),
	(63, 9, 1, 15, 1, '2023-06-05 20:37:07'),
	(64, 9, 10, 5, 1, '2023-06-05 20:40:28');

-- Volcando estructura para tabla db_hospital_orellana.tbl_dcuenta_isbm
CREATE TABLE IF NOT EXISTS `tbl_dcuenta_isbm` (
  `idDetalleCuenta` int(11) NOT NULL AUTO_INCREMENT,
  `idCuenta` int(11) NOT NULL,
  `idMedicamento` int(11) NOT NULL,
  `cantidadMedicamento` int(11) NOT NULL,
  `fechaUso` timestamp NOT NULL DEFAULT current_timestamp(),
  PRIMARY KEY (`idDetalleCuenta`)
) ENGINE=InnoDB AUTO_INCREMENT=19 DEFAULT CHARSET=utf8 COLLATE=utf8_spanish_ci;

-- Volcando datos para la tabla db_hospital_orellana.tbl_dcuenta_isbm: ~0 rows (aproximadamente)

-- Volcando estructura para tabla db_hospital_orellana.tbl_departamentos_sv
CREATE TABLE IF NOT EXISTS `tbl_departamentos_sv` (
  `idDepartamento` int(11) NOT NULL AUTO_INCREMENT,
  `nombreDepartamento` varchar(30) NOT NULL,
  `isoDepartamento` char(5) NOT NULL,
  `idZona` int(11) NOT NULL,
  PRIMARY KEY (`idDepartamento`),
  KEY `idZona` (`idZona`),
  CONSTRAINT `tbl_departamentos_sv_ibfk_1` FOREIGN KEY (`idZona`) REFERENCES `tbl_zonas_sv` (`idZona`) ON DELETE NO ACTION ON UPDATE NO ACTION
) ENGINE=InnoDB AUTO_INCREMENT=15 DEFAULT CHARSET=utf8 COLLATE=utf8_spanish_ci;

-- Volcando datos para la tabla db_hospital_orellana.tbl_departamentos_sv: ~14 rows (aproximadamente)
INSERT INTO `tbl_departamentos_sv` (`idDepartamento`, `nombreDepartamento`, `isoDepartamento`, `idZona`) VALUES
	(1, 'Ahuachapán', 'SV-AH', 1),
	(2, 'Santa Ana', 'SV-SA', 1),
	(3, 'Sonsonate', 'SV-SO', 1),
	(4, 'La Libertad', 'SV-LI', 2),
	(5, 'Chalatenango', 'SV-CH', 2),
	(6, 'San Salvador', 'SV-SS', 2),
	(7, 'Cuscatlán', 'SV-CU', 3),
	(8, 'La Paz', 'SV-PA', 3),
	(9, 'Cabañas', 'SV-CA', 3),
	(10, 'San Vicente', 'SV-SV', 3),
	(11, 'Usulután', 'SV-US', 4),
	(12, 'Morazán', 'SV-MO', 4),
	(13, 'San Miguel', 'SV-SM', 4),
	(14, 'La Unión', 'SV-UN', 4);

-- Volcando estructura para tabla db_hospital_orellana.tbl_depuracion_creatinina
CREATE TABLE IF NOT EXISTS `tbl_depuracion_creatinina` (
  `idDepuracion` int(11) NOT NULL AUTO_INCREMENT,
  `examenSolicitado` int(11) NOT NULL,
  `sexoDepuracion` varchar(1) NOT NULL DEFAULT '',
  `edadDepuracion` int(11) NOT NULL DEFAULT 0,
  `volumenDepuracion` decimal(9,2) NOT NULL,
  `tiempoDepuracion` int(11) NOT NULL,
  `csDepuracion` decimal(9,2) NOT NULL,
  `coDepuracion` decimal(9,2) NOT NULL,
  `dcDepuracion` decimal(9,2) NOT NULL,
  `valorNormal` varchar(50) NOT NULL DEFAULT '',
  `proteinasDepuracion` text NOT NULL,
  `observacionesDepuracion` varchar(50) NOT NULL,
  `fechaDepuracion` timestamp NOT NULL DEFAULT current_timestamp(),
  PRIMARY KEY (`idDepuracion`)
) ENGINE=InnoDB AUTO_INCREMENT=10 DEFAULT CHARSET=utf8 COLLATE=utf8_spanish_ci;

-- Volcando datos para la tabla db_hospital_orellana.tbl_depuracion_creatinina: ~1 rows (aproximadamente)
INSERT INTO `tbl_depuracion_creatinina` (`idDepuracion`, `examenSolicitado`, `sexoDepuracion`, `edadDepuracion`, `volumenDepuracion`, `tiempoDepuracion`, `csDepuracion`, `coDepuracion`, `dcDepuracion`, `valorNormal`, `proteinasDepuracion`, `observacionesDepuracion`, `fechaDepuracion`) VALUES
	(5, 677, 'M', 28, 12506.00, 1440, 39.00, 3.90, 0.87, '50-156 ml/min', '', '', '2022-05-16 15:17:12');

-- Volcando estructura para tabla db_hospital_orellana.tbl_descargos_donantes
CREATE TABLE IF NOT EXISTS `tbl_descargos_donantes` (
  `idDescargosDonante` int(11) NOT NULL AUTO_INCREMENT,
  `idCuentaDescargo` int(11) NOT NULL,
  `idInsumo` int(11) NOT NULL,
  `cantidadInsumo` int(11) NOT NULL,
  `por` int(11) NOT NULL,
  `pivote` int(11) NOT NULL,
  `examenPivote` int(11) NOT NULL,
  `fechaDescargo` timestamp NOT NULL DEFAULT current_timestamp(),
  PRIMARY KEY (`idDescargosDonante`)
) ENGINE=InnoDB AUTO_INCREMENT=60 DEFAULT CHARSET=utf8 COLLATE=utf8_spanish_ci;

-- Volcando datos para la tabla db_hospital_orellana.tbl_descargos_donantes: ~1 rows (aproximadamente)
INSERT INTO `tbl_descargos_donantes` (`idDescargosDonante`, `idCuentaDescargo`, `idInsumo`, `cantidadInsumo`, `por`, `pivote`, `examenPivote`, `fechaDescargo`) VALUES
	(48, 1, 75, 1, 11, 0, 0, '2022-07-21 18:23:16');

-- Volcando estructura para tabla db_hospital_orellana.tbl_descuentos_planilla
CREATE TABLE IF NOT EXISTS `tbl_descuentos_planilla` (
  `idDP` int(11) NOT NULL AUTO_INCREMENT,
  `nombreDP` text NOT NULL,
  `creadaDP` timestamp NOT NULL DEFAULT current_timestamp(),
  PRIMARY KEY (`idDP`)
) ENGINE=InnoDB AUTO_INCREMENT=4 DEFAULT CHARSET=utf8 COLLATE=utf8_spanish_ci;

-- Volcando datos para la tabla db_hospital_orellana.tbl_descuentos_planilla: ~3 rows (aproximadamente)
INSERT INTO `tbl_descuentos_planilla` (`idDP`, `nombreDP`, `creadaDP`) VALUES
	(1, 'Lentes', '2023-05-03 16:06:42'),
	(2, 'Prestamo bancario', '2023-05-03 16:10:39'),
	(3, 'Cuentas pendientes', '2023-05-03 16:12:27');

-- Volcando estructura para tabla db_hospital_orellana.tbl_detalle_compra_lab
CREATE TABLE IF NOT EXISTS `tbl_detalle_compra_lab` (
  `idDetalleCL` int(11) NOT NULL AUTO_INCREMENT,
  `idInsumoLab` int(11) NOT NULL,
  `idCompraIL` int(11) NOT NULL,
  `cantidadDetalleCL` decimal(9,2) NOT NULL,
  `precioDetalleCL` decimal(9,2) NOT NULL,
  `vencimientoDetalleCL` date NOT NULL,
  `medidaDetalleCL` varchar(10) NOT NULL,
  `descuentoDetalleCL` decimal(9,2) NOT NULL,
  `ingresoDetalleCL` timestamp NOT NULL DEFAULT current_timestamp(),
  PRIMARY KEY (`idDetalleCL`)
) ENGINE=InnoDB AUTO_INCREMENT=13 DEFAULT CHARSET=utf8 COLLATE=utf8_spanish_ci;

-- Volcando datos para la tabla db_hospital_orellana.tbl_detalle_compra_lab: ~6 rows (aproximadamente)
INSERT INTO `tbl_detalle_compra_lab` (`idDetalleCL`, `idInsumoLab`, `idCompraIL`, `cantidadDetalleCL`, `precioDetalleCL`, `vencimientoDetalleCL`, `medidaDetalleCL`, `descuentoDetalleCL`, `ingresoDetalleCL`) VALUES
	(3, 91, 1, 1500.00, 0.25, '2023-12-13', 'Ml', 9.00, '2022-05-26 20:02:11'),
	(4, 147, 1, 5000.00, 0.35, '2023-06-04', 'Ml', 0.00, '2022-05-28 15:03:29'),
	(5, 1, 1, 100.00, 0.01, '0000-00-00', 'Unit.', 0.00, '2022-05-30 14:16:25'),
	(7, 4, 1, 5.00, 5.00, '2026-08-20', 'Caja', 0.00, '2022-08-17 20:52:13'),
	(10, 1, 1, 16.00, 0.01, '0000-00-00', 'Bolsa', 0.00, '2023-06-05 21:42:32'),
	(11, 10, 1, 25.00, 1.50, '0000-00-00', 'Unit.', 0.00, '2023-06-05 21:43:16');

-- Volcando estructura para tabla db_hospital_orellana.tbl_detalle_consulta
CREATE TABLE IF NOT EXISTS `tbl_detalle_consulta` (
  `idDetalleConsulta` int(11) NOT NULL AUTO_INCREMENT,
  `idConsultaLaboratorio` int(11) NOT NULL,
  `idExamen` int(11) NOT NULL,
  `tipoExamen` int(11) NOT NULL,
  `examenSolicitado` int(11) NOT NULL,
  `fechaDetalleConsulta` timestamp NOT NULL DEFAULT current_timestamp(),
  `horaDetalleConsulta` text NOT NULL,
  `examenes` text NOT NULL,
  PRIMARY KEY (`idDetalleConsulta`)
) ENGINE=InnoDB AUTO_INCREMENT=301 DEFAULT CHARSET=utf8 COLLATE=utf8_spanish_ci;

-- Volcando datos para la tabla db_hospital_orellana.tbl_detalle_consulta: ~86 rows (aproximadamente)
INSERT INTO `tbl_detalle_consulta` (`idDetalleConsulta`, `idConsultaLaboratorio`, `idExamen`, `tipoExamen`, `examenSolicitado`, `fechaDetalleConsulta`, `horaDetalleConsulta`, `examenes`) VALUES
	(1, 1, 4, 1, 660, '2021-10-14 14:33:10', '08:33:10 am', 'ANTIESTREPTOLISINA O, PROTEINA C REACTIVA, '),
	(2, 1, 5, 7, 683, '2021-10-14 17:16:11', '11:16:11 am', 'EXAMEN GENERAL DE HECES, '),
	(3, 1, 4, 13, 682, '2021-10-14 17:25:32', '11:25:32 am', 'EXAMEN GENERAL DE ORINA, '),
	(4, 1, 6, 10, 690, '2021-10-14 17:41:03', '11:41:03 am', 'GOTA GRUESA, '),
	(6, 1, 9, 4, 724, '2021-10-14 17:52:40', '11:52:40 am', 'TIPEO Y RH, '),
	(7, 1, 5, 11, 713, '2021-10-14 17:54:25', '11:54:25 am', 'PSA, '),
	(8, 1, 7, 3, 685, '2021-10-14 17:56:45', '11:56:45 am', 'FIBRINOGENO, TIEMPO DE COAGULACION, TIEMPO DE SANGRAMIENTO, TIEMPO DE PROTOMBINA, TIEMPO DE TROMBOPLASTINA PARCIAL, '),
	(10, 1, 7, 14, 889, '2021-10-14 20:59:07', '02:59:07 pm', 'Antígeno COVID-19 (SARS - CoV-2)(Hisopado nasal), '),
	(14, 2, 9, 6, 688, '2021-10-15 15:13:51', '09:13:51 am', 'GLUCOSA EN AYUNA, COLESTEROL LDL, ACIDO URICO, UREA, MAGNESIO, CALCIO, FOSFORO, '),
	(15, 2, 5, 1, 661, '2021-10-15 16:23:53', '10:23:53 am', 'ANTIGENOS FEBRILES, '),
	(16, 2, 13, 2, 866, '2021-10-15 16:24:44', '10:24:44 am', 'HELICOBACTER PYLORI EN SANGRE, '),
	(17, 2, 8, 3, 672, '2021-10-15 16:25:11', '10:25:11 am', 'CREATININA EN SANGRE, '),
	(18, 3, 10, 4, 724, '2021-10-15 16:26:07', '10:26:07 am', 'TIPEO Y RH, '),
	(19, 3, 6, 7, 683, '2021-10-15 16:27:52', '10:27:52 am', 'EXAMEN GENERAL DE HECES, '),
	(20, 3, 10, 6, 688, '2021-10-15 16:28:56', '10:28:56 am', 'GLUCOSA EN AYUNA, COLESTEROL TOTAL, TRIGLICERIDOS, COLESTEROL HDL, COLESTEROL LDL, ACIDO URICO, UREA, CREATININA EN SANGRE, AMILASA, LIPASA, FOSFATASA ALCALINA, TGP, TGO, HEMOGLOBINA GLICOSILADA, PROTEINAS TOTALES, ALBUMINA, BILIRRUBINAS (TOTAL, DIRECTA, INDIRECTA), ELECTROLITOS (SODIO, POTASIO, CLORO), MAGNESIO, CALCIO, FOSFORO, CPK, LDH, TROPONINA T, '),
	(21, 3, 6, 8, 870, '2021-10-15 16:30:53', '10:30:53 am', 'T3 LIBRE, '),
	(22, 3, 5, 9, 868, '2021-10-15 16:31:16', '10:31:16 am', 'T3 TOTAL, '),
	(23, 3, 7, 10, 686, '2021-10-15 16:31:53', '10:31:53 am', 'FOSFORO, '),
	(24, 3, 6, 11, 713, '2021-10-15 16:32:17', '10:32:17 am', 'PSA, '),
	(25, 3, 6, 12, 698, '2021-10-15 16:32:40', '10:32:40 am', 'HEMOGRAMA COMPLETO, '),
	(26, 3, 5, 13, 682, '2021-10-15 16:34:08', '10:34:08 am', 'EXAMEN GENERAL DE ORINA, '),
	(27, 3, 8, 14, 889, '2021-10-15 16:34:47', '10:34:47 am', 'Antígeno COVID-19 (SARS - CoV-2)(Hisopado nasal), '),
	(59, 1, 39, 10, 953, '2021-10-19 14:47:17', '08:47:17 am', 'Examen del pelo, '),
	(60, 1, 40, 10, 668, '2021-10-19 14:48:40', '08:48:40 am', 'COOMBS INDIRECTO, '),
	(63, 1, 43, 10, 664, '2021-10-19 15:11:53', '09:11:53 am', 'CELULAS LE, '),
	(64, 1, 44, 10, 955, '2021-10-19 15:17:07', '09:17:07 am', 'Test, '),
	(65, 4, 45, 10, 657, '2021-10-21 14:51:51', '08:51:51 am', 'ACIDO URICO, '),
	(66, 5, 1, 15, 681, '2021-10-21 15:38:04', '09:38:04 am', 'ESPERMOGRAMA, '),
	(68, 5, 6, 13, 682, '2021-10-21 20:19:52', '02:19:52 pm', 'EXAMEN GENERAL DE ORINA, '),
	(69, 6, 11, 6, 688, '2021-10-21 20:21:50', '02:21:50 pm', 'GLUCOSA EN AYUNA, COLESTEROL TOTAL, TRIGLICERIDOS, COLESTEROL HDL, UREA, NITROGENO UREICO, CREATININA EN SANGRE, FOSFATASA ALCALINA, '),
	(70, 6, 7, 8, 870, '2021-12-02 14:51:53', '08:51:53 am', 'T3 LIBRE, T4 LIBRE, TSH, '),
	(71, 6, 6, 9, 868, '2021-12-02 15:04:25', '09:04:25 am', 'T3 TOTAL, T4 TOTAL, TSH, '),
	(72, 6, 14, 2, 685, '2022-01-13 16:56:42', '10:56:42 am', 'FIBRINOGENO, '),
	(73, 6, 7, 7, 683, '2022-03-16 16:24:21', '10:24:21 am', 'EXAMEN GENERAL DE HECES, '),
	(74, 6, 7, 13, 682, '2022-03-16 16:24:48', '10:24:48 am', 'EXAMEN GENERAL DE ORINA, '),
	(75, 6, 9, 14, 958, '2022-04-29 21:35:38', '2022-04-29 03:35 PM', 'PERFIL SANO PROM., '),
	(81, 6, 5, 16, 677, '2022-05-16 15:17:12', '09:17:12 am', 'DEPURACION DE CREATININA EN ORINA 24H, '),
	(86, 2, 10, 1, 660, '2022-06-03 17:46:30', '11:46:30 am', 'ANTIESTREPTOLISINA O, '),
	(88, 5, 12, 1, 959, '2022-06-07 17:40:36', '11:40:36 am', 'FACTOR REUMATOIDEO, '),
	(89, 5, 12, 6, 688, '2022-06-08 14:45:16', '08:45:16 am', 'GLUCOSA EN AYUNA, GLUCOSA POS-PRANDREAL, COLESTEROL TOTAL, TRIGLICERIDOS, ACIDO URICO, '),
	(97, 5, 12, 4, 724, '2022-06-09 20:09:33', '02:09:33 pm', 'TIPEO Y RH, '),
	(99, 6, 14, 6, 1060, '2022-06-11 16:06:24', '10:06:24 am', ', '),
	(100, 6, 15, 6, 1060, '2022-06-11 16:07:51', '10:07:51 am', ', '),
	(101, 6, 16, 6, 1060, '2022-06-11 16:15:01', '10:15:01 am', ''),
	(102, 6, 17, 6, 1060, '2022-06-11 16:17:44', '10:17:44 am', ''),
	(103, 6, 18, 6, 1060, '2022-06-11 16:19:02', '10:19:02 am', ''),
	(104, 6, 19, 6, 1060, '2022-06-11 16:23:25', '10:23:25 am', ''),
	(105, 6, 20, 6, 1060, '2022-06-11 16:24:11', '10:24:11 am', ', '),
	(106, 5, 21, 6, 679, '2022-06-11 16:26:07', '10:26:07 am', 'ELECTROLITOS (SODIO, POTASIO, CLORO), '),
	(109, 5, 24, 6, 688, '2022-06-11 16:55:16', '10:55:16 am', 'GLUCOSA EN AYUNA, , CLORO, '),
	(249, 7, 1, 18, 662, '2022-06-20 20:12:25', '02:12:25 pm', 'TOLERANCIA A LA GLUCOSA (3H), '),
	(253, 7, 10, 12, 698, '2022-07-01 14:22:40', '08:22:40 am', 'HEMOGRAMA COMPLETO, '),
	(254, 7, 11, 17, 963, '2022-07-20 13:13:34', '07:13:34 am', 'GASES ARTERIALES, '),
	(255, 7, 32, 6, 689, '2022-07-25 17:07:53', '11:07:53 am', 'GLUCOSA POS-PRANDREAL, '),
	(256, 7, 1, 19, 1087, '2022-08-08 14:46:04', '08:46:04 am', ', '),
	(258, 7, 13, 8, 870, '2022-08-13 16:47:24', '10:47:24 am', 'T3 LIBRE, T4 LIBRE, TSH LIBRE, , '),
	(259, 7, 33, 6, 666, '2022-08-16 21:45:52', '03:45:52 pm', 'COLESTEROL TOTAL, TRIGLICERIDOS, COLESTEROL HDL, BILIRRUBINAS (TOTAL, DIRECTA, INDIRECTA), '),
	(260, 7, 34, 6, 666, '2022-08-16 21:46:26', '03:46:26 pm', 'COLESTEROL TOTAL, TRIGLICERIDOS, COLESTEROL HDL, BILIRRUBINAS (TOTAL, DIRECTA, INDIRECTA), '),
	(261, 7, 8, 9, 868, '2022-08-17 15:32:42', '09:32:42 am', 'T3 TOTAL, T4 TOTAL, , '),
	(267, 7, 6, 18, 662, '2022-08-29 20:07:19', '02:07:19 pm', 'TOLERANCIA A LA GLUCOSA (3H), '),
	(268, 7, 7, 18, 662, '2022-08-29 20:21:59', '02:21:59 pm', 'TOLERANCIA A LA GLUCOSA (3H), '),
	(269, 7, 15, 2, 696, '2022-09-19 14:56:21', '08:56:21 am', 'HEMOCULTIVO, '),
	(270, 7, 17, 13, 682, '2022-09-21 14:59:06', '08:59:06 am', 'EXAMEN GENERAL DE ORINA, '),
	(271, 8, 11, 12, 698, '2022-12-30 20:10:38', '02:10:38 pm', 'HEMOGRAMA COMPLETO, '),
	(272, 8, 13, 9, 868, '2023-09-01 14:14:27', '08:14:27 am', 'T3 TOTAL, T4 TOTAL, , '),
	(273, 9, 12, 12, 698, '2023-09-01 18:07:47', '12:07:47 pm', 'HEMOGRAMA COMPLETO, '),
	(274, 9, 14, 9, 868, '2023-09-01 18:08:13', '12:08:13 pm', 'T3 TOTAL, T4 TOTAL, '),
	(275, 11, 8, 18, 662, '2023-12-02 15:45:37', '09:45:37 am', 'TOLERANCIA A LA GLUCOSA (3H), '),
	(276, 11, 2, 19, 1087, '2023-12-02 15:49:54', '09:49:54 am', ', '),
	(277, 11, 3, 19, 1087, '2023-12-02 15:50:52', '09:50:52 am', ', '),
	(278, 11, 14, 1, 661, '2023-12-04 14:04:40', '08:04:40 am', 'ANTIGENOS FEBRILES, '),
	(279, 11, 16, 2, 884, '2023-12-04 14:08:22', '08:08:22 am', 'GLUCOSA EN ORINA AL AZAR, '),
	(280, 11, 14, 3, 858, '2023-12-04 14:10:24', '08:10:24 am', 'TIEMPO DE PROTOMBINA, TIEMPO DE TROMBOPLASTINA PARCIAL, '),
	(281, 11, 13, 4, 724, '2023-12-04 14:10:46', '08:10:46 am', 'TIPEO Y RH, DU, '),
	(282, 11, 35, 6, 688, '2023-12-04 14:11:33', '08:11:33 am', 'GLUCOSA EN AYUNA, '),
	(283, 11, 10, 7, 683, '2023-12-04 14:11:47', '08:11:47 am', 'EXAMEN GENERAL DE HECES, '),
	(284, 11, 14, 8, 870, '2023-12-04 14:12:34', '08:12:34 am', 'T3 LIBRE, T4 LIBRE, TSH LIBRE, , '),
	(285, 11, 15, 9, 868, '2023-12-04 14:13:08', '08:13:08 am', 'T3 TOTAL, T4 TOTAL, , '),
	(286, 11, 136, 10, 659, '2023-12-04 14:13:43', '08:13:43 am', 'AMILASA, '),
	(294, 11, 4, 19, 1087, '2023-12-04 14:36:42', '08:36:42 am', ', '),
	(295, 11, 137, 10, 659, '2023-12-04 14:38:04', '08:38:04 am', 'AMILASA, '),
	(296, 10, 14, 4, 724, '2023-12-05 21:48:33', '03:48:33 pm', 'TIPEO Y RH, DU, '),
	(297, 10, 10, 11, 713, '2023-12-05 21:50:32', '03:50:32 pm', 'PSA, '),
	(298, 12, 36, 6, 688, '2023-12-22 14:34:30', '08:34:30 am', 'GLUCOSA EN AYUNA, GLUCOSA POS-PRANDREAL, COLESTEROL TOTAL, TRIGLICERIDOS, UREA, CREATININA EN SANGRE, '),
	(299, 12, 15, 1, 661, '2023-12-22 14:51:12', '08:51:12 am', 'ANTIGENOS FEBRILES, '),
	(300, 19, 15, 8, 870, '2024-02-29 21:44:08', '03:44:08 pm', 'T3 LIBRE, T4 LIBRE, TSH LIBRE, , ');

-- Volcando estructura para tabla db_hospital_orellana.tbl_detalle_planilla
CREATE TABLE IF NOT EXISTS `tbl_detalle_planilla` (
  `idDetallePlanilla` int(11) NOT NULL AUTO_INCREMENT,
  `idEmpleado` int(11) NOT NULL,
  `salarioEmpleado` decimal(9,2) NOT NULL,
  `precioHoraExtra` decimal(9,2) NOT NULL,
  `bonoEmpleado` decimal(9,2) NOT NULL,
  `otrosDetallePlanilla` decimal(9,2) NOT NULL,
  `horasExtras` int(11) NOT NULL,
  `totalHorasExtras` decimal(9,2) NOT NULL,
  `horasNocturnas` decimal(9,2) NOT NULL DEFAULT 0.00,
  `totalHorasNocturnas` decimal(9,2) NOT NULL DEFAULT 0.00,
  `isssDetallePlanilla` decimal(9,2) NOT NULL,
  `afpDetallePlanilla` decimal(9,2) NOT NULL,
  `rentaDetallePlanilla` decimal(9,2) NOT NULL,
  `despuesRetenciones` decimal(9,2) NOT NULL,
  `totalVacaciones` decimal(9,2) NOT NULL,
  `liquidoDetallePlanilla` decimal(9,2) NOT NULL,
  `idPlanilla` int(11) NOT NULL,
  `editadoDetallePlanilla` int(11) NOT NULL DEFAULT 0,
  `descuentosPlanilla` int(11) NOT NULL DEFAULT 0,
  `detalleDescuentos` text NOT NULL DEFAULT ' ',
  `fechaDetallePlanilla` timestamp NOT NULL DEFAULT current_timestamp(),
  PRIMARY KEY (`idDetallePlanilla`)
) ENGINE=InnoDB AUTO_INCREMENT=223 DEFAULT CHARSET=utf8 COLLATE=utf8_spanish_ci;

-- Volcando datos para la tabla db_hospital_orellana.tbl_detalle_planilla: ~222 rows (aproximadamente)
INSERT INTO `tbl_detalle_planilla` (`idDetallePlanilla`, `idEmpleado`, `salarioEmpleado`, `precioHoraExtra`, `bonoEmpleado`, `otrosDetallePlanilla`, `horasExtras`, `totalHorasExtras`, `horasNocturnas`, `totalHorasNocturnas`, `isssDetallePlanilla`, `afpDetallePlanilla`, `rentaDetallePlanilla`, `despuesRetenciones`, `totalVacaciones`, `liquidoDetallePlanilla`, `idPlanilla`, `editadoDetallePlanilla`, `descuentosPlanilla`, `detalleDescuentos`, `fechaDetallePlanilla`) VALUES
	(1, 1, 600.00, 2.92, 100.00, 0.00, 0, 0.00, 0.00, 0.00, 9.00, 21.75, 12.16, 307.10, 0.00, 307.10, 1, 0, 0, ' ', '2024-01-11 15:18:52'),
	(2, 2, 600.00, 3.12, 150.00, 0.00, 0, 0.00, 0.00, 0.00, 9.00, 21.75, 12.16, 332.10, 0.00, 332.10, 1, 0, 0, ' ', '2024-01-11 15:18:52'),
	(3, 4, 415.00, 1.73, 0.00, 0.00, 0, 0.00, 0.00, 0.00, 6.23, 15.04, 0.00, 186.23, 0.00, 186.23, 1, 0, 0, ' ', '2024-01-11 15:18:52'),
	(4, 5, 1500.00, 6.25, 0.00, 0.00, 0, 0.00, 0.00, 0.00, 0.00, 0.00, 0.00, 750.00, 0.00, 750.00, 1, 0, 0, ' ', '2024-01-11 15:18:52'),
	(5, 6, 450.00, 1.87, 0.00, 0.00, 0, 0.00, 0.00, 0.00, 6.75, 16.31, 0.00, 201.94, 0.00, 201.94, 1, 0, 0, ' ', '2024-01-11 15:18:52'),
	(6, 7, 365.00, 1.52, 0.00, 0.00, 32, 48.64, 60.00, 22.80, 5.48, 13.23, 0.00, 163.79, 0.00, 235.23, 1, 1, 0, ' ', '2024-01-11 15:18:52'),
	(7, 8, 415.00, 1.73, 0.00, 0.00, 32, 55.36, 72.00, 30.96, 6.23, 15.04, 0.00, 186.23, 0.00, 272.55, 1, 1, 0, ' ', '2024-01-11 15:18:52'),
	(8, 9, 365.00, 2.30, 0.00, 0.00, 47, 108.10, 80.00, 30.40, 5.48, 13.23, 0.00, 163.79, 0.00, 302.29, 1, 1, 0, ' ', '2024-01-11 15:18:52'),
	(9, 11, 365.00, 1.52, 0.00, 0.00, 32, 48.64, 60.00, 22.80, 5.48, 13.23, 0.00, 163.79, 0.00, 235.23, 1, 1, 0, ' ', '2024-01-11 15:18:52'),
	(10, 12, 400.00, 1.67, 0.00, 0.00, 0, 0.00, 0.00, 0.00, 6.00, 14.50, 0.00, 179.50, 0.00, 179.50, 1, 0, 0, ' ', '2024-01-11 15:18:52'),
	(11, 13, 365.00, 2.30, 0.00, 0.00, 61, 140.30, 80.00, 30.40, 5.48, 13.23, 0.00, 163.79, 0.00, 334.49, 1, 1, 0, ' ', '2024-01-11 15:18:52'),
	(12, 14, 365.00, 2.30, 0.00, 0.00, 29, 66.70, 80.00, 30.40, 5.48, 13.23, 0.00, 163.79, 0.00, 260.89, 1, 1, 0, ' ', '2024-01-11 15:18:52'),
	(13, 15, 365.00, 2.30, 235.00, 0.00, 0, 0.00, 0.00, 0.00, 5.48, 13.23, 0.00, 281.29, 0.00, 281.29, 1, 0, 0, ' ', '2024-01-11 15:18:52'),
	(14, 17, 365.00, 2.30, 0.00, 0.00, 54, 124.20, 80.00, 30.40, 5.48, 13.23, 0.00, 163.79, 0.00, 318.39, 1, 1, 0, ' ', '2024-01-11 15:18:52'),
	(15, 18, 365.00, 2.30, 0.00, 0.00, 4, 9.20, 80.00, 30.40, 5.48, 13.23, 0.00, 163.79, 0.00, 203.39, 1, 1, 0, ' ', '2024-01-11 15:18:52'),
	(16, 19, 365.00, 2.30, 110.00, 0.00, 26, 59.80, 80.00, 30.40, 5.48, 13.23, 0.00, 218.79, 0.00, 308.99, 1, 1, 0, ' ', '2024-01-11 15:18:52'),
	(17, 20, 365.00, 2.30, 60.00, 0.00, 12, 27.60, 80.00, 30.40, 5.48, 13.23, 0.00, 193.79, 0.00, 251.79, 1, 1, 0, ' ', '2024-01-11 15:18:52'),
	(18, 21, 500.00, 2.08, 0.00, 0.00, 19, 39.52, 36.00, 18.72, 7.50, 18.13, 0.00, 224.38, 0.00, 282.62, 1, 1, 0, ' ', '2024-01-11 15:18:52'),
	(19, 22, 365.00, 1.52, 0.00, 0.00, 32, 48.64, 60.00, 22.80, 5.48, 13.23, 0.00, 163.79, 0.00, 235.23, 1, 1, 0, ' ', '2024-01-11 15:18:52'),
	(20, 23, 0.00, 2.30, 0.00, 0.00, 102, 211.14, 80.00, 0.00, 0.00, 0.00, 23.46, 0.00, 0.00, 211.14, 1, 1, 0, ' ', '2024-01-11 15:18:52'),
	(21, 24, 500.00, 2.08, 0.00, 0.00, 19, 39.52, 36.00, 18.72, 7.50, 18.13, 0.00, 224.38, 0.00, 282.62, 1, 1, 0, ' ', '2024-01-11 15:18:52'),
	(22, 25, 500.00, 2.08, 0.00, 0.00, 19, 39.52, 36.00, 18.72, 7.50, 18.13, 0.00, 224.38, 0.00, 282.62, 1, 1, 0, ' ', '2024-01-11 15:18:52'),
	(23, 26, 450.00, 2.30, 0.00, 0.00, 0, 0.00, 0.00, 0.00, 0.00, 0.00, 0.00, 225.00, 0.00, 225.00, 1, 0, 0, ' ', '2024-01-11 15:18:52'),
	(24, 27, 0.00, 2.30, 0.00, 0.00, 40, 82.80, 0.00, 0.00, 0.00, 0.00, 9.20, 0.00, 0.00, 82.80, 1, 1, 0, ' ', '2024-01-11 15:18:52'),
	(25, 28, 400.00, 2.30, 60.00, 0.00, 68, 156.40, 80.00, 33.60, 6.00, 14.50, 0.00, 209.50, 0.00, 399.50, 1, 1, 0, ' ', '2024-01-11 15:18:52'),
	(26, 29, 500.00, 2.08, 0.00, 0.00, 19, 39.52, 36.00, 18.72, 7.50, 18.13, 0.00, 224.38, 0.00, 282.62, 1, 1, 0, ' ', '2024-01-11 15:18:52'),
	(27, 31, 365.00, 2.30, 0.00, 0.00, 60, 138.00, 80.00, 30.40, 5.48, 13.23, 0.00, 163.79, 0.00, 332.19, 1, 1, 0, ' ', '2024-01-11 15:18:52'),
	(28, 32, 415.00, 1.73, 0.00, 0.00, 32, 55.36, 48.00, 20.64, 6.23, 15.04, 0.00, 186.23, 0.00, 262.23, 1, 1, 0, ' ', '2024-01-11 15:18:52'),
	(29, 33, 365.00, 2.30, 110.00, 0.00, 36, 82.80, 80.00, 30.40, 5.48, 13.23, 0.00, 218.79, 0.00, 331.99, 1, 1, 0, ' ', '2024-01-11 15:18:52'),
	(30, 34, 450.00, 1.87, 0.00, 0.00, 0, 0.00, 0.00, 0.00, 6.75, 16.31, 0.00, 201.94, 0.00, 201.94, 1, 0, 0, ' ', '2024-01-11 15:18:52'),
	(31, 35, 415.00, 1.73, 0.00, 0.00, 10, 17.30, 0.00, 0.00, 6.23, 15.04, 0.00, 186.23, 0.00, 203.53, 1, 1, 0, ' ', '2024-01-11 15:18:52'),
	(32, 36, 365.00, 2.30, 0.00, 0.00, 2, 4.60, 80.00, 30.40, 5.48, 13.23, 0.00, 163.79, 0.00, 198.79, 1, 1, 0, ' ', '2024-01-11 15:18:52'),
	(33, 37, 365.00, 2.30, 0.00, 0.00, 59, 135.70, 80.00, 30.40, 5.48, 13.23, 0.00, 163.79, 0.00, 329.89, 1, 1, 0, ' ', '2024-01-11 15:18:52'),
	(34, 38, 365.00, 2.30, 0.00, 0.00, 47, 108.10, 80.00, 30.40, 5.48, 13.23, 0.00, 163.79, 0.00, 302.29, 1, 1, 0, ' ', '2024-01-11 15:18:52'),
	(35, 39, 365.00, 2.30, 110.00, 0.00, 32, 73.60, 80.00, 30.40, 5.48, 13.23, 0.00, 218.79, 0.00, 322.79, 1, 1, 0, ' ', '2024-01-11 15:18:52'),
	(36, 40, 450.00, 1.87, 100.00, 0.00, 0, 0.00, 60.00, 28.20, 6.75, 16.31, 0.00, 251.94, 0.00, 280.14, 1, 1, 0, ' ', '2024-01-11 15:18:52'),
	(37, 41, 0.00, 2.30, 0.00, 0.00, 0, 0.00, 0.00, 0.00, 0.00, 0.00, 0.00, 0.00, 0.00, 0.00, 1, 0, 0, ' ', '2024-01-11 15:18:52'),
	(38, 42, 365.00, 1.52, 0.00, 0.00, 0, 0.00, 0.00, 0.00, 5.48, 13.23, 0.00, 163.79, 0.00, 163.79, 1, 0, 0, ' ', '2024-01-11 15:18:52'),
	(39, 43, 0.00, 2.30, 0.00, 0.00, 0, 0.00, 0.00, 0.00, 0.00, 0.00, 0.00, 0.00, 0.00, 0.00, 1, 0, 0, ' ', '2024-01-11 15:18:52'),
	(40, 44, 365.00, 1.52, 0.00, 0.00, 32, 48.64, 60.00, 22.80, 5.48, 13.23, 0.00, 163.79, 0.00, 235.23, 1, 1, 0, ' ', '2024-01-11 15:18:52'),
	(41, 45, 450.00, 2.30, 0.00, 0.00, 0, 0.00, 0.00, 0.00, 6.75, 16.31, 0.00, 201.94, 0.00, 201.94, 1, 0, 0, ' ', '2024-01-11 15:18:52'),
	(42, 46, 450.00, 1.87, 100.00, 0.00, 0, 0.00, 60.00, 28.20, 6.75, 16.31, 0.00, 251.94, 0.00, 280.14, 1, 1, 0, ' ', '2024-01-11 15:18:52'),
	(43, 47, 365.00, 1.52, 0.00, 0.00, 32, 48.64, 60.00, 22.80, 5.48, 13.23, 0.00, 163.79, 0.00, 235.23, 1, 1, 0, ' ', '2024-01-11 15:18:52'),
	(44, 48, 450.00, 1.87, 0.00, 0.00, 0, 0.00, 0.00, 0.00, 6.75, 16.31, 0.00, 201.94, 0.00, 201.94, 1, 0, 0, ' ', '2024-01-11 15:18:52'),
	(45, 50, 0.00, 2.30, 0.00, 0.00, 0, 0.00, 0.00, 0.00, 0.00, 0.00, 0.00, 0.00, 0.00, 0.00, 1, 0, 0, ' ', '2024-01-11 15:18:52'),
	(46, 51, 650.00, 2.30, 0.00, 0.00, 0, 0.00, 0.00, 0.00, 9.75, 23.56, 14.40, 277.29, 0.00, 277.29, 1, 0, 0, ' ', '2024-01-11 15:18:52'),
	(47, 52, 450.00, 2.30, 0.00, 0.00, 0, 0.00, 0.00, 0.00, 6.75, 16.31, 0.00, 201.94, 0.00, 201.94, 1, 0, 0, ' ', '2024-01-11 15:18:52'),
	(48, 53, 365.00, 1.30, 0.00, 0.00, 32, 41.60, 60.00, 22.80, 5.48, 13.23, 0.00, 163.79, 0.00, 228.19, 1, 1, 0, ' ', '2024-01-11 15:18:52'),
	(49, 54, 0.00, 2.30, 0.00, 0.00, 20, 41.40, 0.00, 0.00, 0.00, 0.00, 4.60, 0.00, 0.00, 41.40, 1, 1, 0, ' ', '2024-01-11 15:18:52'),
	(50, 55, 400.00, 1.66, 0.00, 0.00, 0, 0.00, 60.00, 25.20, 6.00, 14.50, 0.00, 179.50, 0.00, 204.70, 1, 1, 0, ' ', '2024-01-11 15:18:52'),
	(51, 56, 425.00, 1.77, 0.00, 0.00, 32, 56.64, 120.00, 52.80, 6.38, 15.41, 0.00, 190.72, 0.00, 300.16, 1, 1, 0, ' ', '2024-01-11 15:18:52'),
	(52, 57, 365.00, 1.52, 0.00, 0.00, 32, 48.64, 70.00, 26.60, 5.48, 13.23, 0.00, 163.79, 0.00, 239.03, 1, 1, 0, ' ', '2024-01-11 15:18:52'),
	(53, 58, 365.00, 1.52, 0.00, 0.00, 0, 0.00, 0.00, 0.00, 5.48, 13.23, 0.00, 163.79, 0.00, 163.79, 1, 0, 0, ' ', '2024-01-11 15:18:52'),
	(54, 59, 450.00, 1.87, 0.00, 0.00, 0, 0.00, 60.00, 28.20, 6.75, 16.31, 0.00, 201.94, 0.00, 230.14, 1, 1, 0, ' ', '2024-01-11 15:18:52'),
	(55, 60, 450.00, 1.87, 0.00, 0.00, 0, 0.00, 60.00, 28.20, 6.75, 16.31, 0.00, 201.94, 0.00, 230.14, 1, 1, 0, ' ', '2024-01-11 15:18:52'),
	(56, 61, 400.00, 1.67, 0.00, 0.00, 0, 0.00, 0.00, 0.00, 6.00, 14.50, 0.00, 179.50, 0.00, 179.50, 1, 0, 0, ' ', '2024-01-11 15:18:52'),
	(57, 62, 365.00, 2.30, 60.00, 0.00, 32, 73.60, 80.00, 30.40, 5.48, 13.23, 0.00, 193.79, 0.00, 297.79, 1, 1, 0, ' ', '2024-01-11 15:18:52'),
	(58, 63, 365.00, 2.30, 0.00, 0.00, 37, 85.10, 80.00, 30.40, 5.48, 13.23, 0.00, 163.79, 0.00, 279.29, 1, 1, 0, ' ', '2024-01-11 15:18:52'),
	(59, 64, 365.00, 2.30, 0.00, 0.00, 15, 34.50, 80.00, 30.40, 5.48, 13.23, 0.00, 163.79, 0.00, 228.69, 1, 1, 0, ' ', '2024-01-11 15:18:52'),
	(60, 65, 365.00, 2.30, 60.00, 0.00, 15, 34.50, 0.00, 0.00, 5.48, 13.23, 0.00, 193.79, 0.00, 228.29, 1, 1, 0, ' ', '2024-01-11 15:18:52'),
	(61, 66, 365.00, 2.30, 60.00, 0.00, 56, 128.80, 80.00, 30.40, 5.48, 13.23, 0.00, 193.79, 0.00, 352.99, 1, 1, 0, ' ', '2024-01-11 15:18:52'),
	(62, 67, 365.00, 1.52, 0.00, 0.00, 32, 48.64, 60.00, 22.80, 5.48, 13.23, 0.00, 163.79, 0.00, 235.23, 1, 1, 0, ' ', '2024-01-11 15:18:52'),
	(63, 68, 365.00, 2.30, 110.00, 0.00, 15, 34.50, 80.00, 30.40, 5.48, 13.23, 0.00, 218.79, 0.00, 283.69, 1, 1, 0, ' ', '2024-01-11 15:18:52'),
	(64, 69, 450.00, 2.30, 0.00, 0.00, 0, 0.00, 0.00, 0.00, 6.75, 16.31, 0.00, 201.94, 0.00, 201.94, 1, 0, 0, ' ', '2024-01-11 15:18:52'),
	(65, 70, 415.00, 1.73, 0.00, 0.00, 32, 55.36, 60.00, 25.80, 6.23, 15.04, 0.00, 186.23, 0.00, 267.39, 1, 1, 0, ' ', '2024-01-11 15:18:52'),
	(66, 72, 0.00, 2.30, 0.00, 0.00, 80, 165.60, 0.00, 0.00, 0.00, 0.00, 18.40, 0.00, 0.00, 165.60, 1, 1, 0, ' ', '2024-01-11 15:18:52'),
	(67, 73, 500.00, 2.08, 0.00, 0.00, 0, 0.00, 0.00, 0.00, 7.50, 18.13, 0.00, 224.38, 0.00, 224.38, 1, 0, 0, ' ', '2024-01-11 15:18:52'),
	(68, 76, 0.00, 2.30, 0.00, 0.00, 0, 0.00, 0.00, 0.00, 0.00, 0.00, 0.00, 0.00, 0.00, 0.00, 1, 0, 0, ' ', '2024-01-11 15:18:52'),
	(69, 77, 365.00, 1.52, 0.00, 0.00, 32, 48.64, 70.00, 26.60, 5.48, 13.23, 0.00, 163.79, 0.00, 239.03, 1, 1, 0, ' ', '2024-01-11 15:18:52'),
	(70, 78, 365.00, 2.30, 60.00, 0.00, 36, 82.80, 80.00, 30.40, 5.48, 13.23, 0.00, 193.79, 0.00, 306.99, 1, 1, 0, ' ', '2024-01-11 15:18:52'),
	(71, 79, 365.00, 2.30, 0.00, 0.00, 30, 69.00, 80.00, 30.40, 5.48, 13.23, 0.00, 163.79, 0.00, 263.19, 1, 1, 0, ' ', '2024-01-11 15:18:52'),
	(72, 80, 365.00, 2.30, 60.00, 0.00, 30, 69.00, 80.00, 30.40, 5.48, 13.23, 0.00, 193.79, 0.00, 293.19, 1, 1, 0, ' ', '2024-01-11 15:18:52'),
	(73, 81, 365.00, 2.30, 0.00, 0.00, 25, 57.50, 80.00, 30.40, 5.48, 13.23, 0.00, 163.79, 0.00, 251.69, 1, 1, 0, ' ', '2024-01-11 15:18:52'),
	(74, 82, 0.00, 2.30, 0.00, 0.00, 0, 0.00, 0.00, 0.00, 0.00, 0.00, 0.00, 0.00, 0.00, 0.00, 1, 0, 0, ' ', '2024-01-11 15:18:52'),
	(75, 83, 365.00, 2.30, 0.00, 0.00, 40, 92.00, 80.00, 30.40, 5.48, 13.23, 0.00, 163.79, 0.00, 286.19, 1, 1, 0, ' ', '2024-01-11 15:18:52'),
	(76, 84, 365.00, 2.30, 0.00, 0.00, 2, 4.60, 0.00, 0.00, 5.48, 13.23, 0.00, 163.79, 0.00, 168.39, 1, 1, 0, ' ', '2024-01-11 15:18:52'),
	(77, 85, 250.00, 0.00, 0.00, 0.00, 0, 0.00, 0.00, 0.00, 0.00, 0.00, 0.00, 125.00, 0.00, 125.00, 1, 0, 0, ' ', '2024-01-11 15:18:52'),
	(78, 86, 365.00, 1.52, 0.00, 0.00, 32, 48.64, 60.00, 22.80, 5.48, 13.23, 0.00, 163.79, 0.00, 235.23, 1, 1, 0, ' ', '2024-01-11 15:18:52'),
	(79, 87, 365.00, 1.52, 0.00, 0.00, 0, 0.00, 0.00, 0.00, 5.48, 13.23, 0.00, 163.79, 0.00, 163.79, 1, 0, 0, ' ', '2024-01-11 15:18:52'),
	(80, 88, 200.00, 0.00, 0.00, 0.00, 0, 0.00, 0.00, 0.00, 0.00, 0.00, 0.00, 100.00, 0.00, 100.00, 1, 0, 0, ' ', '2024-01-11 15:18:52'),
	(81, 89, 185.00, 0.00, 0.00, 0.00, 0, 0.00, 0.00, 0.00, 0.00, 0.00, 0.00, 92.50, 0.00, 92.50, 1, 0, 0, ' ', '2024-01-11 15:18:52'),
	(82, 90, 365.00, 0.00, 0.00, 0.00, 0, 0.00, 0.00, 0.00, 0.00, 0.00, 0.00, 182.50, 0.00, 182.50, 1, 0, 0, ' ', '2024-01-11 15:18:52'),
	(83, 91, 365.00, 1.52, 0.00, 0.00, 32, 48.64, 60.00, 22.80, 5.48, 13.23, 0.00, 163.79, 0.00, 235.23, 1, 1, 0, ' ', '2024-01-11 15:18:52'),
	(84, 92, 365.00, 1.52, 0.00, 0.00, 0, 0.00, 0.00, 0.00, 5.48, 13.23, 0.00, 163.79, 0.00, 163.79, 1, 0, 0, ' ', '2024-01-11 15:18:52'),
	(85, 93, 150.00, 0.00, 0.00, 0.00, 0, 0.00, 0.00, 0.00, 0.00, 0.00, 0.00, 75.00, 0.00, 75.00, 1, 0, 0, ' ', '2024-01-11 15:18:52'),
	(86, 94, 450.00, 2.30, 0.00, 0.00, 0, 0.00, 0.00, 0.00, 6.75, 16.31, 0.00, 201.94, 0.00, 201.94, 1, 0, 0, ' ', '2024-01-11 15:18:52'),
	(87, 95, 365.00, 2.30, 0.00, 0.00, 4, 9.20, 60.00, 22.80, 5.48, 13.23, 0.00, 163.79, 0.00, 195.79, 1, 1, 0, ' ', '2024-01-11 15:18:52'),
	(88, 96, 365.00, 2.30, 0.00, 0.00, 24, 55.20, 80.00, 30.40, 5.48, 13.23, 0.00, 163.79, 0.00, 249.39, 1, 1, 0, ' ', '2024-01-11 15:18:52'),
	(89, 98, 500.00, 2.08, 0.00, 0.00, 19, 39.52, 36.00, 18.72, 7.50, 18.13, 0.00, 224.38, 0.00, 282.62, 1, 1, 0, ' ', '2024-01-11 15:18:52'),
	(90, 99, 365.00, 2.30, 0.00, 0.00, 40, 92.00, 80.00, 30.40, 5.48, 13.23, 0.00, 163.79, 0.00, 286.19, 1, 1, 0, ' ', '2024-01-11 15:18:52'),
	(91, 100, 650.00, 0.00, 0.00, 0.00, 0, 0.00, 0.00, 0.00, 0.00, 0.00, 0.00, 325.00, 0.00, 325.00, 1, 0, 0, ' ', '2024-01-11 15:18:52'),
	(92, 101, 450.00, 2.30, 0.00, 0.00, 0, 0.00, 0.00, 0.00, 6.75, 16.31, 0.00, 201.94, 0.00, 201.94, 1, 0, 0, ' ', '2024-01-11 15:18:52'),
	(93, 102, 365.00, 1.52, 0.00, 0.00, 8, 12.16, 0.00, 0.00, 5.48, 13.23, 0.00, 163.79, 0.00, 175.95, 1, 1, 0, ' ', '2024-01-11 15:18:52'),
	(94, 104, 365.00, 1.52, 0.00, 0.00, 12, 18.24, 0.00, 0.00, 5.48, 13.23, 0.00, 163.79, 0.00, 182.03, 1, 1, 0, ' ', '2024-01-11 15:18:52'),
	(95, 105, 365.00, 1.52, 0.00, 0.00, 15, 22.80, 0.00, 0.00, 5.48, 13.23, 0.00, 163.79, 0.00, 186.59, 1, 1, 0, ' ', '2024-01-11 15:18:52'),
	(96, 107, 365.00, 2.30, 0.00, 0.00, 40, 92.00, 80.00, 30.40, 5.48, 13.23, 0.00, 163.79, 0.00, 286.19, 1, 1, 0, ' ', '2024-01-11 15:18:52'),
	(97, 108, 365.00, 1.52, 0.00, 0.00, 32, 48.64, 60.00, 22.80, 5.48, 13.23, 0.00, 163.79, 0.00, 235.23, 1, 1, 0, ' ', '2024-01-11 15:18:52'),
	(98, 109, 0.00, 2.30, 0.00, 0.00, 0, 0.00, 0.00, 0.00, 0.00, 0.00, 0.00, 0.00, 0.00, 0.00, 1, 0, 0, ' ', '2024-01-11 15:18:52'),
	(99, 110, 365.00, 1.52, 0.00, 0.00, 32, 48.64, 60.00, 22.80, 5.48, 13.23, 0.00, 163.79, 0.00, 235.23, 1, 1, 0, ' ', '2024-01-11 15:18:52'),
	(100, 112, 0.00, 2.30, 0.00, 0.00, 49, 101.43, 70.00, 0.00, 0.00, 0.00, 11.27, 0.00, 0.00, 101.43, 1, 1, 0, ' ', '2024-01-11 15:18:52'),
	(101, 114, 365.00, 1.52, 0.00, 0.00, 32, 48.64, 60.00, 22.80, 5.48, 13.23, 0.00, 163.79, 0.00, 235.23, 1, 1, 0, ' ', '2024-01-11 15:18:52'),
	(102, 115, 0.00, 2.30, 0.00, 0.00, 119, 246.33, 0.00, 0.00, 0.00, 0.00, 27.37, 0.00, 0.00, 246.33, 1, 1, 0, ' ', '2024-01-11 15:18:52'),
	(103, 116, 365.00, 0.00, 0.00, 0.00, 0, 0.00, 0.00, 0.00, 5.48, 13.23, 0.00, 163.79, 0.00, 163.79, 1, 0, 0, ' ', '2024-01-11 15:18:52'),
	(104, 117, 450.00, 2.30, 0.00, 0.00, 0, 0.00, 0.00, 0.00, 6.75, 16.31, 0.00, 201.94, 0.00, 201.94, 1, 0, 0, ' ', '2024-01-11 15:18:52'),
	(105, 118, 365.00, 1.52, 0.00, 0.00, 15, 22.80, 0.00, 0.00, 5.48, 13.23, 0.00, 163.79, 0.00, 186.59, 1, 1, 0, ' ', '2024-01-11 15:18:52'),
	(106, 119, 750.00, 0.00, 0.00, 0.00, 0, 0.00, 0.00, 0.00, 0.00, 0.00, 37.50, 337.50, 0.00, 337.50, 1, 0, 0, ' ', '2024-01-11 15:18:52'),
	(107, 120, 450.00, 2.30, 0.00, 0.00, 0, 0.00, 0.00, 0.00, 6.75, 16.31, 0.00, 201.94, 0.00, 201.94, 1, 0, 0, ' ', '2024-01-11 15:18:52'),
	(108, 121, 450.00, 2.30, 0.00, 0.00, 0, 0.00, 0.00, 0.00, 6.75, 16.31, 0.00, 201.94, 0.00, 201.94, 1, 0, 0, ' ', '2024-01-11 15:18:52'),
	(109, 122, 365.00, 1.52, 0.00, 0.00, 0, 0.00, 0.00, 0.00, 5.48, 13.23, 0.00, 163.79, 0.00, 163.79, 1, 0, 0, ' ', '2024-01-11 15:18:52'),
	(110, 123, 0.00, 2.30, 0.00, 0.00, 0, 0.00, 0.00, 0.00, 0.00, 0.00, 0.00, 0.00, 0.00, 0.00, 1, 0, 0, ' ', '2024-01-11 15:18:52'),
	(111, 124, 0.00, 2.30, 0.00, 0.00, 16, 33.12, 0.00, 0.00, 0.00, 0.00, 3.68, 0.00, 0.00, 33.12, 1, 1, 0, ' ', '2024-01-11 15:18:52'),
	(112, 1, 600.00, 2.92, 100.00, 0.00, 0, 0.00, 0.00, 0.00, 9.00, 21.75, 12.16, 307.10, 0.00, 307.10, 2, 1, 0, ' ', '2024-02-28 15:54:29'),
	(113, 2, 600.00, 3.12, 150.00, 0.00, 25, 78.00, 0.00, 0.00, 9.00, 21.75, 12.16, 332.10, 0.00, 410.10, 2, 1, 0, ' ', '2024-02-28 15:54:29'),
	(114, 4, 415.00, 1.73, 0.00, 0.00, 10, 17.30, 0.00, 0.00, 6.23, 15.04, 0.00, 186.23, 0.00, 203.53, 2, 1, 0, ' ', '2024-02-28 15:54:29'),
	(115, 5, 1500.00, 6.25, 0.00, 0.00, 0, 0.00, 0.00, 0.00, 0.00, 0.00, 0.00, 750.00, 0.00, 750.00, 2, 0, 0, ' ', '2024-02-28 15:54:29'),
	(116, 6, 450.00, 1.87, 0.00, 0.00, 0, 0.00, 0.00, 0.00, 6.75, 16.31, 0.00, 201.94, 0.00, 201.94, 2, 0, 0, ' ', '2024-02-28 15:54:29'),
	(117, 7, 365.00, 1.52, 0.00, 0.00, 0, 0.00, 0.00, 0.00, 5.48, 13.23, 0.00, 163.79, 0.00, 163.79, 2, 0, 0, ' ', '2024-02-28 15:54:29'),
	(118, 8, 415.00, 1.73, 0.00, 0.00, 0, 0.00, 0.00, 0.00, 6.23, 15.04, 0.00, 186.23, 0.00, 186.23, 2, 0, 0, ' ', '2024-02-28 15:54:29'),
	(119, 9, 365.00, 2.30, 0.00, 0.00, 0, 0.00, 0.00, 0.00, 5.48, 13.23, 0.00, 163.79, 0.00, 163.79, 2, 0, 0, ' ', '2024-02-28 15:54:29'),
	(120, 11, 365.00, 1.52, 0.00, 0.00, 0, 0.00, 0.00, 0.00, 5.48, 13.23, 0.00, 163.79, 0.00, 163.79, 2, 0, 0, ' ', '2024-02-28 15:54:29'),
	(121, 12, 400.00, 1.67, 0.00, 0.00, 0, 0.00, 0.00, 0.00, 6.00, 14.50, 0.00, 179.50, 0.00, 179.50, 2, 0, 0, ' ', '2024-02-28 15:54:29'),
	(122, 13, 365.00, 2.30, 0.00, 0.00, 0, 0.00, 0.00, 0.00, 5.48, 13.23, 0.00, 163.79, 0.00, 163.79, 2, 0, 0, ' ', '2024-02-28 15:54:29'),
	(123, 14, 365.00, 2.30, 0.00, 0.00, 0, 0.00, 0.00, 0.00, 5.48, 13.23, 0.00, 163.79, 0.00, 163.79, 2, 0, 0, ' ', '2024-02-28 15:54:29'),
	(124, 15, 365.00, 2.30, 235.00, 0.00, 0, 0.00, 0.00, 0.00, 5.48, 13.23, 0.00, 281.29, 0.00, 281.29, 2, 0, 0, ' ', '2024-02-28 15:54:29'),
	(125, 17, 365.00, 2.30, 0.00, 0.00, 0, 0.00, 0.00, 0.00, 5.48, 13.23, 0.00, 163.79, 0.00, 163.79, 2, 0, 0, ' ', '2024-02-28 15:54:29'),
	(126, 18, 365.00, 2.30, 0.00, 0.00, 0, 0.00, 0.00, 0.00, 5.48, 13.23, 0.00, 163.79, 0.00, 163.79, 2, 0, 0, ' ', '2024-02-28 15:54:29'),
	(127, 19, 365.00, 2.30, 110.00, 0.00, 0, 0.00, 0.00, 0.00, 5.48, 13.23, 0.00, 218.79, 0.00, 218.79, 2, 0, 0, ' ', '2024-02-28 15:54:29'),
	(128, 20, 365.00, 2.30, 60.00, 0.00, 0, 0.00, 0.00, 0.00, 5.48, 13.23, 0.00, 193.79, 0.00, 193.79, 2, 0, 0, ' ', '2024-02-28 15:54:29'),
	(129, 21, 500.00, 2.08, 0.00, 0.00, 0, 0.00, 0.00, 0.00, 7.50, 18.13, 0.00, 224.38, 0.00, 224.38, 2, 0, 0, ' ', '2024-02-28 15:54:29'),
	(130, 22, 365.00, 1.52, 0.00, 0.00, 0, 0.00, 0.00, 0.00, 5.48, 13.23, 0.00, 163.79, 0.00, 163.79, 2, 0, 0, ' ', '2024-02-28 15:54:29'),
	(131, 23, 0.00, 2.30, 0.00, 0.00, 0, 0.00, 0.00, 0.00, 0.00, 0.00, 0.00, 0.00, 0.00, 0.00, 2, 0, 0, ' ', '2024-02-28 15:54:29'),
	(132, 24, 500.00, 2.08, 0.00, 0.00, 0, 0.00, 0.00, 0.00, 7.50, 18.13, 0.00, 224.38, 0.00, 224.38, 2, 0, 0, ' ', '2024-02-28 15:54:29'),
	(133, 25, 500.00, 2.08, 0.00, 0.00, 0, 0.00, 0.00, 0.00, 7.50, 18.13, 0.00, 224.38, 0.00, 224.38, 2, 0, 0, ' ', '2024-02-28 15:54:29'),
	(134, 26, 450.00, 2.30, 0.00, 0.00, 0, 0.00, 0.00, 0.00, 0.00, 0.00, 0.00, 225.00, 0.00, 225.00, 2, 0, 0, ' ', '2024-02-28 15:54:29'),
	(135, 27, 0.00, 2.30, 0.00, 0.00, 0, 0.00, 0.00, 0.00, 0.00, 0.00, 0.00, 0.00, 0.00, 0.00, 2, 0, 0, ' ', '2024-02-28 15:54:29'),
	(136, 28, 400.00, 2.30, 60.00, 0.00, 0, 0.00, 0.00, 0.00, 6.00, 14.50, 0.00, 209.50, 0.00, 209.50, 2, 0, 0, ' ', '2024-02-28 15:54:29'),
	(137, 29, 500.00, 2.08, 0.00, 0.00, 0, 0.00, 0.00, 0.00, 7.50, 18.13, 0.00, 224.38, 0.00, 224.38, 2, 0, 0, ' ', '2024-02-28 15:54:29'),
	(138, 31, 365.00, 2.30, 0.00, 0.00, 0, 0.00, 0.00, 0.00, 5.48, 13.23, 0.00, 163.79, 0.00, 163.79, 2, 0, 0, ' ', '2024-02-28 15:54:29'),
	(139, 32, 415.00, 1.73, 0.00, 0.00, 0, 0.00, 0.00, 0.00, 6.23, 15.04, 0.00, 186.23, 0.00, 186.23, 2, 0, 0, ' ', '2024-02-28 15:54:29'),
	(140, 33, 365.00, 2.30, 110.00, 0.00, 0, 0.00, 0.00, 0.00, 5.48, 13.23, 0.00, 218.79, 0.00, 218.79, 2, 0, 0, ' ', '2024-02-28 15:54:29'),
	(141, 34, 450.00, 1.87, 0.00, 0.00, 0, 0.00, 0.00, 0.00, 6.75, 16.31, 0.00, 201.94, 0.00, 201.94, 2, 0, 0, ' ', '2024-02-28 15:54:29'),
	(142, 35, 415.00, 1.73, 0.00, 0.00, 1, 1.73, 1.00, 0.43, 6.23, 15.04, 0.00, 186.23, 0.00, 188.39, 2, 1, 0, ' ', '2024-02-28 15:54:29'),
	(143, 36, 365.00, 2.30, 0.00, 0.00, 0, 0.00, 0.00, 0.00, 5.48, 13.23, 0.00, 163.79, 0.00, 163.79, 2, 0, 0, ' ', '2024-02-28 15:54:29'),
	(144, 37, 365.00, 2.30, 0.00, 0.00, 0, 0.00, 0.00, 0.00, 5.48, 13.23, 0.00, 163.79, 0.00, 163.79, 2, 0, 0, ' ', '2024-02-28 15:54:29'),
	(145, 38, 365.00, 2.30, 0.00, 0.00, 0, 0.00, 0.00, 0.00, 5.48, 13.23, 0.00, 163.79, 0.00, 163.79, 2, 0, 0, ' ', '2024-02-28 15:54:29'),
	(146, 39, 365.00, 2.30, 110.00, 0.00, 0, 0.00, 0.00, 0.00, 5.48, 13.23, 0.00, 218.79, 0.00, 218.79, 2, 0, 0, ' ', '2024-02-28 15:54:29'),
	(147, 40, 450.00, 1.87, 100.00, 0.00, 0, 0.00, 0.00, 0.00, 6.75, 16.31, 0.00, 251.94, 0.00, 251.94, 2, 0, 0, ' ', '2024-02-28 15:54:29'),
	(148, 41, 0.00, 2.30, 0.00, 0.00, 0, 0.00, 0.00, 0.00, 0.00, 0.00, 0.00, 0.00, 0.00, 0.00, 2, 0, 0, ' ', '2024-02-28 15:54:29'),
	(149, 42, 365.00, 1.52, 0.00, 0.00, 0, 0.00, 0.00, 0.00, 5.48, 13.23, 0.00, 163.79, 0.00, 163.79, 2, 0, 0, ' ', '2024-02-28 15:54:29'),
	(150, 43, 0.00, 2.30, 0.00, 0.00, 0, 0.00, 0.00, 0.00, 0.00, 0.00, 0.00, 0.00, 0.00, 0.00, 2, 0, 0, ' ', '2024-02-28 15:54:29'),
	(151, 44, 365.00, 1.52, 0.00, 0.00, 0, 0.00, 0.00, 0.00, 5.48, 13.23, 0.00, 163.79, 0.00, 163.79, 2, 0, 0, ' ', '2024-02-28 15:54:29'),
	(152, 45, 450.00, 2.30, 0.00, 0.00, 0, 0.00, 0.00, 0.00, 6.75, 16.31, 0.00, 201.94, 0.00, 201.94, 2, 0, 0, ' ', '2024-02-28 15:54:29'),
	(153, 46, 450.00, 1.87, 100.00, 0.00, 0, 0.00, 0.00, 0.00, 6.75, 16.31, 0.00, 251.94, 0.00, 251.94, 2, 0, 0, ' ', '2024-02-28 15:54:29'),
	(154, 47, 365.00, 1.52, 0.00, 0.00, 0, 0.00, 0.00, 0.00, 5.48, 13.23, 0.00, 163.79, 0.00, 163.79, 2, 0, 0, ' ', '2024-02-28 15:54:29'),
	(155, 48, 450.00, 1.87, 0.00, 0.00, 0, 0.00, 0.00, 0.00, 6.75, 16.31, 0.00, 201.94, 0.00, 201.94, 2, 0, 0, ' ', '2024-02-28 15:54:29'),
	(156, 50, 0.00, 2.30, 0.00, 0.00, 0, 0.00, 0.00, 0.00, 0.00, 0.00, 0.00, 0.00, 0.00, 0.00, 2, 0, 0, ' ', '2024-02-28 15:54:29'),
	(157, 51, 650.00, 2.30, 0.00, 0.00, 0, 0.00, 0.00, 0.00, 9.75, 23.56, 14.40, 277.29, 0.00, 277.29, 2, 0, 0, ' ', '2024-02-28 15:54:29'),
	(158, 52, 450.00, 2.30, 0.00, 0.00, 0, 0.00, 0.00, 0.00, 6.75, 16.31, 0.00, 201.94, 0.00, 201.94, 2, 0, 0, ' ', '2024-02-28 15:54:29'),
	(159, 53, 365.00, 1.30, 0.00, 0.00, 0, 0.00, 0.00, 0.00, 5.48, 13.23, 0.00, 163.79, 0.00, 163.79, 2, 0, 0, ' ', '2024-02-28 15:54:29'),
	(160, 54, 0.00, 2.30, 0.00, 0.00, 0, 0.00, 0.00, 0.00, 0.00, 0.00, 0.00, 0.00, 0.00, 0.00, 2, 0, 0, ' ', '2024-02-28 15:54:29'),
	(161, 55, 400.00, 1.66, 0.00, 0.00, 0, 0.00, 0.00, 0.00, 6.00, 14.50, 0.00, 179.50, 0.00, 179.50, 2, 0, 0, ' ', '2024-02-28 15:54:29'),
	(162, 56, 425.00, 1.77, 0.00, 0.00, 0, 0.00, 0.00, 0.00, 6.38, 15.41, 0.00, 190.72, 0.00, 190.72, 2, 0, 0, ' ', '2024-02-28 15:54:29'),
	(163, 57, 365.00, 1.52, 0.00, 0.00, 0, 0.00, 0.00, 0.00, 5.48, 13.23, 0.00, 163.79, 0.00, 163.79, 2, 0, 0, ' ', '2024-02-28 15:54:29'),
	(164, 58, 365.00, 1.52, 0.00, 0.00, 0, 0.00, 0.00, 0.00, 5.48, 13.23, 0.00, 163.79, 0.00, 163.79, 2, 0, 0, ' ', '2024-02-28 15:54:29'),
	(165, 59, 450.00, 1.87, 0.00, 0.00, 0, 0.00, 0.00, 0.00, 6.75, 16.31, 0.00, 201.94, 0.00, 201.94, 2, 0, 0, ' ', '2024-02-28 15:54:29'),
	(166, 60, 450.00, 1.87, 0.00, 0.00, 0, 0.00, 0.00, 0.00, 6.75, 16.31, 0.00, 201.94, 0.00, 201.94, 2, 0, 0, ' ', '2024-02-28 15:54:30'),
	(167, 61, 400.00, 1.67, 0.00, 0.00, 0, 0.00, 0.00, 0.00, 6.00, 14.50, 0.00, 179.50, 0.00, 179.50, 2, 0, 0, ' ', '2024-02-28 15:54:30'),
	(168, 62, 365.00, 2.30, 60.00, 0.00, 0, 0.00, 0.00, 0.00, 5.48, 13.23, 0.00, 193.79, 0.00, 193.79, 2, 0, 0, ' ', '2024-02-28 15:54:30'),
	(169, 63, 365.00, 2.30, 0.00, 0.00, 0, 0.00, 0.00, 0.00, 5.48, 13.23, 0.00, 163.79, 0.00, 163.79, 2, 0, 0, ' ', '2024-02-28 15:54:30'),
	(170, 64, 365.00, 2.30, 0.00, 0.00, 0, 0.00, 0.00, 0.00, 5.48, 13.23, 0.00, 163.79, 0.00, 163.79, 2, 0, 0, ' ', '2024-02-28 15:54:30'),
	(171, 65, 365.00, 2.30, 60.00, 0.00, 0, 0.00, 0.00, 0.00, 5.48, 13.23, 0.00, 193.79, 0.00, 193.79, 2, 0, 0, ' ', '2024-02-28 15:54:30'),
	(172, 66, 365.00, 2.30, 60.00, 0.00, 0, 0.00, 0.00, 0.00, 5.48, 13.23, 0.00, 193.79, 0.00, 193.79, 2, 0, 0, ' ', '2024-02-28 15:54:30'),
	(173, 67, 365.00, 1.52, 0.00, 0.00, 0, 0.00, 0.00, 0.00, 5.48, 13.23, 0.00, 163.79, 0.00, 163.79, 2, 0, 0, ' ', '2024-02-28 15:54:30'),
	(174, 68, 365.00, 2.30, 110.00, 0.00, 0, 0.00, 0.00, 0.00, 5.48, 13.23, 0.00, 218.79, 0.00, 218.79, 2, 0, 0, ' ', '2024-02-28 15:54:30'),
	(175, 69, 450.00, 2.30, 0.00, 0.00, 0, 0.00, 0.00, 0.00, 6.75, 16.31, 0.00, 201.94, 0.00, 201.94, 2, 0, 0, ' ', '2024-02-28 15:54:30'),
	(176, 70, 415.00, 1.73, 0.00, 0.00, 0, 0.00, 0.00, 0.00, 6.23, 15.04, 0.00, 186.23, 0.00, 186.23, 2, 0, 0, ' ', '2024-02-28 15:54:30'),
	(177, 72, 0.00, 2.30, 0.00, 0.00, 0, 0.00, 0.00, 0.00, 0.00, 0.00, 0.00, 0.00, 0.00, 0.00, 2, 0, 0, ' ', '2024-02-28 15:54:30'),
	(178, 73, 500.00, 2.08, 0.00, 0.00, 1, 2.08, 0.00, 0.00, 7.50, 18.13, 0.00, 224.38, 0.00, 226.46, 2, 1, 0, ' ', '2024-02-28 15:54:30'),
	(179, 76, 0.00, 2.30, 0.00, 0.00, 0, 0.00, 0.00, 0.00, 0.00, 0.00, 0.00, 0.00, 0.00, 0.00, 2, 0, 0, ' ', '2024-02-28 15:54:30'),
	(180, 77, 365.00, 1.52, 0.00, 0.00, 0, 0.00, 0.00, 0.00, 5.48, 13.23, 0.00, 163.79, 0.00, 163.79, 2, 0, 0, ' ', '2024-02-28 15:54:30'),
	(181, 78, 365.00, 2.30, 60.00, 0.00, 0, 0.00, 0.00, 0.00, 5.48, 13.23, 0.00, 193.79, 0.00, 193.79, 2, 0, 0, ' ', '2024-02-28 15:54:30'),
	(182, 79, 365.00, 2.30, 0.00, 0.00, 0, 0.00, 0.00, 0.00, 5.48, 13.23, 0.00, 163.79, 0.00, 163.79, 2, 0, 0, ' ', '2024-02-28 15:54:30'),
	(183, 80, 365.00, 2.30, 60.00, 0.00, 0, 0.00, 0.00, 0.00, 5.48, 13.23, 0.00, 193.79, 0.00, 193.79, 2, 0, 0, ' ', '2024-02-28 15:54:30'),
	(184, 81, 365.00, 2.30, 0.00, 0.00, 0, 0.00, 0.00, 0.00, 5.48, 13.23, 0.00, 163.79, 0.00, 163.79, 2, 0, 0, ' ', '2024-02-28 15:54:30'),
	(185, 82, 0.00, 2.30, 0.00, 0.00, 0, 0.00, 0.00, 0.00, 0.00, 0.00, 0.00, 0.00, 0.00, 0.00, 2, 0, 0, ' ', '2024-02-28 15:54:30'),
	(186, 83, 365.00, 2.30, 0.00, 0.00, 0, 0.00, 0.00, 0.00, 5.48, 13.23, 0.00, 163.79, 0.00, 163.79, 2, 0, 0, ' ', '2024-02-28 15:54:30'),
	(187, 84, 365.00, 2.30, 0.00, 0.00, 0, 0.00, 0.00, 0.00, 5.48, 13.23, 0.00, 163.79, 0.00, 163.79, 2, 0, 0, ' ', '2024-02-28 15:54:30'),
	(188, 85, 250.00, 0.00, 0.00, 0.00, 0, 0.00, 0.00, 0.00, 0.00, 0.00, 0.00, 125.00, 0.00, 125.00, 2, 0, 0, ' ', '2024-02-28 15:54:30'),
	(189, 86, 365.00, 1.52, 0.00, 0.00, 0, 0.00, 0.00, 0.00, 5.48, 13.23, 0.00, 163.79, 0.00, 163.79, 2, 0, 0, ' ', '2024-02-28 15:54:30'),
	(190, 87, 365.00, 1.52, 0.00, 0.00, 0, 0.00, 0.00, 0.00, 5.48, 13.23, 0.00, 163.79, 0.00, 163.79, 2, 0, 0, ' ', '2024-02-28 15:54:30'),
	(191, 88, 200.00, 0.00, 0.00, 0.00, 0, 0.00, 0.00, 0.00, 0.00, 0.00, 0.00, 100.00, 0.00, 100.00, 2, 0, 0, ' ', '2024-02-28 15:54:30'),
	(192, 89, 185.00, 0.00, 0.00, 0.00, 0, 0.00, 0.00, 0.00, 0.00, 0.00, 0.00, 92.50, 0.00, 92.50, 2, 0, 0, ' ', '2024-02-28 15:54:30'),
	(193, 90, 365.00, 0.00, 0.00, 0.00, 0, 0.00, 0.00, 0.00, 0.00, 0.00, 0.00, 182.50, 0.00, 182.50, 2, 0, 0, ' ', '2024-02-28 15:54:30'),
	(194, 91, 365.00, 1.52, 0.00, 0.00, 0, 0.00, 0.00, 0.00, 5.48, 13.23, 0.00, 163.79, 0.00, 163.79, 2, 0, 0, ' ', '2024-02-28 15:54:30'),
	(195, 92, 365.00, 1.52, 0.00, 0.00, 0, 0.00, 0.00, 0.00, 5.48, 13.23, 0.00, 163.79, 0.00, 163.79, 2, 0, 0, ' ', '2024-02-28 15:54:30'),
	(196, 93, 150.00, 0.00, 0.00, 0.00, 0, 0.00, 0.00, 0.00, 0.00, 0.00, 0.00, 75.00, 0.00, 75.00, 2, 0, 0, ' ', '2024-02-28 15:54:30'),
	(197, 94, 450.00, 2.30, 0.00, 0.00, 0, 0.00, 0.00, 0.00, 6.75, 16.31, 0.00, 201.94, 0.00, 201.94, 2, 0, 0, ' ', '2024-02-28 15:54:30'),
	(198, 95, 365.00, 2.30, 0.00, 0.00, 0, 0.00, 0.00, 0.00, 5.48, 13.23, 0.00, 163.79, 0.00, 163.79, 2, 0, 0, ' ', '2024-02-28 15:54:30'),
	(199, 96, 365.00, 2.30, 0.00, 0.00, 0, 0.00, 0.00, 0.00, 5.48, 13.23, 0.00, 163.79, 0.00, 163.79, 2, 0, 0, ' ', '2024-02-28 15:54:30'),
	(200, 98, 500.00, 2.08, 0.00, 0.00, 0, 0.00, 0.00, 0.00, 7.50, 18.13, 0.00, 224.38, 0.00, 224.38, 2, 0, 0, ' ', '2024-02-28 15:54:30'),
	(201, 99, 365.00, 2.30, 0.00, 0.00, 0, 0.00, 0.00, 0.00, 5.48, 13.23, 0.00, 163.79, 0.00, 163.79, 2, 0, 0, ' ', '2024-02-28 15:54:30'),
	(202, 100, 650.00, 0.00, 0.00, 0.00, 25, 0.00, 0.00, 0.00, 0.00, 0.00, 0.00, 325.00, 0.00, 325.00, 2, 1, 0, ' ', '2024-02-28 15:54:30'),
	(203, 101, 450.00, 2.30, 0.00, 0.00, 0, 0.00, 0.00, 0.00, 6.75, 16.31, 0.00, 201.94, 0.00, 201.94, 2, 0, 0, ' ', '2024-02-28 15:54:30'),
	(204, 102, 365.00, 1.52, 0.00, 0.00, 0, 0.00, 0.00, 0.00, 5.48, 13.23, 0.00, 163.79, 0.00, 163.79, 2, 0, 0, ' ', '2024-02-28 15:54:30'),
	(205, 104, 365.00, 1.52, 0.00, 0.00, 0, 0.00, 0.00, 0.00, 5.48, 13.23, 0.00, 163.79, 0.00, 163.79, 2, 0, 0, ' ', '2024-02-28 15:54:30'),
	(206, 105, 365.00, 1.52, 0.00, 0.00, 0, 0.00, 0.00, 0.00, 5.48, 13.23, 0.00, 163.79, 0.00, 163.79, 2, 0, 0, ' ', '2024-02-28 15:54:30'),
	(207, 107, 365.00, 2.30, 0.00, 0.00, 0, 0.00, 0.00, 0.00, 5.48, 13.23, 0.00, 163.79, 0.00, 163.79, 2, 0, 0, ' ', '2024-02-28 15:54:30'),
	(208, 108, 365.00, 1.52, 0.00, 0.00, 0, 0.00, 0.00, 0.00, 5.48, 13.23, 0.00, 163.79, 0.00, 163.79, 2, 0, 0, ' ', '2024-02-28 15:54:30'),
	(209, 109, 0.00, 2.30, 0.00, 0.00, 0, 0.00, 0.00, 0.00, 0.00, 0.00, 0.00, 0.00, 0.00, 0.00, 2, 0, 0, ' ', '2024-02-28 15:54:30'),
	(210, 110, 365.00, 1.52, 0.00, 0.00, 0, 0.00, 0.00, 0.00, 5.48, 13.23, 0.00, 163.79, 0.00, 163.79, 2, 0, 0, ' ', '2024-02-28 15:54:30'),
	(211, 112, 0.00, 2.30, 0.00, 0.00, 0, 0.00, 0.00, 0.00, 0.00, 0.00, 0.00, 0.00, 0.00, 0.00, 2, 0, 0, ' ', '2024-02-28 15:54:30'),
	(212, 114, 365.00, 1.52, 0.00, 0.00, 0, 0.00, 0.00, 0.00, 5.48, 13.23, 0.00, 163.79, 0.00, 163.79, 2, 0, 0, ' ', '2024-02-28 15:54:30'),
	(213, 115, 0.00, 2.30, 0.00, 0.00, 0, 0.00, 0.00, 0.00, 0.00, 0.00, 0.00, 0.00, 0.00, 0.00, 2, 0, 0, ' ', '2024-02-28 15:54:30'),
	(214, 116, 365.00, 0.00, 0.00, 0.00, 0, 0.00, 0.00, 0.00, 5.48, 13.23, 0.00, 163.79, 0.00, 163.79, 2, 0, 0, ' ', '2024-02-28 15:54:30'),
	(215, 117, 450.00, 2.30, 0.00, 0.00, 0, 0.00, 0.00, 0.00, 6.75, 16.31, 0.00, 201.94, 0.00, 201.94, 2, 0, 0, ' ', '2024-02-28 15:54:30'),
	(216, 118, 365.00, 1.52, 0.00, 0.00, 0, 0.00, 0.00, 0.00, 5.48, 13.23, 0.00, 163.79, 0.00, 163.79, 2, 0, 0, ' ', '2024-02-28 15:54:30'),
	(217, 119, 750.00, 0.00, 0.00, 0.00, 0, 0.00, 0.00, 0.00, 0.00, 0.00, 37.50, 337.50, 0.00, 337.50, 2, 0, 0, ' ', '2024-02-28 15:54:30'),
	(218, 120, 450.00, 2.30, 0.00, 0.00, 0, 0.00, 0.00, 0.00, 6.75, 16.31, 0.00, 201.94, 0.00, 201.94, 2, 0, 0, ' ', '2024-02-28 15:54:30'),
	(219, 121, 450.00, 2.30, 0.00, 0.00, 0, 0.00, 0.00, 0.00, 6.75, 16.31, 0.00, 201.94, 0.00, 201.94, 2, 0, 0, ' ', '2024-02-28 15:54:30'),
	(220, 122, 365.00, 1.52, 0.00, 0.00, 0, 0.00, 0.00, 0.00, 5.48, 13.23, 0.00, 163.79, 0.00, 163.79, 2, 0, 0, ' ', '2024-02-28 15:54:30'),
	(221, 123, 0.00, 2.30, 0.00, 0.00, 0, 0.00, 0.00, 0.00, 0.00, 0.00, 0.00, 0.00, 0.00, 0.00, 2, 0, 0, ' ', '2024-02-28 15:54:30'),
	(222, 124, 0.00, 2.30, 0.00, 0.00, 0, 0.00, 0.00, 0.00, 0.00, 0.00, 0.00, 0.00, 0.00, 0.00, 2, 0, 0, ' ', '2024-02-28 15:54:30');

-- Volcando estructura para tabla db_hospital_orellana.tbl_detalle_procedimientos
CREATE TABLE IF NOT EXISTS `tbl_detalle_procedimientos` (
  `idDetalleProcedimiento` int(11) NOT NULL AUTO_INCREMENT,
  `idProcedimiento` int(11) NOT NULL,
  `idHoja` int(11) NOT NULL,
  `idInsumo` int(11) NOT NULL,
  `precioInsumo` decimal(9,3) NOT NULL,
  `cantidadInsumo` int(11) NOT NULL,
  `por` int(11) NOT NULL DEFAULT 0,
  `eliminado` int(11) NOT NULL DEFAULT 0,
  `motivoEliminado` text NOT NULL,
  `reintegro` int(11) NOT NULL DEFAULT 0,
  `fechaAgregado` timestamp NOT NULL DEFAULT current_timestamp(),
  PRIMARY KEY (`idDetalleProcedimiento`),
  KEY `idDetalleProcedimiento` (`idHoja`),
  KEY `idInsumo` (`idInsumo`),
  CONSTRAINT `tbl_detalle_procedimientos_ibfk_3` FOREIGN KEY (`idHoja`) REFERENCES `tbl_hoja_cobro` (`idHoja`) ON DELETE NO ACTION ON UPDATE NO ACTION
) ENGINE=InnoDB AUTO_INCREMENT=21 DEFAULT CHARSET=utf8 COLLATE=utf8_spanish_ci;

-- Volcando datos para la tabla db_hospital_orellana.tbl_detalle_procedimientos: ~7 rows (aproximadamente)
INSERT INTO `tbl_detalle_procedimientos` (`idDetalleProcedimiento`, `idProcedimiento`, `idHoja`, `idInsumo`, `precioInsumo`, `cantidadInsumo`, `por`, `eliminado`, `motivoEliminado`, `reintegro`, `fechaAgregado`) VALUES
	(2, 1, 142, 404, 0.300, 1, 12, 0, '', 1, '2023-10-05 16:14:17'),
	(3, 1, 142, 402, 0.300, 3, 12, 0, '', 1, '2023-10-05 17:59:18'),
	(4, 1, 142, 403, 0.300, 8, 12, 0, '', 1, '2023-10-05 18:00:03'),
	(14, 2, 144, 402, 0.300, 3, 1, 0, '', 1, '2023-10-10 17:55:45'),
	(15, 2, 144, 403, 0.300, 4, 1, 0, '', 1, '2023-10-10 17:55:48'),
	(16, 2, 144, 404, 0.300, 1, 1, 0, '', 1, '2023-10-10 17:56:12'),
	(18, 3, 145, 404, 0.300, 4, 12, 0, '', 1, '2023-10-11 20:31:37');

-- Volcando estructura para tabla db_hospital_orellana.tbl_detalle_stock
CREATE TABLE IF NOT EXISTS `tbl_detalle_stock` (
  `idDetalleStock` int(11) NOT NULL AUTO_INCREMENT,
  `idStock` int(11) NOT NULL,
  `idInsumo` int(11) NOT NULL,
  `stockInsumo` int(11) NOT NULL,
  `debeInsumo` int(11) NOT NULL,
  `estadoInsumo` int(11) NOT NULL DEFAULT 1,
  `fechaVencimiento` date DEFAULT NULL,
  `creadoDetalleStock` timestamp NOT NULL DEFAULT current_timestamp(),
  PRIMARY KEY (`idDetalleStock`)
) ENGINE=InnoDB AUTO_INCREMENT=14 DEFAULT CHARSET=utf8mb4 COLLATE=utf8mb4_general_ci;

-- Volcando datos para la tabla db_hospital_orellana.tbl_detalle_stock: ~13 rows (aproximadamente)
INSERT INTO `tbl_detalle_stock` (`idDetalleStock`, `idStock`, `idInsumo`, `stockInsumo`, `debeInsumo`, `estadoInsumo`, `fechaVencimiento`, `creadoDetalleStock`) VALUES
	(1, 3, 154, 1, 1, 1, '0000-00-00', '2024-01-31 14:37:22'),
	(2, 3, 257, 1, 1, 1, '0000-00-00', '2024-01-31 14:37:29'),
	(3, 3, 887, 1, 1, 1, '0000-00-00', '2024-01-31 14:37:40'),
	(4, 3, 88, 1, 1, 1, '0000-00-00', '2024-01-31 14:38:13'),
	(5, 3, 252, 1, 1, 1, '0000-00-00', '2024-01-31 14:38:27'),
	(6, 3, 262, 1, 1, 1, '0000-00-00', '2024-01-31 14:38:42'),
	(7, 3, 263, 1, 1, 1, '0000-00-00', '2024-01-31 14:38:52'),
	(8, 3, 396, 1, 1, 1, '0000-00-00', '2024-01-31 14:39:10'),
	(9, 3, 391, 1, 1, 1, '0000-00-00', '2024-01-31 14:39:21'),
	(10, 3, 886, 1, 1, 1, '0000-00-00', '2024-01-31 14:39:32'),
	(11, 3, 89, 1, 1, 1, '0000-00-00', '2024-01-31 14:39:47'),
	(12, 3, 355, 1, 1, 1, '0000-00-00', '2024-01-31 14:39:56'),
	(13, 3, 260, 2, 2, 1, '0000-00-00', '2024-01-31 14:40:16');

-- Volcando estructura para tabla db_hospital_orellana.tbl_donantes
CREATE TABLE IF NOT EXISTS `tbl_donantes` (
  `idDonante` int(11) NOT NULL AUTO_INCREMENT,
  `codigoDonante` varchar(15) NOT NULL,
  `nombreDonante` varchar(50) NOT NULL,
  `edadDonante` int(11) NOT NULL DEFAULT 0,
  `duiDonante` varchar(10) NOT NULL,
  `ultimaFecha` date NOT NULL,
  `fechaDonante` timestamp NOT NULL DEFAULT current_timestamp() ON UPDATE current_timestamp(),
  PRIMARY KEY (`idDonante`)
) ENGINE=InnoDB AUTO_INCREMENT=18 DEFAULT CHARSET=utf8 COLLATE=utf8_spanish_ci;

-- Volcando datos para la tabla db_hospital_orellana.tbl_donantes: ~16 rows (aproximadamente)
INSERT INTO `tbl_donantes` (`idDonante`, `codigoDonante`, `nombreDonante`, `edadDonante`, `duiDonante`, `ultimaFecha`, `fechaDonante`) VALUES
	(2, '1000', 'Edwin Alexander Cortez Orantes', 25, '00000000-0', '0000-00-00', '2023-06-28 15:27:53'),
	(3, '1001', 'Edwin Alexander Cortez Orantes', 31, '99999999-9', '0000-00-00', '2023-06-28 15:37:55'),
	(4, '1002', 'Edwin Alexander Cortez Orantes', 31, '99999999-9', '0000-00-00', '2023-06-28 15:38:48'),
	(5, '1003', 'Edwin Alexander Cortez Orantes', 31, '99999999-9', '0000-00-00', '2023-06-28 15:39:11'),
	(6, '1004', 'Edwin Alexander Cortez Orantes', 31, '99999999-9', '2023-06-29', '2023-06-29 14:45:06'),
	(7, '1005', 'Kriscia Ivette Segovia', 25, '11236549-9', '2023-06-28', '2023-06-28 21:50:04'),
	(8, '1006', 'Elena Abigail Cruz', 31, '66666698-4', '2023-06-28', '2023-06-28 19:59:49'),
	(9, '1007', 'Josselyn Sortp', 35, '33336512-5', '0000-00-00', '2023-06-28 20:55:09'),
	(10, '1008', 'Josselyn Sortp', 35, '33336512-5', '0000-00-00', '2023-06-28 21:16:59'),
	(11, '1009', 'Josselyn Sortp', 35, '33336512-5', '0000-00-00', '2023-06-28 21:19:26'),
	(12, '1010', 'Josselyn Sortp', 35, '33336512-5', '0000-00-00', '2023-06-28 21:20:12'),
	(13, '1011', 'Josselyn Sorto', 35, '33336512-5', '2023-06-28', '2023-06-28 21:48:47'),
	(14, '1012', 'Kriscia Segovia', 24, '11112645-9', '2023-06-28', '2023-06-28 21:26:44'),
	(15, '1013', 'Veronica Guadalupe Mira', 35, '36549748-8', '2023-06-28', '2023-06-29 14:08:57'),
	(16, '1014', 'Silvia Campos Beltran', 19, '11111114-5', '2023-06-29', '2023-06-29 20:36:05'),
	(17, '1015', 'Carlos Martinez', 25, '11111111-1', '2023-06-29', '2023-06-29 20:37:47');

-- Volcando estructura para tabla db_hospital_orellana.tbl_donantes_insumo
CREATE TABLE IF NOT EXISTS `tbl_donantes_insumo` (
  `idDonanteInsumo` int(11) NOT NULL AUTO_INCREMENT,
  `idDonante` int(11) NOT NULL,
  `idInsumo` int(11) NOT NULL,
  `cantidadInsumo` int(11) NOT NULL DEFAULT 1,
  `precioInsumo` decimal(9,2) NOT NULL,
  `codigoDonanteInsumo` int(11) NOT NULL DEFAULT 0,
  `fechaDonanteInsumo` timestamp NOT NULL DEFAULT current_timestamp(),
  PRIMARY KEY (`idDonanteInsumo`)
) ENGINE=InnoDB AUTO_INCREMENT=15 DEFAULT CHARSET=utf8 COLLATE=utf8_spanish_ci;

-- Volcando datos para la tabla db_hospital_orellana.tbl_donantes_insumo: ~13 rows (aproximadamente)
INSERT INTO `tbl_donantes_insumo` (`idDonanteInsumo`, `idDonante`, `idInsumo`, `cantidadInsumo`, `precioInsumo`, `codigoDonanteInsumo`, `fechaDonanteInsumo`) VALUES
	(1, 6, 1, 1, 50.00, 1, '2023-06-28 15:39:32'),
	(2, 7, 2, 1, 100.00, 2, '2023-06-28 19:47:52'),
	(3, 8, 1, 1, 150.00, 3, '2023-06-28 19:59:49'),
	(5, 13, 3, 1, 50.00, 4, '2023-06-28 21:22:26'),
	(6, 14, 2, 1, 75.00, 5, '2023-06-28 21:26:44'),
	(7, 15, 2, 1, 100.00, 6, '2023-06-28 21:28:23'),
	(8, 13, 3, 1, 200.00, 7, '2023-06-28 21:48:47'),
	(9, 6, 2, 1, 25.00, 8, '2023-06-28 21:49:30'),
	(10, 7, 2, 1, 25.00, 9, '2023-06-28 21:50:04'),
	(11, 6, 1, 1, 60.00, 10, '2023-06-29 14:45:06'),
	(12, 16, 1, 1, 50.00, 11, '2023-06-29 20:34:09'),
	(13, 16, 3, 1, 150.00, 12, '2023-06-29 20:36:05'),
	(14, 17, 3, 1, 100.00, 13, '2023-06-29 20:37:47');

-- Volcando estructura para tabla db_hospital_orellana.tbl_donantes_salidas
CREATE TABLE IF NOT EXISTS `tbl_donantes_salidas` (
  `idDonanteSalida` int(11) NOT NULL AUTO_INCREMENT,
  `nombrePaciente` varchar(50) NOT NULL,
  `edadPaciente` int(11) NOT NULL,
  `areaDonanteSalida` varchar(25) NOT NULL,
  `idInsumo` int(11) NOT NULL,
  `cantidadInsumo` int(11) NOT NULL,
  `precioInsumo` int(11) NOT NULL,
  `medicoDonanteSalida` int(11) NOT NULL,
  `codigoDonanteSalida` int(11) NOT NULL,
  `fechaDonanteSalida` timestamp NOT NULL DEFAULT current_timestamp(),
  PRIMARY KEY (`idDonanteSalida`)
) ENGINE=InnoDB AUTO_INCREMENT=4 DEFAULT CHARSET=utf8 COLLATE=utf8_spanish_ci;

-- Volcando datos para la tabla db_hospital_orellana.tbl_donantes_salidas: ~3 rows (aproximadamente)
INSERT INTO `tbl_donantes_salidas` (`idDonanteSalida`, `nombrePaciente`, `edadPaciente`, `areaDonanteSalida`, `idInsumo`, `cantidadInsumo`, `precioInsumo`, `medicoDonanteSalida`, `codigoDonanteSalida`, `fechaDonanteSalida`) VALUES
	(1, 'Chepe Chuña  Funes', 25, 'Enfermeria', 1, 2, 150, 2, 1, '2023-06-30 15:44:56'),
	(2, 'Oscar Fuentes Pineda', 25, 'Hemodiálisis ', 2, 1, 100, 3, 2, '2023-06-30 16:30:03'),
	(3, 'Josselyne Sorto Magaña', 35, 'Hemodiálisis ', 197, 1, 200, 20, 3, '2023-06-30 16:38:12');

-- Volcando estructura para tabla db_hospital_orellana.tbl_dsalidas_hemo
CREATE TABLE IF NOT EXISTS `tbl_dsalidas_hemo` (
  `idDescargosHemo` int(11) NOT NULL AUTO_INCREMENT,
  `idCuentaDescargo` int(11) NOT NULL,
  `idInsumo` int(11) NOT NULL,
  `cantidadInsumo` int(11) NOT NULL,
  `por` int(11) NOT NULL,
  `entregadoA` text NOT NULL,
  `fechaDescargo` timestamp NOT NULL DEFAULT current_timestamp(),
  PRIMARY KEY (`idDescargosHemo`)
) ENGINE=InnoDB AUTO_INCREMENT=12 DEFAULT CHARSET=utf8 COLLATE=utf8_spanish_ci;

-- Volcando datos para la tabla db_hospital_orellana.tbl_dsalidas_hemo: ~7 rows (aproximadamente)
INSERT INTO `tbl_dsalidas_hemo` (`idDescargosHemo`, `idCuentaDescargo`, `idInsumo`, `cantidadInsumo`, `por`, `entregadoA`, `fechaDescargo`) VALUES
	(2, 1, 2, 1, 1, 'Veronica', '2022-09-23 15:59:08'),
	(3, 1, 3, 1, 1, 'Veronica', '2022-09-23 15:59:08'),
	(4, 1, 4, 1, 1, 'Veronica', '2022-09-23 15:59:08'),
	(5, 1, 5, 1, 1, 'Veronica', '2022-09-23 15:59:09'),
	(6, 1, 6, 1, 1, 'Veronica', '2022-09-23 15:59:09'),
	(9, 2, 1, 15, 1, 'Lorem', '2023-06-05 14:43:39'),
	(10, 2, 2, 5, 1, 'Lorem', '2023-06-05 14:47:18');

-- Volcando estructura para tabla db_hospital_orellana.tbl_dsalidas_limpieza
CREATE TABLE IF NOT EXISTS `tbl_dsalidas_limpieza` (
  `idDescargosLimpieza` int(11) NOT NULL AUTO_INCREMENT,
  `idCuentaDescargo` int(11) NOT NULL,
  `idInsumo` int(11) NOT NULL,
  `cantidadInsumo` int(11) NOT NULL,
  `por` int(11) NOT NULL,
  `entregadoA` text NOT NULL,
  `fechaDescargo` timestamp NOT NULL DEFAULT current_timestamp(),
  PRIMARY KEY (`idDescargosLimpieza`)
) ENGINE=InnoDB AUTO_INCREMENT=16 DEFAULT CHARSET=utf8 COLLATE=utf8_spanish_ci;

-- Volcando datos para la tabla db_hospital_orellana.tbl_dsalidas_limpieza: ~5 rows (aproximadamente)
INSERT INTO `tbl_dsalidas_limpieza` (`idDescargosLimpieza`, `idCuentaDescargo`, `idInsumo`, `cantidadInsumo`, `por`, `entregadoA`, `fechaDescargo`) VALUES
	(3, 1, 1, 2, 11, '', '2022-08-29 19:55:32'),
	(4, 1, 2, 3, 11, '', '2022-08-29 19:55:39'),
	(6, 3, 44, 1, 11, 'Armida', '2022-09-02 15:02:04'),
	(13, 5, 1, 5, 1, 'Juancho', '2023-05-30 21:15:29'),
	(14, 5, 2, 2, 1, 'Juancho', '2023-05-30 21:15:34');

-- Volcando estructura para tabla db_hospital_orellana.tbl_empleados
CREATE TABLE IF NOT EXISTS `tbl_empleados` (
  `idEmpleado` int(11) NOT NULL AUTO_INCREMENT,
  `nombreEmpleado` varchar(50) NOT NULL,
  `apellidoEmpleado` varchar(50) NOT NULL,
  `edadEmpleado` int(11) NOT NULL,
  `telefonoEmpleado` varchar(10) NOT NULL,
  `cargoEmpleado` int(11) NOT NULL,
  `sexoEmpleado` varchar(10) NOT NULL,
  `duiEmpleado` varchar(10) NOT NULL,
  `nitEmpleado` varchar(25) NOT NULL,
  `estadoEmpleado` varchar(15) NOT NULL,
  `nacimientoEmpleado` date NOT NULL,
  `departamentoEmpleado` int(11) NOT NULL,
  `municipioEmpleado` int(11) NOT NULL,
  `direccionEmpleado` text NOT NULL,
  `ingresoEmpleado` date NOT NULL,
  PRIMARY KEY (`idEmpleado`),
  KEY `departamentoEmpleado` (`departamentoEmpleado`),
  KEY `municipioEmpleado` (`municipioEmpleado`),
  KEY `cargoEmpleado` (`cargoEmpleado`),
  CONSTRAINT `tbl_empleados_ibfk_1` FOREIGN KEY (`municipioEmpleado`) REFERENCES `tbl_municipios_sv` (`idMunicipio`) ON DELETE NO ACTION ON UPDATE NO ACTION,
  CONSTRAINT `tbl_empleados_ibfk_2` FOREIGN KEY (`cargoEmpleado`) REFERENCES `tbl_cargos` (`idCargo`) ON DELETE NO ACTION ON UPDATE NO ACTION
) ENGINE=InnoDB AUTO_INCREMENT=13 DEFAULT CHARSET=utf8 COLLATE=utf8_spanish_ci;

-- Volcando datos para la tabla db_hospital_orellana.tbl_empleados: ~11 rows (aproximadamente)
INSERT INTO `tbl_empleados` (`idEmpleado`, `nombreEmpleado`, `apellidoEmpleado`, `edadEmpleado`, `telefonoEmpleado`, `cargoEmpleado`, `sexoEmpleado`, `duiEmpleado`, `nitEmpleado`, `estadoEmpleado`, `nacimientoEmpleado`, `departamentoEmpleado`, `municipioEmpleado`, `direccionEmpleado`, `ingresoEmpleado`) VALUES
	(1, 'Edwin Alexander', 'Cortez Orantes', 29, '0000-0000', 1, 'Masculino', '00000000-0', '0000-000000-000-0', 'Casado/a', '1992-01-03', 11, 42, 'Usulután', '2021-01-04'),
	(3, 'Carla Isolina', 'Ortez González', 27, '0000-0000', 9, 'Femenino', '00000000-0', '0000-000000-000-0', 'Soltero/a', '1994-08-06', 11, 64, 'Usulután', '2021-01-01'),
	(4, 'Carla Marisa ', 'Maradiaga de Paredes', 21, '0000-0000', 9, 'Femenino', '00000000-0', '0000-000000-000-0', 'Casado/a', '2000-01-01', 11, 64, 'Usulután', '2021-01-01'),
	(5, 'Catalina de Jesús', 'Gómez Vázquez', 41, '0000-0000', 9, 'Femenino', '00000000-0', '0000-000000-000-0', 'Soltero/a', '1980-06-15', 11, 64, 'Usulután', '2021-01-01'),
	(6, 'Elena Abigail', 'Cruz Rodríguez', 29, '0000-0000', 10, 'Femenino', '00000000-0', '0000-000000-000-0', 'Casado/a', '1992-01-01', 11, 64, 'Usulután', '2021-01-01'),
	(7, 'Jacquelinne Vanessa', 'Trejo de Zepeda', 35, '0000-0000', 11, 'Femenino', '00000000-0', '0000-000000-000-0', 'Casado/a', '1986-01-01', 11, 64, 'Usulután', '2021-01-01'),
	(8, 'Alba Rosa ', 'Ramirez Vasquez', 35, '7043-7030', 11, 'Femenino', '03864088-4', '0000-000000-000-0', 'Soltero/a', '1985-10-14', 11, 64, 'Colonia Las Colinas, Casa ·6', '2014-06-01'),
	(9, 'Wendy del Carmen', 'Serpas Funes', 27, '7244-5673', 11, 'Femenino', '05071660-1', '0000-000000-000-0', 'Soltero/a', '1994-03-20', 11, 54, 'Colonia El Milagro, Lote 8, Poligono 10, La Poza', '2021-06-15'),
	(10, 'Claudia Patricia ', 'Garcia', 28, '7923-4541', 11, 'Femenino', '04481254-6', '0000-000000-000-0', 'Casado/a', '1991-07-09', 11, 64, 'Colonia Saravia', '2020-09-21'),
	(11, 'Carlos Miguel', 'Martinez Mejia', 34, '7747-1360', 6, 'Masculino', '03731973-9', '1123-110587-101-9', 'Soltero/a', '1987-06-28', 11, 64, 'Colonia Espiritu Santo Calle Principal Casa # 40', '2020-09-03'),
	(12, 'Laboratorio', 'Orellana', 0, '0000-0000', 12, 'Masculino', '00000000-0', '0000-000000-000-0', 'Soltero/a', '2021-07-30', 11, 64, 'Usulutan', '2021-01-01');

-- Volcando estructura para tabla db_hospital_orellana.tbl_empleado_x_descuentos
CREATE TABLE IF NOT EXISTS `tbl_empleado_x_descuentos` (
  `idEmDes` int(11) NOT NULL AUTO_INCREMENT,
  `idEmpleado` int(11) NOT NULL,
  `idDescuento` int(11) NOT NULL,
  `montoEmDes` decimal(9,2) NOT NULL,
  `cuotaDescuento` decimal(9,2) NOT NULL,
  `totalAbonado` decimal(9,2) NOT NULL DEFAULT 0.00,
  `estadoDescuento` int(11) NOT NULL DEFAULT 1,
  `creadoEmDes` timestamp NOT NULL DEFAULT current_timestamp(),
  PRIMARY KEY (`idEmDes`)
) ENGINE=InnoDB AUTO_INCREMENT=5 DEFAULT CHARSET=utf8 COLLATE=utf8_spanish_ci;

-- Volcando datos para la tabla db_hospital_orellana.tbl_empleado_x_descuentos: ~4 rows (aproximadamente)
INSERT INTO `tbl_empleado_x_descuentos` (`idEmDes`, `idEmpleado`, `idDescuento`, `montoEmDes`, `cuotaDescuento`, `totalAbonado`, `estadoDescuento`, `creadoEmDes`) VALUES
	(1, 1, 1, 200.00, 10.00, 200.00, 0, '2023-05-03 20:26:13'),
	(2, 1, 2, 300.00, 25.00, 175.00, 1, '2023-05-03 20:31:07'),
	(3, 1, 3, 250.00, 20.00, 120.00, 1, '2023-05-03 20:57:04'),
	(4, 2, 1, 150.00, 25.00, 75.00, 1, '2023-08-14 14:34:14');

-- Volcando estructura para tabla db_hospital_orellana.tbl_espermograma
CREATE TABLE IF NOT EXISTS `tbl_espermograma` (
  `idEspermograma` int(11) NOT NULL AUTO_INCREMENT,
  `examenSolicitado` int(11) NOT NULL,
  `colorEspermograma` varchar(25) NOT NULL,
  `phEspermograma` varchar(25) NOT NULL,
  `volumenEspermograma` varchar(25) NOT NULL,
  `licuefaccionEspermograma` varchar(25) NOT NULL,
  `viscocidadEspermograma` varchar(25) NOT NULL,
  `abstinenciaEspermograma` varchar(25) NOT NULL,
  `hematiesEspermograma` varchar(25) NOT NULL,
  `leucocitosEspermograma` varchar(25) NOT NULL,
  `epitelialesEspermograma` varchar(25) NOT NULL,
  `bacteriasEspermograma` varchar(25) NOT NULL,
  `mprEspermograma` varchar(25) NOT NULL,
  `mplEspermograma` varchar(25) NOT NULL,
  `mnpEspermograma` varchar(25) NOT NULL,
  `inmovilesEspermograma` varchar(25) NOT NULL,
  `recuentoEspermograma` varchar(25) NOT NULL,
  `normalesEspermograma` varchar(25) NOT NULL,
  `anormalCbEspermograma` varchar(25) NOT NULL,
  `anormalClEspermograma` varchar(25) NOT NULL,
  `vivosEspermograma` varchar(25) NOT NULL,
  `muertosEspermograma` varchar(25) NOT NULL,
  `observacionesEspermograma` varchar(25) NOT NULL,
  `fechaEspermograma` timestamp NOT NULL DEFAULT current_timestamp(),
  PRIMARY KEY (`idEspermograma`)
) ENGINE=InnoDB AUTO_INCREMENT=7 DEFAULT CHARSET=utf8 COLLATE=utf8_spanish_ci;

-- Volcando datos para la tabla db_hospital_orellana.tbl_espermograma: ~1 rows (aproximadamente)
INSERT INTO `tbl_espermograma` (`idEspermograma`, `examenSolicitado`, `colorEspermograma`, `phEspermograma`, `volumenEspermograma`, `licuefaccionEspermograma`, `viscocidadEspermograma`, `abstinenciaEspermograma`, `hematiesEspermograma`, `leucocitosEspermograma`, `epitelialesEspermograma`, `bacteriasEspermograma`, `mprEspermograma`, `mplEspermograma`, `mnpEspermograma`, `inmovilesEspermograma`, `recuentoEspermograma`, `normalesEspermograma`, `anormalCbEspermograma`, `anormalClEspermograma`, `vivosEspermograma`, `muertosEspermograma`, `observacionesEspermograma`, `fechaEspermograma`) VALUES
	(1, 681, '1', '2', '3', '4', '5', '6', '7', '8', '9', '1', '2', '3', '4', '5', '6', '7', '8', '9', '1', '2', '987654321', '2021-10-21 15:38:04');

-- Volcando estructura para tabla db_hospital_orellana.tbl_examenes_realizados
CREATE TABLE IF NOT EXISTS `tbl_examenes_realizados` (
  `idExamenRealizado` int(11) NOT NULL AUTO_INCREMENT,
  `idExamen` int(11) NOT NULL,
  `idConsulta` int(11) NOT NULL,
  `fechaExamenRealizado` timestamp NOT NULL DEFAULT current_timestamp(),
  PRIMARY KEY (`idExamenRealizado`)
) ENGINE=InnoDB AUTO_INCREMENT=444 DEFAULT CHARSET=utf8 COLLATE=utf8_spanish_ci;

-- Volcando datos para la tabla db_hospital_orellana.tbl_examenes_realizados: ~163 rows (aproximadamente)
INSERT INTO `tbl_examenes_realizados` (`idExamenRealizado`, `idExamen`, `idConsulta`, `fechaExamenRealizado`) VALUES
	(1, 660, 1, '2021-10-14 14:33:10'),
	(2, 708, 1, '2021-10-14 14:33:10'),
	(3, 683, 2, '2021-10-14 17:16:11'),
	(4, 682, 3, '2021-10-14 17:25:32'),
	(5, 690, 4, '2021-10-14 17:41:04'),
	(6, 724, 6, '2021-10-14 17:52:40'),
	(7, 713, 7, '2021-10-14 17:54:25'),
	(8, 685, 8, '2021-10-14 17:56:45'),
	(9, 722, 8, '2021-10-14 17:56:46'),
	(10, 723, 8, '2021-10-14 17:56:46'),
	(11, 858, 8, '2021-10-14 17:56:46'),
	(12, 859, 8, '2021-10-14 17:56:46'),
	(13, 889, 10, '2021-10-14 20:59:07'),
	(35, 688, 14, '2021-10-15 15:13:51'),
	(36, 671, 14, '2021-10-15 15:13:51'),
	(37, 657, 14, '2021-10-15 15:13:51'),
	(38, 684, 14, '2021-10-15 15:13:51'),
	(39, 705, 14, '2021-10-15 15:13:51'),
	(40, 693, 14, '2021-10-15 15:13:52'),
	(41, 686, 14, '2021-10-15 15:13:52'),
	(42, 661, 15, '2021-10-15 16:23:54'),
	(43, 866, 16, '2021-10-15 16:24:44'),
	(44, 672, 17, '2021-10-15 16:25:11'),
	(45, 724, 18, '2021-10-15 16:26:07'),
	(46, 683, 19, '2021-10-15 16:27:52'),
	(47, 688, 20, '2021-10-15 16:28:56'),
	(48, 666, 20, '2021-10-15 16:28:56'),
	(49, 727, 20, '2021-10-15 16:28:56'),
	(50, 670, 20, '2021-10-15 16:28:56'),
	(51, 671, 20, '2021-10-15 16:28:56'),
	(52, 657, 20, '2021-10-15 16:28:56'),
	(53, 684, 20, '2021-10-15 16:28:56'),
	(54, 672, 20, '2021-10-15 16:28:56'),
	(55, 659, 20, '2021-10-15 16:28:56'),
	(56, 707, 20, '2021-10-15 16:28:56'),
	(57, 721, 20, '2021-10-15 16:28:56'),
	(58, 715, 20, '2021-10-15 16:28:56'),
	(59, 714, 20, '2021-10-15 16:28:56'),
	(60, 665, 20, '2021-10-15 16:28:56'),
	(61, 709, 20, '2021-10-15 16:28:56'),
	(62, 692, 20, '2021-10-15 16:28:56'),
	(63, 663, 20, '2021-10-15 16:28:56'),
	(64, 679, 20, '2021-10-15 16:28:56'),
	(65, 705, 20, '2021-10-15 16:28:56'),
	(66, 693, 20, '2021-10-15 16:28:57'),
	(67, 686, 20, '2021-10-15 16:28:57'),
	(68, 726, 20, '2021-10-15 16:28:57'),
	(69, 720, 20, '2021-10-15 16:28:57'),
	(70, 728, 20, '2021-10-15 16:28:57'),
	(71, 870, 21, '2021-10-15 16:30:53'),
	(72, 868, 22, '2021-10-15 16:31:16'),
	(73, 686, 23, '2021-10-15 16:31:53'),
	(74, 713, 24, '2021-10-15 16:32:17'),
	(75, 698, 25, '2021-10-15 16:32:40'),
	(76, 682, 26, '2021-10-15 16:34:08'),
	(77, 889, 27, '2021-10-15 16:34:47'),
	(98, 953, 59, '2021-10-19 14:47:17'),
	(99, 668, 60, '2021-10-19 14:48:40'),
	(102, 664, 63, '2021-10-19 15:11:53'),
	(103, 955, 64, '2021-10-19 15:17:07'),
	(104, 657, 65, '2021-10-21 14:51:51'),
	(105, 681, 66, '2021-10-21 15:38:04'),
	(107, 682, 68, '2021-10-21 20:19:52'),
	(108, 688, 69, '2021-10-21 20:21:50'),
	(109, 666, 69, '2021-10-21 20:21:50'),
	(110, 727, 69, '2021-10-21 20:21:50'),
	(111, 670, 69, '2021-10-21 20:21:50'),
	(112, 684, 69, '2021-10-21 20:21:50'),
	(113, 678, 69, '2021-10-21 20:21:50'),
	(114, 672, 69, '2021-10-21 20:21:50'),
	(115, 721, 69, '2021-10-21 20:21:51'),
	(116, 870, 70, '2021-12-02 14:51:54'),
	(117, 871, 70, '2021-12-02 14:51:54'),
	(118, 872, 70, '2021-12-02 14:51:54'),
	(119, 868, 71, '2021-12-02 15:04:25'),
	(120, 869, 71, '2021-12-02 15:04:25'),
	(121, 872, 71, '2021-12-02 15:04:26'),
	(122, 685, 72, '2022-01-13 16:56:43'),
	(123, 683, 73, '2022-03-16 16:24:21'),
	(124, 682, 74, '2022-03-16 16:24:48'),
	(125, 958, 75, '2022-04-29 21:35:38'),
	(131, 677, 81, '2022-05-16 15:17:12'),
	(132, 660, 86, '2022-06-03 17:46:30'),
	(134, 959, 88, '2022-06-07 17:40:37'),
	(135, 688, 89, '2022-06-08 14:45:16'),
	(136, 689, 89, '2022-06-08 14:45:16'),
	(137, 666, 89, '2022-06-08 14:45:16'),
	(138, 727, 89, '2022-06-08 14:45:16'),
	(139, 657, 89, '2022-06-08 14:45:16'),
	(173, 724, 97, '2022-06-09 20:09:33'),
	(201, 1060, 99, '2022-06-11 16:06:24'),
	(202, 1060, 100, '2022-06-11 16:07:51'),
	(203, 1060, 105, '2022-06-11 16:24:11'),
	(204, 679, 106, '2022-06-11 16:26:07'),
	(208, 688, 109, '2022-06-11 16:55:16'),
	(209, 1060, 109, '2022-06-11 16:55:16'),
	(210, 540, 109, '2022-06-11 16:55:16'),
	(351, 662, 249, '2022-06-20 20:12:25'),
	(355, 698, 253, '2022-07-01 14:22:40'),
	(356, 963, 254, '2022-07-20 13:13:35'),
	(357, 689, 255, '2022-07-25 17:07:53'),
	(358, 1087, 256, '2022-08-08 14:46:04'),
	(363, 870, 258, '2022-08-13 16:47:25'),
	(364, 871, 258, '2022-08-13 16:47:25'),
	(365, 872, 258, '2022-08-13 16:47:25'),
	(366, 1088, 258, '2022-08-13 16:47:25'),
	(367, 666, 259, '2022-08-16 21:45:52'),
	(368, 727, 259, '2022-08-16 21:45:52'),
	(369, 670, 259, '2022-08-16 21:45:52'),
	(370, 663, 259, '2022-08-16 21:45:52'),
	(371, 666, 260, '2022-08-16 21:46:26'),
	(372, 727, 260, '2022-08-16 21:46:26'),
	(373, 670, 260, '2022-08-16 21:46:26'),
	(374, 663, 260, '2022-08-16 21:46:26'),
	(375, 868, 261, '2022-08-17 15:32:42'),
	(376, 869, 261, '2022-08-17 15:32:42'),
	(377, 1078, 261, '2022-08-17 15:32:42'),
	(391, 662, 267, '2022-08-29 20:07:19'),
	(392, 662, 268, '2022-08-29 20:21:59'),
	(393, 696, 269, '2022-09-19 14:56:21'),
	(394, 682, 270, '2022-09-21 14:59:06'),
	(395, 698, 271, '2022-12-30 20:10:38'),
	(396, 868, 272, '2023-09-01 14:14:27'),
	(397, 869, 272, '2023-09-01 14:14:27'),
	(398, 1078, 272, '2023-09-01 14:14:27'),
	(399, 698, 273, '2023-09-01 18:07:47'),
	(400, 868, 274, '2023-09-01 18:08:13'),
	(401, 869, 274, '2023-09-01 18:08:13'),
	(402, 662, 275, '2023-12-02 15:45:37'),
	(403, 1087, 276, '2023-12-02 15:49:54'),
	(404, 1087, 277, '2023-12-02 15:50:52'),
	(405, 661, 278, '2023-12-04 14:04:40'),
	(406, 884, 279, '2023-12-04 14:08:22'),
	(407, 858, 280, '2023-12-04 14:10:24'),
	(408, 859, 280, '2023-12-04 14:10:24'),
	(409, 724, 281, '2023-12-04 14:10:46'),
	(410, 861, 281, '2023-12-04 14:10:46'),
	(411, 688, 282, '2023-12-04 14:11:33'),
	(412, 683, 283, '2023-12-04 14:11:47'),
	(413, 870, 284, '2023-12-04 14:12:34'),
	(414, 871, 284, '2023-12-04 14:12:34'),
	(415, 872, 284, '2023-12-04 14:12:34'),
	(416, 1088, 284, '2023-12-04 14:12:34'),
	(417, 868, 285, '2023-12-04 14:13:08'),
	(418, 869, 285, '2023-12-04 14:13:08'),
	(419, 1078, 285, '2023-12-04 14:13:08'),
	(420, 659, 286, '2023-12-04 14:13:43'),
	(428, 1087, 294, '2023-12-04 14:36:42'),
	(429, 659, 295, '2023-12-04 14:38:04'),
	(430, 724, 296, '2023-12-05 21:48:33'),
	(431, 861, 296, '2023-12-05 21:48:33'),
	(432, 713, 297, '2023-12-05 21:50:32'),
	(433, 688, 298, '2023-12-22 14:34:30'),
	(434, 689, 298, '2023-12-22 14:34:30'),
	(435, 666, 298, '2023-12-22 14:34:30'),
	(436, 727, 298, '2023-12-22 14:34:30'),
	(437, 684, 298, '2023-12-22 14:34:30'),
	(438, 672, 298, '2023-12-22 14:34:30'),
	(439, 661, 299, '2023-12-22 14:51:12'),
	(440, 870, 300, '2024-02-29 21:44:08'),
	(441, 871, 300, '2024-02-29 21:44:08'),
	(442, 872, 300, '2024-02-29 21:44:08'),
	(443, 1088, 300, '2024-02-29 21:44:08');

-- Volcando estructura para tabla db_hospital_orellana.tbl_externos
CREATE TABLE IF NOT EXISTS `tbl_externos` (
  `idExterno` int(11) NOT NULL AUTO_INCREMENT,
  `nombreExterno` varchar(100) NOT NULL,
  `tipoEntidad` int(11) NOT NULL,
  `idEntidad` int(11) NOT NULL,
  `descripcionExterno` text NOT NULL,
  `pivoteExterno` int(11) NOT NULL,
  `separacionMedico` int(11) DEFAULT 0,
  PRIMARY KEY (`idExterno`),
  KEY `idProveedor` (`idEntidad`)
) ENGINE=InnoDB AUTO_INCREMENT=146 DEFAULT CHARSET=utf8 COLLATE=utf8_spanish_ci;

-- Volcando datos para la tabla db_hospital_orellana.tbl_externos: ~145 rows (aproximadamente)
INSERT INTO `tbl_externos` (`idExterno`, `nombreExterno`, `tipoEntidad`, `idEntidad`, `descripcionExterno`, `pivoteExterno`, `separacionMedico`) VALUES
	(1, 'Dr. Carlos Roberto Vidaurre Flores(Honorarios)', 1, 1, 'Para pago de honorarios', 0, 0),
	(2, 'Dr. Luis Gerardo Bernabel Cañas(Honorarios)', 1, 2, 'Para pago de honorarios', 0, 0),
	(3, 'Dr. Carlos Zepeda Fuentes(Honorarios)', 1, 3, 'Para pago de honorarios', 0, 0),
	(4, 'Dr. Jorge Nelson Santos Pineda(Honorarios)', 1, 4, 'Para pago de honorarios', 0, 0),
	(5, 'Dr. Luis Alfredo Quintanilla(Honorarios)', 1, 5, 'Para pago de honorarios', 0, 0),
	(6, 'Dr. Walter Enrique Mitjavila(Honorarios)', 1, 6, 'Para pago de honorarios', 0, 0),
	(7, 'Dra. Veronica Esmeralda Amaya Jurado(Honorarios)', 1, 7, 'Para pago de honorarios', 0, 0),
	(8, 'Dr. Marlon Ivan Rivera Navas(Honorarios)', 1, 8, 'Para pago de honorarios', 0, 0),
	(9, 'Dr. Erick Prado(Honorarios)', 1, 9, 'Para pago de honorarios', 0, 0),
	(10, 'Dr. Jorge Alexander Prado Romero(Honorarios)', 1, 10, 'Para pago de honorarios', 0, 0),
	(11, 'Dr. Noe Hamilton Zelaya Belloso(Honorarios)', 1, 11, 'Para pago de honorarios', 0, 0),
	(12, 'Dr. Ricardo Antonio Reyes(Honorarios)', 1, 12, 'Para pago de honorarios', 0, 0),
	(13, 'Dr. Nelson Edgar Orellana(Honorarios)', 1, 13, 'Para pago de honorarios', 0, 0),
	(14, 'Dr. Richarson Parada(Honorarios)', 1, 14, 'Para pago de honorarios', 0, 0),
	(15, 'Dr. Hector Antonio Perez(Honorarios)', 1, 15, 'Para pago de honorarios', 0, 0),
	(16, 'Dr. Marcelo Orlando Jandres Jandres(Honorarios)', 1, 16, 'Para pago de honorarios', 0, 0),
	(17, 'Dra. Grisela Azucena Martinez Rivera(Honorarios)', 1, 17, 'Para pago de honorarios', 0, 0),
	(18, 'Dra. Anabell De Vidaurre(Honorarios)', 1, 18, 'Para pago de honorarios', 0, 0),
	(19, 'Dra. Veronica Rodriguez De Garcia(Honorarios)', 1, 19, 'Para pago de honorarios', 0, 0),
	(20, 'Dr. Fidel Alfredo Sandoval Paniagua(Honorarios)', 1, 20, 'Para pago de honorarios', 0, 0),
	(21, 'Dr. Denis Asael Cocar Santos(Honorarios)', 1, 21, 'Para pago de honorarios', 0, 0),
	(22, 'Dr. Ricardo Antonio Caminos Ferrufino(Honorarios)', 1, 22, 'Para pago de honorarios', 0, 0),
	(23, 'Dra. Mirta Cecilia Flores de Caminos(Honorarios)', 1, 23, 'Para pago de honorarios', 0, 0),
	(24, 'Dr. Denis Calero(Honorarios)', 1, 24, 'Para pago de honorarios', 0, 0),
	(25, 'Dr. Juan Francisco Lainez Flores(Honorarios)', 1, 25, 'Para pago de honorarios', 0, 0),
	(26, 'Dr. Lina Gertrudis Garcia De Quele(Honorarios)', 1, 26, 'Para pago de honorarios', 0, 0),
	(27, 'Dr. Ramon Quintanilla(Honorarios)', 1, 27, 'Para pago de honorarios', 0, 0),
	(28, 'Dra. Maritza Arely Ayala Vargas(Honorarios)', 1, 28, 'Para pago de honorarios', 0, 0),
	(29, 'Dra. Martha Idalia Magarin(Honorarios)', 1, 29, 'Para pago de honorarios', 0, 0),
	(30, 'Dra. Diniri De Leon(Honorarios)', 1, 30, 'Para pago de honorarios', 0, 0),
	(31, 'Dra. Alba Luz Guzman De Navas(Honorarios)', 1, 31, 'Para pago de honorarios', 0, 0),
	(32, 'Dra. Sandra Orellana del Cid(Honorarios)', 1, 32, 'Para pago de honorarios', 0, 0),
	(33, 'Dr. Manuel Antonio Alvarado Villeda(Honorarios)', 1, 33, 'Para pago de honorarios', 0, 0),
	(34, 'Dr. Manuel Gamero(Honorarios)', 1, 34, 'Para pago de honorarios', 0, 0),
	(35, 'Dr. Roberto Castillo(Honorarios)', 1, 35, 'Para pago de honorarios', 0, 0),
	(36, 'Dr. Javier  Hernandez Rubio(Honorarios)', 1, 36, 'Para pago de honorarios', 0, 0),
	(37, 'Dr. Joel Alejo Romero Lopez(Honorarios)', 1, 37, 'Para pago de honorarios', 0, 0),
	(38, 'Dra. Claudia Rivas(Honorarios)', 1, 38, 'Para pago de honorarios', 0, 0),
	(39, 'Dr. Jose Adalberto Sanchez Diaz(Honorarios)', 1, 39, 'Para pago de honorarios', 0, 0),
	(40, 'Dr. Jose Adalberto Orellana Lizama(Honorarios)', 1, 40, 'Para pago de honorarios', 0, 0),
	(41, 'Dr. Luis Ernesto Campos Vasquez(Honorarios)', 1, 41, 'Para pago de honorarios', 0, 0),
	(42, 'Dr. Carlos Mario Garcia(Honorarios)', 1, 42, 'Para pago de honorarios', 0, 0),
	(43, 'Dr. Pedro Antonio Castillo Perdomo(Honorarios)', 1, 43, 'Para pago de honorarios', 0, 0),
	(44, 'Dr. Nestor Antonio Reyes(Honorarios)', 1, 44, 'Para pago de honorarios', 0, 0),
	(45, 'Dr. Luis Alonso Guzman(Honorarios)', 1, 45, 'Para pago de honorarios', 0, 0),
	(46, 'Dr. Lopez Bermudez(Honorarios)', 1, 46, 'Para pago de honorarios', 0, 0),
	(47, 'Dr. Juan Carlos Reyes Vargas(Honorarios)', 1, 47, 'Para pago de honorarios', 0, 0),
	(48, 'Dr. Jose Ovidio Rodriguez Morataya(Honorarios)', 1, 48, 'Para pago de honorarios', 0, 0),
	(49, 'Dra. Raquel Esmeralda Cruz(Honorarios)', 1, 49, 'Para pago de honorarios', 0, 0),
	(50, 'Dr. Francisco Eduardo Villega Torres(Honorarios)', 1, 50, 'Para pago de honorarios', 0, 0),
	(51, 'Dr. Miguel Angel Amaya(Honorarios)', 1, 51, 'Para pago de honorarios', 0, 0),
	(52, 'Dra. Maria Del Carmen Carranza(Honorarios)', 1, 52, 'Para pago de honorarios', 0, 0),
	(53, 'Dr. Rene Alexander Alas Coreas(Honorarios)', 1, 53, 'Para pago de honorarios', 0, 0),
	(54, 'Dra. Roxana Vanesa Andrade De Sandoval(Honorarios)', 1, 54, 'Para pago de honorarios', 0, 0),
	(55, 'Dr. Ramon Rigoberto Cruz Cruz(Honorarios)', 1, 55, 'Para pago de honorarios', 0, 0),
	(56, 'Dr. Jose Orlando Vallecillos Colato(Honorarios)', 1, 56, 'Para pago de honorarios', 0, 0),
	(57, 'Dr. Juan Jose Portillo Larin(Honorarios)', 1, 57, 'Para pago de honorarios', 0, 0),
	(58, 'Dr. Marvin Loza(Honorarios)', 1, 58, 'Para pago de honorarios', 0, 0),
	(59, 'Dr. Oscar Martinez(Honorarios)', 1, 59, 'Para pago de honorarios', 0, 0),
	(60, 'Dr. Odir Martinez(Honorarios)', 1, 60, 'Para pago de honorarios', 0, 0),
	(61, 'Laboratorio Olympus', 2, 8, 'Examenes hechos en este laboratorio', 0, 0),
	(62, 'Dr. Edwin Vitelio Fuentes', 1, 61, 'Para pago de honorarios', 0, 0),
	(63, 'Caja Ortopédica (Dr. Santos)', 1, 4, 'Servicio de caja ortopédica', 0, 0),
	(64, 'Equipo de Laparoscopia (Dr. Bernabel)', 1, 2, 'Servicio', 0, 0),
	(65, 'Ecocardiograma(Dr. Ricardo Caminos) ', 1, 22, 'Serivicio', 0, 0),
	(66, 'Dr. Ricardo Torres(Honorarios)', 1, 62, 'Para pago de honorarios', 0, 0),
	(67, 'Dr. Neftali Mijango(Honorarios)', 1, 63, 'Para pago de honorarios', 0, 0),
	(68, 'Dr. Carlos Elias Portillo Lazo(Honorarios)', 1, 64, 'Para pago de honorarios', 0, 0),
	(69, 'Dr. Wilber Argueta(Honorarios)', 1, 65, 'Para pago de honorarios', 0, 0),
	(70, 'Dra. Astrid Perdomo(Honorarios)', 1, 66, 'Para pago de honorarios', 0, 0),
	(71, 'Dra. Dina Zavala(Honorarios)', 1, 67, 'Para pago de honorarios', 0, 0),
	(72, 'Dra. Lea Contreras(Honorarios)', 1, 68, 'Para pago de honorarios', 0, 0),
	(73, 'Dra. Isabel Trujillo(Honorarios)', 1, 69, 'Para pago de honorarios', 0, 0),
	(74, 'Dra. Roxana Jimenez(Honorarios)', 1, 70, 'Para pago de honorarios', 0, 0),
	(75, 'Dra. Silvia Rodriguez de Rivera(Honorarios)', 1, 71, 'Para pago de honorarios', 0, 0),
	(76, 'Dr. Joaquin Guerrero(Honorarios)', 1, 72, 'Para pago de honorarios', 0, 0),
	(77, 'Dr. Eliseo Mendez(Honorarios)', 1, 73, 'Para pago de honorarios', 0, 0),
	(78, 'Dr. Gilberto Castillo(Honorarios)', 1, 74, 'Para pago de honorarios', 0, 0),
	(79, 'Dr. Jorge Alberto Fernandez(Honorarios)', 1, 75, 'Para pago de honorarios', 0, 0),
	(80, 'Dr. Jorge Ernesto Molina Martinez(Honorarios)', 1, 76, 'Para pago de honorarios', 0, 0),
	(81, 'Dr. Miguel Manzano(Honorarios)', 1, 77, 'Para pago de honorarios', 0, 0),
	(82, 'Dr. Mauricio Bermudez(Honorarios)', 1, 78, 'Para pago de honorarios', 0, 0),
	(83, 'Dr. Ricardo Antonio Gonzales Yanes(Honorarios)', 1, 79, 'Para pago de honorarios', 0, 0),
	(84, 'Dr. Edwin Amaya(Honorarios)', 1, 80, 'Para pago de honorarios', 0, 0),
	(85, 'Dr. Ruben Ernesto Jovel(Honorarios)', 1, 81, 'Para pago de honorarios', 0, 0),
	(86, 'Dr. Adilson Zelaya(Honorarios)', 1, 82, 'Para pago de honorarios', 0, 0),
	(87, 'Dr. Dimas Zelaya(Honorarios)', 1, 83, 'Para pago de honorarios', 0, 0),
	(88, 'Dr. Cesar Antonio Galdamez(Honorarios)', 1, 84, 'Para pago de honorarios', 0, 0),
	(89, 'Dr. Josue Iraheta(Honorarios)', 1, 85, 'Para pago de honorarios', 0, 0),
	(90, 'Dr. Manuel Rivera(Honorarios)', 1, 86, 'Para pago de honorarios', 0, 0),
	(91, 'Dr. Josue Abraham Gonzalez Luna(Honorarios)', 1, 87, 'Para pago de honorarios', 0, 0),
	(92, 'Dr. Mario Zelaya(Honorarios)', 1, 88, 'Para pago de honorarios', 0, 0),
	(93, 'Dr. Danilo Aparicio(Honorarios)', 1, 89, 'Para pago de honorarios', 0, 0),
	(94, 'Dra. Ena Cecilia Zepeda(Honorarios)', 1, 90, 'Para pago de honorarios', 0, 0),
	(95, 'Dr. Robert Antonio Rivera B.(Honorarios)', 1, 91, 'Para pago de honorarios', 0, 0),
	(96, 'Dr. Cristian Cruz(Honorarios)', 1, 92, 'Para pago de honorarios', 0, 0),
	(97, 'Dr. Victor Manuel Cardona(Honorarios)', 1, 93, 'Para pago de honorarios', 0, 0),
	(98, 'Dra. Silvia Carolina Navas Medrano(Honorarios)', 1, 94, 'Para pago de honorarios', 0, 0),
	(99, 'Dr. Daniel Stanley Sanchez Flores(Honorarios)', 1, 95, 'Para pago de honorarios', 0, 0),
	(100, 'Dr. Cecilio Martinez(Honorarios)', 1, 96, 'Para pago de honorarios', 0, 0),
	(101, 'Dr. Raul Antonio Rodriguez(Honorarios)', 1, 97, 'Para pago de honorarios', 0, 0),
	(102, 'Dr. Lazaro Avilio Martinez Ramirez(Honorarios)', 1, 98, 'Para pago de honorarios', 0, 0),
	(103, 'Dra. Dalila Azucena Turcios de Castillo(Honorarios)', 1, 99, 'Para pago de honorarios', 0, 0),
	(104, 'Dr. Oscar Armando Martinez Valles(Honorarios)', 1, 100, 'Para pago de honorarios', 0, 0),
	(105, 'Dr. Elias de Jesus Contreras(Honorarios)', 1, 101, 'Para pago de honorarios', 0, 0),
	(106, 'Dr. Kerin Ramos(Honorarios)', 1, 102, 'Para pago de honorarios', 0, 0),
	(107, 'Dr. Julio Adalberio Reyes Alvarez(Honorarios)', 1, 103, 'Para pago de honorarios', 0, 0),
	(108, 'Dra. Ana Luisa Sosa Alvarenga(Honorarios)', 1, 104, 'Para pago de honorarios', 0, 0),
	(109, 'Dr. Carlos Ernesto Trejo(Honorarios)', 1, 105, 'Para pago de honorarios', 0, 0),
	(110, 'Dra. Lucia Duanes(Honorarios)', 1, 106, 'Para pago de honorarios', 0, 0),
	(111, 'Dr. Carlos Eduardo Muñoz Marquez(Honorarios)', 1, 107, 'Para pago de honorarios', 0, 0),
	(112, 'Dra. Roxana Ramos(Honorarios)', 1, 108, 'Para pago de honorarios', 0, 0),
	(113, 'Dra. Marcela de Jesus Carranza Parada(Honorarios)', 1, 109, 'Para pago de honorarios', 0, 0),
	(114, 'Dr. Manuel Alberto Lopez(Honorarios)', 1, 110, 'Para pago de honorarios', 0, 0),
	(115, 'Dr. Julio Olaf Carrillo Sanchez(Honorarios)', 1, 111, 'Para pago de honorarios', 0, 0),
	(116, 'Dr. Luis Mora(Honorarios)', 1, 112, 'Para pago de honorarios', 0, 0),
	(117, 'Dra. Nancy Alonso(Honorarios)', 1, 113, 'Para pago de honorarios', 0, 0),
	(118, 'Dra. Gabriela Handal(Honorarios)', 1, 114, 'Para pago de honorarios', 0, 0),
	(119, 'Dra. Ana Deras(Honorarios)', 1, 115, 'Para pago de honorarios', 0, 0),
	(120, 'Dr. Cesar Gomez Villanueva(Honorarios)', 1, 116, 'Para pago de honorarios', 0, 0),
	(121, 'Dr. Cesar Federico Gomez(Honorarios)', 1, 117, 'Para pago de honorarios', 0, 0),
	(122, 'Dra. Silvia Sosa(Honorarios)', 1, 118, 'Para pago de honorarios', 0, 0),
	(123, 'Dr. Elmer Martinez(Honorarios)', 1, 119, 'Para pago de honorarios', 0, 0),
	(124, 'Dra. Karla Maria Guzman(Honorarios)', 1, 120, 'Para pago de honorarios', 0, 0),
	(125, 'Dra. Auristela Rodriguez Hernandez(Honorarios)', 1, 121, 'Para pago de honorarios', 0, 0),
	(126, 'Dr. Erick Dagoberto Cruz Gonzales(Honorarios)', 1, 122, 'Para pago de honorarios', 0, 0),
	(127, 'Uso de Trocar (Dr. Bernabel)', 1, 2, 'Servicio', 0, 0),
	(128, 'Torniquete (Dr. Santos)', 1, 4, 'Servicio', 0, 0),
	(129, 'Lic. Douglas Trejo(Honorarios)', 2, 1, 'Pago de honorarios', 0, 0),
	(130, 'Licda. Hermelinda Rivera(Honorarios)', 2, 1, 'Pago de honorarios', 0, 0),
	(131, 'Licda. Vanessa Avalos(Honorarios)', 2, 1, 'Pago de honorarios', 0, 0),
	(132, 'Srta. Gladis Rodriguez(Honorarios)', 2, 1, 'Pago de honorarios', 1, 0),
	(133, 'Srta. Lilian Cisneros(Honorarios)', 2, 1, 'Pago de honorarios', 1, 0),
	(134, 'Srta. Estefania Gomez(Honorarios)', 2, 1, 'Pago de honorarios', 1, 0),
	(135, 'Srta. Conni Barrera(Honorarios)', 2, 1, 'Pago de honorarios', 1, 0),
	(136, 'Srta. Sandra Maravilla(Honorarios)', 2, 1, 'Pago de honorarios', 1, 0),
	(137, 'Srta. Marlene Lopez(Honorarios)', 2, 1, 'Pago de honorarios', 1, 0),
	(138, 'Srta. Lidia Martinez(Honorarios)', 2, 1, 'Pago de honorarios', 1, 0),
	(139, 'Srta. Tania Diaz(Honorarios)', 2, 1, 'Pago de honorarios', 1, 0),
	(140, 'Srta. Patricia Delgado(Honorarios)', 2, 1, 'Pago de honorarios', 1, 0),
	(141, 'Srta. Jessica Ortez(Honorarios)', 2, 1, 'Pago de honorarios', 1, 0),
	(142, 'Srta. Marina Parada(Honorarios)', 2, 1, 'Pago de honorarios', 1, 0),
	(143, 'Farmacia San Rey', 2, 9, 'Compra de insumos', 0, 0),
	(144, 'Srta. Gladis Rodriguez(Honorarios)', 1, 123, 'Para pago de honorarios', 0, 0),
	(145, 'FARMACIA AMANECER', 2, 11, 'HONORARIOS', 0, 0);

-- Volcando estructura para tabla db_hospital_orellana.tbl_externos_generados
CREATE TABLE IF NOT EXISTS `tbl_externos_generados` (
  `idExternoGenerado` int(11) NOT NULL AUTO_INCREMENT,
  `inicioExternoGenerado` int(11) NOT NULL,
  `finExternoGenerado` int(11) NOT NULL,
  `fechaGenerado` date NOT NULL,
  `fechaExternoGenerado` timestamp NOT NULL DEFAULT current_timestamp(),
  PRIMARY KEY (`idExternoGenerado`),
  KEY `inicioExternoGenerado` (`inicioExternoGenerado`)
) ENGINE=InnoDB AUTO_INCREMENT=27 DEFAULT CHARSET=utf8 COLLATE=utf8_spanish_ci;

-- Volcando datos para la tabla db_hospital_orellana.tbl_externos_generados: ~12 rows (aproximadamente)
INSERT INTO `tbl_externos_generados` (`idExternoGenerado`, `inicioExternoGenerado`, `finExternoGenerado`, `fechaGenerado`, `fechaExternoGenerado`) VALUES
	(8, 1, 5, '0000-00-00', '2021-11-12 19:57:57'),
	(9, 6, 20, '0000-00-00', '2021-11-15 14:57:06'),
	(12, 21, 25, '2021-12-27', '2021-12-28 16:06:16'),
	(13, 26, 31, '2021-12-28', '2021-12-28 16:08:59'),
	(18, 32, 40, '2023-06-12', '2023-06-12 17:17:39'),
	(20, 41, 58, '2023-06-30', '2023-06-30 14:41:54'),
	(21, 59, 84, '2023-10-26', '2023-10-26 14:59:56'),
	(22, 85, 85, '2023-10-31', '2023-10-31 17:23:42'),
	(23, 86, 86, '2023-11-08', '2023-11-08 17:22:47'),
	(24, 87, 89, '2023-11-09', '2023-11-09 16:04:57'),
	(25, 90, 90, '2023-11-02', '2023-11-09 16:13:39'),
	(26, 90, 90, '2023-11-23', '2023-11-23 15:25:47');

-- Volcando estructura para tabla db_hospital_orellana.tbl_facturas
CREATE TABLE IF NOT EXISTS `tbl_facturas` (
  `id_factura` int(11) NOT NULL AUTO_INCREMENT,
  `idHojaCobro` int(11) NOT NULL,
  `numeroFactura` int(11) NOT NULL,
  `tipoFactura` int(11) NOT NULL,
  `estadoFactura` int(11) NOT NULL,
  `fechaMostrar` text NOT NULL,
  `clienteFactura` text NOT NULL,
  `duiFactura` text NOT NULL,
  `fechaFactura` timestamp NOT NULL DEFAULT current_timestamp(),
  PRIMARY KEY (`id_factura`)
) ENGINE=InnoDB AUTO_INCREMENT=30 DEFAULT CHARSET=utf8 COLLATE=utf8_spanish_ci;

-- Volcando datos para la tabla db_hospital_orellana.tbl_facturas: ~28 rows (aproximadamente)
INSERT INTO `tbl_facturas` (`id_factura`, `idHojaCobro`, `numeroFactura`, `tipoFactura`, `estadoFactura`, `fechaMostrar`, `clienteFactura`, `duiFactura`, `fechaFactura`) VALUES
	(1, 1, 2240, 2, 0, '', '', '', '2021-06-16 20:43:14'),
	(2, 20, 2241, 2, 0, '', '', '', '2021-06-29 14:12:16'),
	(3, 15, 2245, 1, 0, '', '', '', '2021-06-29 16:05:05'),
	(4, 22, 2246, 1, 0, '', '', '', '2021-06-29 16:16:03'),
	(5, 23, 2247, 1, 0, '', '', '', '2021-06-29 18:06:48'),
	(6, 10, 2248, 1, 0, '', '', '', '2021-06-29 18:09:35'),
	(7, 6, 2249, 1, 0, '', '', '', '2021-06-29 18:12:10'),
	(8, 7, 2250, 1, 0, '', '', '', '2021-09-25 15:22:28'),
	(9, 50, 2251, 1, 0, '', '', '', '2021-12-06 21:36:08'),
	(10, 45, 2252, 1, 0, '2021-12-07', '', '', '2021-12-07 18:03:02'),
	(11, 44, 2253, 1, 0, '', '', '', '2021-12-07 18:03:47'),
	(12, 46, 2254, 1, 0, '', '', '', '2021-12-08 19:49:05'),
	(13, 43, 2255, 1, 0, '', '', '', '2021-12-08 19:56:25'),
	(14, 47, 2256, 1, 0, '2021-12-07', '', '', '2021-12-09 17:27:57'),
	(16, 105, 2257, 1, 0, '2022-05-16', 'FLOR DE MARIA LÓPEZ', '', '2022-05-16 14:54:47'),
	(17, 112, 2258, 1, 0, '2022-05-16', 'Juan Camaney', '', '2022-05-16 16:42:49'),
	(18, 111, 2259, 1, 0, '2022-05-16', 'Pibe Valderrama', '', '2022-05-16 17:41:15'),
	(19, 113, 2260, 1, 0, '2022-05-16', 'Kriscia Iveth Contreras', '', '2022-05-16 21:34:41'),
	(20, 109, 2261, 1, 0, '2022-05-16', 'Victor Valdez', '', '2022-05-16 22:10:46'),
	(21, 131, 2262, 1, 0, '2023-07-06', 'Marcos Alonso Funes', '12035669-8', '2023-07-06 20:47:38'),
	(22, 68, 2263, 1, 0, '2023-07-06', 'Mark Sucaritas', '00000000-0', '2023-07-06 20:55:59'),
	(23, 65, 2264, 1, 0, '2023-07-06', 'Juan Antonio Campos', '12564239-8', '2023-07-06 20:57:27'),
	(24, 135, 2265, 1, 0, '2023-07-25', 'Francisca Flores', '12314546-7', '2023-07-25 21:57:35'),
	(25, 136, 2266, 1, 0, '2023-09-01', 'Patricia Leonor Funes', '04213698-7', '2023-09-01 15:20:20'),
	(26, 57, 2267, 1, 0, '2023-09-20', 'Pedro Pablo Castillo', '00000000-0', '2023-09-20 21:46:49'),
	(27, 156, 2268, 1, 0, '2023-12-04', 'Wendy Elizabeth Amaya', '45987653-2', '2023-12-04 18:16:05'),
	(28, 30, 2269, 1, 0, '2024-02-06', 'Juan Camaney Perez Quintanilla', '88888596-2', '2024-02-06 17:52:26'),
	(29, 146, 2270, 1, 0, '2024-02-14', 'Flor de Maria Campos', '12365478-7', '2024-02-14 21:37:32');

-- Volcando estructura para tabla db_hospital_orellana.tbl_facturas_emitidas
CREATE TABLE IF NOT EXISTS `tbl_facturas_emitidas` (
  `idFacturaEmitida` int(11) NOT NULL AUTO_INCREMENT,
  `idHoja` int(11) NOT NULL,
  `numeroFactura` int(11) NOT NULL,
  `totalFactura` decimal(9,2) NOT NULL,
  `fechaFactura` date NOT NULL,
  `fechaFacturaEmitida` timestamp NOT NULL DEFAULT current_timestamp(),
  PRIMARY KEY (`idFacturaEmitida`)
) ENGINE=InnoDB AUTO_INCREMENT=21 DEFAULT CHARSET=utf8 COLLATE=utf8_spanish_ci;

-- Volcando datos para la tabla db_hospital_orellana.tbl_facturas_emitidas: ~19 rows (aproximadamente)
INSERT INTO `tbl_facturas_emitidas` (`idFacturaEmitida`, `idHoja`, `numeroFactura`, `totalFactura`, `fechaFactura`, `fechaFacturaEmitida`) VALUES
	(1, 45, 2252, 73.00, '2021-12-07', '2021-12-07 18:03:02'),
	(2, 44, 2253, 20.26, '2021-12-07', '2021-12-07 18:03:47'),
	(3, 46, 2254, 52.40, '2021-12-08', '2021-12-08 19:49:05'),
	(4, 43, 2255, 41.55, '2021-12-08', '2021-12-08 19:56:26'),
	(5, 47, 2256, 35.00, '2021-12-07', '2021-12-09 17:27:57'),
	(7, 105, 2257, 162.74, '2022-05-16', '2022-05-16 14:54:47'),
	(8, 112, 2258, 25.00, '2022-05-16', '2022-05-16 16:42:49'),
	(9, 111, 2259, 156.29, '2022-05-16', '2022-05-16 17:41:15'),
	(10, 113, 2260, 124.88, '2022-05-16', '2022-05-16 21:34:41'),
	(11, 109, 2261, 12.74, '2022-05-16', '2022-05-16 22:10:46'),
	(12, 131, 2262, 0.00, '2023-07-06', '2023-07-06 20:47:38'),
	(13, 68, 2263, 15.00, '2023-07-06', '2023-07-06 20:55:59'),
	(14, 65, 2264, 25.00, '2023-07-06', '2023-07-06 20:57:27'),
	(15, 135, 2265, 50.00, '2023-07-25', '2023-07-25 21:57:35'),
	(16, 136, 2266, 24.58, '2023-09-01', '2023-09-01 15:20:20'),
	(17, 57, 2267, 114.71, '2023-09-20', '2023-09-20 21:46:49'),
	(18, 156, 2268, 500.00, '2023-12-04', '2023-12-04 18:16:05'),
	(19, 30, 2269, 138.08, '2024-02-06', '2024-02-06 17:52:26'),
	(20, 146, 2270, 500.00, '2024-02-14', '2024-02-14 21:37:32');

-- Volcando estructura para tabla db_hospital_orellana.tbl_factura_compra
CREATE TABLE IF NOT EXISTS `tbl_factura_compra` (
  `idFactura` int(11) NOT NULL AUTO_INCREMENT,
  `tipoFactura` varchar(25) NOT NULL,
  `documentoFactura` varchar(25) NOT NULL,
  `numeroFactura` varchar(15) NOT NULL,
  `idProveedor` int(11) NOT NULL,
  `fechaFactura` varchar(15) NOT NULL,
  `plazoFactura` int(11) NOT NULL,
  `descripcionFactura` text NOT NULL,
  `totalFactura` decimal(9,2) NOT NULL,
  `fechaIngreso` timestamp NOT NULL DEFAULT current_timestamp(),
  `estadoFactura` int(11) NOT NULL,
  `ivaRetenido` decimal(9,2) NOT NULL,
  `ivaPercibido` decimal(9,2) NOT NULL,
  `descuentoCompra` decimal(9,2) NOT NULL,
  `recibidoPor` text NOT NULL,
  PRIMARY KEY (`idFactura`),
  KEY `idProveedor` (`idProveedor`),
  CONSTRAINT `tbl_factura_compra_ibfk_1` FOREIGN KEY (`idProveedor`) REFERENCES `tbl_proveedores` (`idProveedor`) ON DELETE NO ACTION ON UPDATE NO ACTION
) ENGINE=InnoDB AUTO_INCREMENT=18 DEFAULT CHARSET=utf8 COLLATE=utf8_spanish_ci;

-- Volcando datos para la tabla db_hospital_orellana.tbl_factura_compra: ~17 rows (aproximadamente)
INSERT INTO `tbl_factura_compra` (`idFactura`, `tipoFactura`, `documentoFactura`, `numeroFactura`, `idProveedor`, `fechaFactura`, `plazoFactura`, `descripcionFactura`, `totalFactura`, `fechaIngreso`, `estadoFactura`, `ivaRetenido`, `ivaPercibido`, `descuentoCompra`, `recibidoPor`) VALUES
	(1, 'Compra de medicamentos', 'Crédito fiscal', '2514', 5, '2021-02-16', 30, 'Compra de insumos medicos', 0.00, '2021-02-16 15:58:42', 0, 0.00, 0.00, 0.00, 'Edwin Cortez'),
	(2, 'Compra de medicamentos', 'Crédito fiscal', '6514', 9, '2021-02-18', 30, 'Compra de medicamentos', 0.00, '2021-02-18 16:07:07', 0, 0.00, 0.00, 0.00, 'Edwin Cortez'),
	(3, 'Compra de medicamentos', 'Crédito fiscal', '4510', 6, '2021-03-12', 30, 'Compra de insumos medicos', 0.00, '2021-03-12 16:23:48', 0, 0.00, 0.00, 0.00, 'Edwin Cortez'),
	(4, 'Compra de medicamentos', 'Crédito fiscal', '6321', 9, '2021-04-06', 0, 'Compra de medicamentos', 0.00, '2021-04-06 16:25:42', 0, 0.00, 0.00, 0.00, 'Edwin Cortez'),
	(5, 'Compra de medicamentos', 'Crédito fiscal', '2566', 6, '2021-05-06', 30, 'Compra de insumos medicos', 0.00, '2021-05-06 16:36:10', 0, 0.00, 0.00, 0.00, 'Edwin Cortez'),
	(6, 'Compra de medicamentos', 'Crédito fiscal', '8877', 9, '2021-06-16', 30, 'Compra de medicamentos', 0.00, '2021-06-16 16:40:45', 0, 0.00, 0.00, 0.00, 'Carla Ortez'),
	(7, 'Compra de medicamentos', 'Crédito fiscal', '5142', 9, '2021-06-25', 30, 'Compra de medicamentos.', 0.00, '2021-06-25 21:42:34', 0, 0.00, 0.00, 0.00, 'Edwin Cortez'),
	(8, 'Compra de medicamentos', 'Crédito fiscal', '03292', 9, '2021-06-26', 30, 'COMPRA DE INSUMOS', 0.00, '2021-06-26 16:14:57', 1, 0.00, 0.00, 0.00, 'Carla Ortez'),
	(9, 'Compra de medicamentos', 'Crédito fiscal', '3652', 5, '2021-06-26', 30, 'Compra de insumos', 0.00, '2021-06-26 16:55:04', 1, 0.00, 0.00, 0.00, 'Carla Ortez'),
	(10, 'Compra de medicamentos', 'Crédito fiscal', '9685', 9, '2021-07-14', 30, 'Compra de medicamentos', 0.00, '2021-07-14 16:21:27', 1, 0.00, 0.00, 0.00, 'Edwin Cortez'),
	(11, 'Compra de medicamentos', 'Crédito fiscal', '9856', 9, '2021-07-16', 30, 'Compra de insumos medicos', 0.00, '2021-07-16 22:06:49', 0, 0.00, 0.00, 0.00, 'Edwin Cortez'),
	(12, 'Compra de medicamentos', 'Crédito fiscal', '9687', 9, '2021-07-17', 30, 'Compra de Insumos', 0.00, '2021-07-17 14:28:06', 1, 0.00, 0.00, 0.00, 'Edwin Cortez'),
	(13, 'Compra de medicamentos', 'Crédito fiscal', '2365', 6, '2021-11-06', 30, 'Compra de medicamentos', 0.00, '2021-11-06 15:51:08', 1, 0.00, 0.00, 0.00, 'Edwin Cortez'),
	(14, 'Compra de medicamentos', 'Crédito fiscal', '5623', 6, '2021-11-26', 30, 'Compra de insumos', 0.00, '2021-11-26 14:39:48', 1, 0.00, 0.00, 0.00, 'Edwin Cortez'),
	(15, 'Compra de medicamentos', 'Crédito fiscal', '5698', 5, '2021-12-22', 30, 'Compra de medicamentos.', 0.00, '2021-12-22 14:14:12', 1, 2.15, 0.00, 0.00, 'Edwin Cortez'),
	(16, 'Compra de medicamentos', 'Crédito fiscal', '25698', 1, '2022-01-04', 30, 'Compra de medicamentos', 0.00, '2022-01-04 21:58:56', 0, 0.00, 5.31, 10.00, 'Edwin Cortez'),
	(17, 'Compra de medicamentos', 'Crédito fiscal', '32614', 5, '2022-01-04', 30, 'Compra de medicamentos', 0.00, '2022-01-04 22:00:54', 1, 0.00, 0.00, 0.00, 'Edwin Cortez');

-- Volcando estructura para tabla db_hospital_orellana.tbl_factura_medicamentos
CREATE TABLE IF NOT EXISTS `tbl_factura_medicamentos` (
  `idFacturaMedicamento` int(11) NOT NULL AUTO_INCREMENT,
  `idFactura` int(11) NOT NULL,
  `idMedicamento` int(11) NOT NULL,
  `cantidad` int(11) NOT NULL,
  `precio` decimal(9,5) NOT NULL,
  `vencimiento` varchar(15) NOT NULL,
  `lote` varchar(15) NOT NULL,
  `total` decimal(9,2) NOT NULL,
  `fechaAgregado` timestamp NOT NULL DEFAULT current_timestamp(),
  PRIMARY KEY (`idFacturaMedicamento`),
  KEY `idFactura` (`idFactura`),
  KEY `idMedicamento` (`idMedicamento`),
  CONSTRAINT `tbl_factura_medicamentos_ibfk_1` FOREIGN KEY (`idFactura`) REFERENCES `tbl_factura_compra` (`idFactura`) ON DELETE NO ACTION ON UPDATE NO ACTION
) ENGINE=InnoDB AUTO_INCREMENT=104 DEFAULT CHARSET=utf8 COLLATE=utf8_spanish_ci;

-- Volcando datos para la tabla db_hospital_orellana.tbl_factura_medicamentos: ~45 rows (aproximadamente)
INSERT INTO `tbl_factura_medicamentos` (`idFacturaMedicamento`, `idFactura`, `idMedicamento`, `cantidad`, `precio`, `vencimiento`, `lote`, `total`, `fechaAgregado`) VALUES
	(1, 1, 284, 5, 14.52000, '', '2569', 2.00, '2023-06-27 21:34:17'),
	(2, 1, 264, 10, 3.25000, '', '9654', 0.00, '2023-06-27 21:34:17'),
	(3, 1, 400, 15, 1.68000, '', '6520', 4.00, '2023-06-27 21:34:17'),
	(4, 1, 406, 25, 2.00000, '', '3021', 0.00, '2023-06-27 21:34:17'),
	(5, 1, 403, 15, 0.02000, '', '9845', 0.00, '2023-06-27 21:34:17'),
	(6, 2, 2, 15, 5.31000, '', '', 1.00, '2023-06-27 21:34:17'),
	(7, 2, 587, 25, 0.50000, '', '', 9.00, '2023-06-27 21:34:17'),
	(8, 2, 346, 50, 1.57000, '', '', 2.00, '2023-06-27 21:34:17'),
	(9, 3, 472, 25, 1.59000, '', '9523', 4.00, '2023-06-27 21:34:17'),
	(10, 4, 2, 35, 5.31000, '', '6532', 2.00, '2023-06-27 21:34:17'),
	(11, 4, 587, 15, 0.50000, '2023-02-05', '6958', 2.00, '2023-06-27 21:34:17'),
	(12, 5, 443, 10, 0.35000, '', '', 1.00, '2023-06-27 21:34:17'),
	(13, 5, 445, 10, 0.35000, '', '', 7.00, '2023-06-27 21:34:17'),
	(14, 5, 284, 10, 14.52000, '', '', 1.00, '2023-06-27 21:34:17'),
	(15, 6, 3, 50, 0.05000, '2022-02-05', '3336', 2.00, '2023-06-27 21:34:17'),
	(16, 7, 2, 15, 5.31000, '2024-08-01', '963', 1.00, '2023-06-27 21:34:17'),
	(17, 7, 11, 10, 7.07000, '2023-11-09', '', 6.00, '2023-06-27 21:34:17'),
	(18, 8, 391, 72, 0.95000, '', '', 7.00, '2023-06-27 21:34:17'),
	(19, 8, 260, 1, 0.92000, '', '', 8.00, '2023-06-27 21:34:17'),
	(20, 9, 49, 1, 22.60000, '', '', 2.00, '2023-06-27 21:34:17'),
	(44, 10, 335, 10, 7.87000, '', '', 5.00, '2023-06-27 21:34:17'),
	(45, 10, 335, 10, 7.87000, '', '', 3.00, '2023-06-27 21:34:17'),
	(46, 10, 335, 20, 7.87000, '', '', 3.00, '2023-06-27 21:34:17'),
	(47, 10, 335, 20, 7.87000, '', '', 0.00, '2023-06-27 21:34:17'),
	(49, 11, 2, 50, 5.31000, '', '', 9.00, '2023-06-27 21:34:17'),
	(51, 11, 6, 101, 10.00000, '', '', 1.00, '2023-06-27 21:34:17'),
	(52, 12, 1, 35, 2.50000, '', '', 1.00, '2023-06-27 21:34:17'),
	(57, 12, 4, 9, 0.25000, '', '', 1.00, '2023-06-27 21:34:17'),
	(59, 7, 2, 1, 5.31000, '', '', 1.00, '2023-06-27 21:34:17'),
	(62, 8, 222, 50, 0.14000, '2022-01-01', '5512', 3.00, '2023-06-27 21:34:17'),
	(63, 8, 333, 25, 7.70000, '2022-10-05', '5689', 0.00, '2023-06-27 21:34:17'),
	(65, 8, 232, 75, 0.55000, '2023-11-21', '6598', 3.00, '2023-06-27 21:34:17'),
	(68, 8, 5, 105, 0.00000, '2025-10-05', '9652', 3.00, '2023-06-27 21:34:17'),
	(69, 13, 1, 25, 2.50000, '2024-11-06', '1100', 3.00, '2023-06-27 21:34:17'),
	(70, 13, 7, 30, 0.25000, '2022-10-02', '1001', 9.00, '2023-06-27 21:34:17'),
	(71, 13, 42, 50, 5.00000, '2023-11-03', '1003', 3.00, '2023-06-27 21:34:17'),
	(72, 13, 237, 23, 0.14000, '2023-09-03', '1004', 0.00, '2023-06-27 21:34:17'),
	(74, 13, 88, 10, 1.70000, '2024-05-03', '1005', 5.00, '2023-06-27 21:34:17'),
	(77, 15, 587, 50, 0.45000, '2024-03-02', '', 22.50, '2023-06-27 21:34:17'),
	(78, 15, 2, 9, 5.31450, '', '', 47.83, '2023-06-27 21:34:17'),
	(80, 11, 1, 3, 2.50000, '2025-12-24', '', 7.50, '2023-06-27 21:34:17'),
	(83, 16, 2, 100, 5.31000, '', '', 5.31, '2023-06-27 21:34:17'),
	(89, 17, 2, 112, 5.31000, '2024-05-11', '', 541.62, '2023-06-27 21:34:17'),
	(102, 17, 8, 50, 0.00000, '2025-01-30', '', 0.00, '2024-01-29 16:04:58'),
	(103, 17, 1, 15, 2.50000, '2024-10-18', '', 37.50, '2024-01-29 16:09:29');

-- Volcando estructura para tabla db_hospital_orellana.tbl_fechas_feriadas
CREATE TABLE IF NOT EXISTS `tbl_fechas_feriadas` (
  `idFecha` int(11) NOT NULL AUTO_INCREMENT,
  `fechaFecha` text NOT NULL,
  `creadoFecha` timestamp NOT NULL DEFAULT current_timestamp(),
  PRIMARY KEY (`idFecha`)
) ENGINE=InnoDB AUTO_INCREMENT=13 DEFAULT CHARSET=utf8mb4 COLLATE=utf8mb4_general_ci;

-- Volcando datos para la tabla db_hospital_orellana.tbl_fechas_feriadas: ~12 rows (aproximadamente)
INSERT INTO `tbl_fechas_feriadas` (`idFecha`, `fechaFecha`, `creadoFecha`) VALUES
	(1, '01-01', '2024-03-26 18:21:29'),
	(2, '03-28', '2024-03-26 18:21:29'),
	(3, '03-29', '2024-03-26 18:23:32'),
	(4, '03-30', '2024-03-26 18:23:32'),
	(5, '05-01', '2024-03-26 18:23:32'),
	(6, '05-10', '2024-03-26 18:23:32'),
	(7, '06-17', '2024-03-26 18:23:32'),
	(8, '08-06', '2024-03-26 18:23:32'),
	(9, '09-15', '2024-03-26 18:23:32'),
	(10, '11-02', '2024-03-26 18:23:32'),
	(11, '11-25', '2024-03-26 18:23:32'),
	(12, '12-25', '2024-03-26 18:23:32');

-- Volcando estructura para tabla db_hospital_orellana.tbl_gases_arteriales
CREATE TABLE IF NOT EXISTS `tbl_gases_arteriales` (
  `idGasesArteriales` int(11) NOT NULL AUTO_INCREMENT,
  `examenSolicitado` int(11) NOT NULL,
  `muestraGasesArteriales` text NOT NULL,
  `phGasesArteriales` text NOT NULL,
  `pco2GasesArteriales` text NOT NULL,
  `po2GasesArteriales` text NOT NULL,
  `naGasesArteriales` text NOT NULL,
  `kGasesArteriales` text NOT NULL,
  `caGasesArteriales` text NOT NULL,
  `tbhGasesArteriales` text NOT NULL,
  `soGasesArteriales` text NOT NULL,
  `fioGasesArteriales` text NOT NULL,
  `fechaGasesArteriales` timestamp NOT NULL DEFAULT current_timestamp(),
  PRIMARY KEY (`idGasesArteriales`)
) ENGINE=InnoDB AUTO_INCREMENT=12 DEFAULT CHARSET=utf8 COLLATE=utf8_spanish_ci;

-- Volcando datos para la tabla db_hospital_orellana.tbl_gases_arteriales: ~1 rows (aproximadamente)
INSERT INTO `tbl_gases_arteriales` (`idGasesArteriales`, `examenSolicitado`, `muestraGasesArteriales`, `phGasesArteriales`, `pco2GasesArteriales`, `po2GasesArteriales`, `naGasesArteriales`, `kGasesArteriales`, `caGasesArteriales`, `tbhGasesArteriales`, `soGasesArteriales`, `fioGasesArteriales`, `fechaGasesArteriales`) VALUES
	(11, 963, 'Sangre arterial', '1', '1', '1', '11', '1', '1', '1', '1', '1', '2022-07-20 13:13:33');

-- Volcando estructura para tabla db_hospital_orellana.tbl_gastos
CREATE TABLE IF NOT EXISTS `tbl_gastos` (
  `idGasto` int(11) NOT NULL AUTO_INCREMENT,
  `tipoGasto` int(11) NOT NULL,
  `montoGasto` decimal(9,2) NOT NULL,
  `entregadoGasto` varchar(50) NOT NULL,
  `idCuentaGasto` int(11) NOT NULL,
  `fechaGasto` date NOT NULL,
  `entidadGasto` int(11) NOT NULL,
  `idProveedorGasto` int(11) NOT NULL,
  `pagoGasto` int(11) NOT NULL,
  `numeroGasto` varchar(25) NOT NULL,
  `bancoGasto` varchar(25) NOT NULL,
  `cuentaGasto` varchar(25) NOT NULL,
  `descripcionGasto` text NOT NULL,
  `codigoGasto` int(11) NOT NULL,
  `flagGasto` int(11) NOT NULL,
  `efectuoGasto` text NOT NULL,
  `eliminadoPor` text NOT NULL,
  `estadoGasto` int(11) NOT NULL DEFAULT 1,
  PRIMARY KEY (`idGasto`),
  KEY `idCuentaGasto` (`idCuentaGasto`),
  KEY `idProveedorGasto` (`idProveedorGasto`)
) ENGINE=InnoDB AUTO_INCREMENT=187 DEFAULT CHARSET=utf8 COLLATE=utf8_spanish_ci;

-- Volcando datos para la tabla db_hospital_orellana.tbl_gastos: ~148 rows (aproximadamente)
INSERT INTO `tbl_gastos` (`idGasto`, `tipoGasto`, `montoGasto`, `entregadoGasto`, `idCuentaGasto`, `fechaGasto`, `entidadGasto`, `idProveedorGasto`, `pagoGasto`, `numeroGasto`, `bancoGasto`, `cuentaGasto`, `descripcionGasto`, `codigoGasto`, `flagGasto`, `efectuoGasto`, `eliminadoPor`, `estadoGasto`) VALUES
	(37, 1, 75.00, 'Dr. Denis Calero', 10, '2021-07-05', 1, 24, 1, '', '', '', 'Por pago de honorarios a Dr. Denis Calero', 1, 0, 'Edwin Cortez', '', 1),
	(38, 1, 50.00, 'Dr. Carlos Mario Garcia', 10, '2021-07-05', 1, 42, 1, '', '', '', 'Por pago de honorarios a <strong>Dr. Carlos Mario Garcia</strong>', 2, 0, 'Edwin Cortez', '', 1),
	(39, 1, 50.00, 'Dr. Javier  Hernandez Rubio', 10, '2021-07-05', 1, 36, 1, '', '', '', 'Por pago de honorarios a <strong>Dr. Javier  Hernandez Rubio</strong>', 3, 0, 'Edwin Cortez', '', 1),
	(40, 1, 50.00, 'Dr. Hector Antonio Perez', 10, '2021-07-05', 1, 15, 1, '', '', '', 'Por pago de honorarios a <strong>Dr. Hector Antonio Perez</strong>', 4, 0, 'Edwin Cortez', '', 1),
	(41, 1, 100.00, 'Dra. Mirta Cecilia Flores de Caminos', 10, '2021-07-05', 1, 23, 1, '', '', '', 'Por pago de honorarios a <strong>Dra. Mirta Cecilia Flores de Caminos</strong>', 5, 0, 'Edwin Cortez', '', 1),
	(42, 1, 90.00, 'Dr. Carlos Roberto Vidaurre Flores', 10, '2021-07-05', 1, 1, 1, '', '', '', 'Por pago de honorarios a <strong>Dr. Carlos Roberto Vidaurre Flores</strong>', 6, 0, 'Edwin Cortez', '', 1),
	(43, 1, 300.00, 'Dr. Luis Gerardo Bernabel Cañas', 10, '2021-07-05', 1, 2, 1, '', '', '', 'Por pago de honorarios a <strong>Dr. Luis Gerardo Bernabel Cañas</strong>', 7, 0, 'Edwin Cortez', '', 1),
	(44, 1, 50.00, 'Dr. Carlos Mario Garcia', 10, '2021-07-05', 1, 42, 1, '', '', '', 'HONORARIOS MEDICOS, Charles Chaplin, 1000027', 8, 0, 'Edwin Cortez', '', 1),
	(45, 1, 85.00, 'Dr. Jorge Nelson Santos Pineda', 10, '2021-07-05', 1, 4, 1, '', '', '', 'PAGO DE SERVICIO <strong>Caja Ortopédica (Dr. Santos)</strong>, Charles Chaplin, 1000027', 9, 0, 'Edwin Cortez', '', 1),
	(46, 1, 15.00, 'Farmacia San Rey', 9, '2021-07-05', 2, 9, 1, '', '', '', 'PAGO DE <strong>Farmacia San Rey</strong>, Charles Chaplin, 1000027', 10, 0, 'Edwin Cortez', '', 1),
	(47, 1, 50.00, 'Dr. Carlos Mario Garcia', 10, '2021-07-05', 1, 42, 1, '', '', '', 'Honorarios médicos, Charles Chaplin, 1000027', 11, 0, 'Edwin Cortez', '', 1),
	(48, 1, 85.00, 'Dr. Jorge Nelson Santos Pineda', 10, '2021-07-05', 1, 4, 1, '', '', '', 'Pago de servicio <strong>Caja Ortopédica (Dr. Santos)</strong>, Charles Chaplin, 1000027', 12, 0, 'Edwin Cortez', '', 1),
	(49, 1, 15.00, 'Farmacia San Rey', 9, '2021-07-05', 2, 9, 1, '', '', '', 'Pago de <strong>Farmacia San Rey</strong>, Charles Chaplin, 1000027', 13, 0, 'Edwin Cortez', '', 1),
	(50, 1, 50.00, 'JUAN FRAN', 1, '2021-07-06', 2, 2, 1, '', '', '', 'THIS IS A TEST #5896 \r\n', 14, 0, 'Edwin Cortez', '', 1),
	(51, 1, 50.00, 'peche solido', 4, '2021-07-06', 1, 3, 1, '', '', '', 'THIS IS A TEST #5896', 15, 0, 'Edwin Cortez', '', 1),
	(52, 1, 674.00, 'Texaco Usulután', 6, '2021-07-12', 2, 4, 2, '9568', '', '', 'Pago de cuentas pendientes a Texaco Usulután', 16, 1, 'Edwin Cortez', '', 1),
	(54, 1, 50.00, 'Cristiano Zidane', 2, '2021-07-17', 2, 5, 2, '8502', '', '', 'Por limpieza de aire acondicionado', 18, 0, 'Edwin Cortez', '', 1),
	(56, 1, 150.00, 'Juan Valdez', 4, '2021-07-28', 2, 1, 3, '', '', '', 'Pago de una deuda pendiente', 19, 0, 'Edwin Cortez', '', 1),
	(57, 1, 50.00, 'Sr. Ferguson', 4, '2021-10-01', 2, 4, 4, '', '', '', 'This is a test', 20, 0, 'Edwin Cortez', '', 1),
	(58, 1, 50.00, 'Dr. Carlos Mario Garcia', 10, '2021-11-12', 1, 42, 1, '', '', '', 'Honorarios médicos, Carlos Aldair Aparicio, 1000000', 21, 0, 'Edwin Cortez', '', 1),
	(59, 1, 75.00, 'Dr. Denis Calero', 10, '2021-11-12', 1, 24, 1, '', '', '', 'Honorarios médicos, Carlos Aldair Aparicio, 1000000', 22, 0, 'Edwin Cortez', '', 1),
	(60, 1, 50.00, 'Dr. Javier  Hernandez Rubio', 10, '2021-11-12', 1, 36, 1, '', '', '', 'Honorarios médicos, Carlos Aldair Aparicio, 1000000', 23, 0, 'Edwin Cortez', '', 1),
	(61, 1, 50.00, 'Dr. Hector Antonio Perez', 10, '2021-11-12', 1, 15, 1, '', '', '', 'Honorarios médicos, Francisco Adalberto Chevez, 1000001', 24, 0, 'Edwin Cortez', '', 1),
	(62, 1, 100.00, 'Dra. Mirta Cecilia Flores de Caminos', 10, '2021-11-12', 1, 23, 1, '', '', '', 'Honorarios médicos, Flor de Maria Rivera, 1000002', 25, 0, 'Edwin Cortez', '', 1),
	(63, 1, 90.00, 'Dr. Carlos Roberto Vidaurre Flores', 10, '2021-11-12', 1, 1, 1, '', '', '', 'Honorarios médicos, Pedro Pablo Castillo, 1000003', 26, 0, 'Edwin Cortez', '', 1),
	(64, 1, 300.00, 'Dr. Luis Gerardo Bernabel Cañas', 10, '2021-11-12', 1, 2, 1, '', '', '', 'Honorarios médicos, Claudia Patricia Garcia, 1000004', 27, 0, 'Edwin Cortez', '', 1),
	(65, 1, 50.00, 'Dr. Carlos Roberto Vidaurre Flores', 10, '2021-11-15', 1, 1, 1, '', '', '', 'Honorarios médicos, WENDY DEL CARMEN SERPAS, 1000005', 28, 0, 'Edwin Cortez', '', 1),
	(66, 1, 95.00, 'Dr. Carlos Zepeda Fuentes', 10, '2021-11-15', 1, 3, 1, '', '', '', 'Honorarios médicos, Efrain do Santos Canizales, 1000008', 29, 0, 'Edwin Cortez', '', 1),
	(67, 1, 50.00, 'Dr. Luis Alfredo Quintanilla Morales', 10, '2021-11-15', 1, 5, 1, '', '', '', 'Pago de servicio <strong>Dr. Luis Alfredo Quintanilla(Honorarios)</strong>, Carlos Ernesto Martinez, 1000011', 30, 0, 'Edwin Cortez', '', 1),
	(68, 1, 40.00, 'Dr. Carlos Mario Garcia', 10, '2021-11-15', 1, 42, 1, '', '', '', 'Honorarios médicos, JOSUE EMMANUEL GOMEZ, 1000018', 31, 0, 'Edwin Cortez', '', 1),
	(69, 1, 1000.00, 'Dr. Jorge Nelson Santos Pineda', 10, '2021-11-15', 1, 4, 1, '', '', '', 'Honorarios médicos, JOSUE EMMANUEL GOMEZ, 1000018', 32, 0, 'Edwin Cortez', '', 1),
	(70, 1, 150.00, 'Dr. Luis Gerardo Bernabel Cañas', 10, '2021-11-15', 1, 2, 1, '', '', '', 'Honorarios médicos, JOSUE EMMANUEL GOMEZ, 1000018', 33, 0, 'Edwin Cortez', '', 1),
	(71, 1, 50.00, 'Hospital Orellana', 9, '2021-11-15', 2, 1, 1, '', '', '', 'Pago de <strong>Lic. Douglas Trejo(Honorarios)</strong>, Jacquelinne Trejo, 1000020', 34, 0, 'Edwin Cortez', '', 1),
	(72, 1, 50.00, 'Dr. Carlos Eduardo Muñoz Marquez', 10, '2021-11-15', 1, 107, 1, '', '', '', 'Honorarios médicos, Francisco Alexander Carballo, 1000023', 35, 0, 'Edwin Cortez', '', 1),
	(73, 1, 50.00, 'Dr. Carlos Roberto Vidaurre Flores', 10, '2021-11-15', 1, 1, 1, '', '', '', 'Honorarios médicos, Carina Patricia Alvarado, 1000024', 36, 0, 'Edwin Cortez', '', 1),
	(74, 1, 50.00, 'Dr. Carlos Roberto Vidaurre Flores', 10, '2021-11-15', 1, 1, 1, '', '', '', 'Honorarios médicos, Carina Alejandra Gomez Lazo, 1000025', 37, 0, 'Edwin Cortez', '', 1),
	(75, 1, 85.00, 'Dr. Jorge Nelson Santos Pineda', 10, '2021-11-15', 1, 4, 1, '', '', '', 'Pago de servicio <strong>Caja Ortopédica (Dr. Santos)</strong>, Charles Chaplin, 1000027', 38, 0, 'Edwin Cortez', '', 1),
	(76, 1, 50.00, 'Dr. Carlos Mario Garcia', 10, '2021-11-15', 1, 42, 1, '', '', '', 'Honorarios médicos, Charles Chaplin, 1000027', 39, 0, 'Edwin Cortez', '', 1),
	(77, 1, 15.00, 'Farmacia San Rey', 9, '2021-11-15', 2, 9, 1, '', '', '', 'Pago de <strong>Farmacia San Rey</strong>, Charles Chaplin, 1000027', 40, 0, 'Edwin Cortez', '', 1),
	(78, 1, 50.00, 'Dr. Carlos Roberto Vidaurre Flores', 10, '2021-12-06', 1, 1, 1, '', '', '', 'Honorarios médicos, Kriscia Segovia, 1000046', 41, 0, 'Edwin Cortez', '', 1),
	(79, 1, 10.00, 'Hospital Orellana', 9, '2021-12-06', 2, 1, 1, '', '', '', 'Pago de <strong>Lic. Douglas Trejo(Honorarios)</strong>, Kriscia Segovia, 1000046', 42, 0, 'Edwin Cortez', '', 1),
	(80, 1, 25.00, 'Dr. Luis Gerardo Bernabel Cañas', 10, '2021-12-06', 1, 2, 1, '', '', '', 'Honorarios médicos, Oscar Segovia, 1000047', 43, 0, 'Edwin Cortez', '', 1),
	(81, 1, 10.00, 'Dr. Carlos Roberto Vidaurre Flores', 10, '2021-12-06', 1, 1, 1, '', '', '', 'Honorarios médicos, Oscar Segovia, 1000047', 44, 0, 'Edwin Cortez', '', 1),
	(82, 1, 25.00, 'Dr. Luis Gerardo Bernabel Cañas', 10, '2021-12-07', 1, 2, 1, '', '', '', 'Honorarios médicos, Oscar Segovia, 1000047', 45, 0, 'Edwin Cortez', '', 1),
	(83, 1, 10.00, 'Dr. Carlos Roberto Vidaurre Flores', 10, '2021-12-07', 1, 1, 1, '', '', '', 'Honorarios médicos, Oscar Segovia, 1000047', 46, 0, 'Edwin Cortez', '', 1),
	(84, 1, 15.00, 'Dr. Carlos Zepeda Fuentes', 10, '2021-12-28', 1, 3, 1, '', '', '', 'Honorarios médicos, Matilde Campos, 1000017', 47, 0, 'Edwin Cortez', '', 1),
	(85, 1, 25.00, 'Dr. Cecilio Martinez', 10, '2021-12-28', 1, 96, 1, '', '', '', 'Honorarios médicos, Matilde Campos, 1000017', 48, 0, 'Edwin Cortez', '', 1),
	(86, 1, 50.00, 'Dr. Carlos Roberto Vidaurre Flores', 10, '2021-12-28', 1, 1, 1, '', '', '', 'Honorarios médicos, Juan Camaney, 1000028', 49, 0, 'Edwin Cortez', '', 1),
	(87, 1, 75.00, 'Dr. Carlos Mario Garcia', 10, '2021-12-28', 1, 42, 1, '', '', '', 'Honorarios médicos, Juan Camaney, 1000028', 50, 0, 'Edwin Cortez', '', 1),
	(88, 1, 55.00, 'Dr. Luis Gerardo Bernabel Cañas', 10, '2021-12-28', 1, 2, 1, '', '', '', 'Pago de servicio <strong>Uso de Trocar (Dr. Bernabel)</strong>, Juan Camaney, 1000028', 51, 0, 'Edwin Cortez', '', 1),
	(89, 1, 5.00, 'Dr. Julio Olaf Carrillo Sanchez', 10, '2021-12-28', 1, 111, 1, '', '', '', 'Honorarios médicos, Juan Camaney, 1000028', 52, 0, 'Edwin Cortez', '', 1),
	(90, 1, 15.00, 'Dr. Juan Carlos Reyes Vargas', 10, '2021-12-28', 1, 47, 1, '', '', '', 'Honorarios médicos, Juan Camaney, 1000028', 53, 0, 'Edwin Cortez', '', 1),
	(91, 1, 25.00, 'Dr. Luis Gerardo Bernabel Cañas', 10, '2021-12-28', 1, 2, 1, '', '', '', 'Honorarios médicos, Safri Duo, 1000029', 54, 0, 'Edwin Cortez', '', 1),
	(92, 1, 25.00, 'Dr. Jorge Nelson Santos Pineda', 10, '2021-12-28', 1, 4, 1, '', '', '', 'Pago de servicio <strong>Caja Ortopédica (Dr. Santos)</strong>, Martha Sanchez, 1000030', 55, 0, 'Edwin Cortez', '', 1),
	(93, 1, 15.00, 'Dr. Carlos Mario Garcia', 10, '2021-12-28', 1, 42, 1, '', '', '', 'Honorarios médicos, Martha Sanchez, 1000030', 56, 0, 'Edwin Cortez', '', 1),
	(94, 1, 50.00, 'Dr. Carlos Roberto Vidaurre Flores', 10, '2021-12-28', 1, 1, 1, '', '', '', 'Honorarios médicos, Kriscia Segovia, 1000046', 57, 0, 'Edwin Cortez', '', 1),
	(95, 1, 10.00, 'Hospital Orellana', 9, '2021-12-28', 2, 1, 1, '', '', '', 'Pago de <strong>Lic. Douglas Trejo(Honorarios)</strong>, Kriscia Segovia, 1000046', 58, 0, 'Edwin Cortez', '', 1),
	(96, 1, 25.00, 'Dr. Luis Gerardo Bernabel Cañas', 10, '2021-12-28', 1, 2, 1, '', '', '', 'Honorarios médicos, Oscar Segovia, 1000047', 59, 0, 'Edwin Cortez', '', 1),
	(97, 1, 10.00, 'Dr. Carlos Roberto Vidaurre Flores', 10, '2021-12-28', 1, 1, 1, '', '', '', 'Honorarios médicos, Oscar Segovia, 1000047', 60, 0, 'Edwin Cortez', '', 1),
	(98, 1, 500.00, 'Sr. Ferguson', 4, '2022-05-05', 1, 2, 1, '', '', '', 'Testing', 61, 0, 'Edwin Cortez', '', 1),
	(99, 1, 250.00, 'Kriscia', 4, '2022-05-05', 2, 4, 1, '', '', '', 'Testing', 62, 0, 'Edwin Cortez', '', 1),
	(100, 1, 1500.00, 'Leonel Messi', 4, '2022-05-05', 2, 6, 2, '1254', '', '', 'Prueba de pago con cheque...', 63, 1, 'Edwin Cortez', '', 1),
	(101, 1, 400.00, ' Sancho Panza', 13, '2022-05-05', 2, 9, 2, '2356', '', '', 'Prueba con cheque...', 64, 1, 'Edwin Cortez', '', 1),
	(102, 1, 325.00, 'Hercules', 10, '2022-05-05', 1, 4, 1, '', '', '', 'Pago de honorarios', 65, 0, 'Edwin Cortez', '', 1),
	(103, 1, 150.00, 'Godzilla', 31, '2022-05-05', 2, 7, 1, '', '', '', 'Prueba', 66, 0, 'Edwin Cortez', '', 1),
	(104, 1, 6000.00, 'Marisol Bernal', 4, '2022-05-05', 2, 2, 2, '5986', '', '', 'Esto es una prueba', 67, 1, 'Edwin Cortez', '', 1),
	(105, 1, 500.00, 'Sr. Ferguson', 4, '2022-06-28', 1, 32, 1, '', '', '', 'sAS', 68, 0, 'Edwin Cortez', '', 1),
	(106, 1, 500.00, ' Dr. Sandra Nohemi Orellana del Cid', 4, '2022-06-28', 1, 32, 2, '2856', '', '', 'N/A', 69, 0, 'Edwin Cortez', '', 1),
	(107, 1, 250.00, ' Dr. Sandra Nohemi Orellana del Cid', 4, '2022-06-28', 2, 4, 2, '452', '', '', 'N/A', 70, 1, 'Edwin Cortez', '', 1),
	(108, 1, 250.00, ' Dr. Sandra Nohemi Orellana del Cid', 4, '2022-06-28', 2, 4, 1, '', '', '', 'N/A', 71, 0, 'Edwin Cortez', '', 1),
	(109, 1, 250.00, ' Dr. Sandra Nohemi Orellana del Cid', 4, '2022-06-28', 2, 4, 2, '856', '', '', 'N/A', 72, 1, 'Edwin Cortez', '', 1),
	(110, 1, 500.00, 'Peche', 4, '2022-08-10', 1, 2, 2, '2563', '', '', 'Pago de churros', 73, 1, 'Edwin Cortez', '', 1),
	(111, 1, 250.00, 'Paco Alvarez', 4, '2022-08-10', 1, 6, 2, '5469', '', '', 'Pago de camarones', 74, 1, 'Edwin Cortez', '', 1),
	(112, 1, 600.00, 'Matilda Juarez', 2, '2022-08-10', 2, 4, 2, '1236', '', '', 'Pago de mantenimiento', 75, 1, 'Edwin Cortez', '', 1),
	(113, 1, 70.00, 'Juan Perez', 13, '2022-08-10', 2, 7, 1, '', '', '', 'Pago de agua', 76, 0, 'Edwin Cortez', '', 1),
	(114, 1, 3500.00, 'Teresa Machado', 10, '2022-08-10', 1, 9, 2, '5632', '', '', 'Honorarios medicos', 77, 1, 'Edwin Cortez', '', 1),
	(115, 1, 2000.00, 'Carlos Rosales', 10, '2022-08-10', 1, 6, 1, '', '', '', 'Pago de honorarios', 78, 0, 'Edwin Cortez', '', 1),
	(116, 1, 50.00, 'Juan Perez', 1, '2022-09-02', 1, 1, 1, '', '', '', 'N/A', 79, 0, 'Edwin Cortez', 'Porque quiero', 0),
	(117, 1, 50.00, 'Chepe', 1, '2023-05-29', 1, 1, 2, '5263', 'Agricola', '845963214', 'N/A', 80, 1, 'Edwin Cortez', '', 1),
	(118, 1, 25.00, 'Matilde', 4, '2023-05-29', 2, 3, 1, '', '', '', 'Compra de papeleria', 81, 0, 'Edwin Cortez', '', 1),
	(119, 1, 500.00, 'Oscar Lopez', 2, '2023-05-29', 2, 7, 2, '5623', 'Davivienda', '7771856239', 'Mantenimiento aire de salas.', 82, 1, 'Edwin Cortez', '', 1),
	(120, 1, 35.00, 'Pablo Juarez', 10, '2023-05-29', 1, 6, 1, '', '', '', 'Honorarios', 83, 0, 'Edwin Cortez', '', 1),
	(121, 1, 1500.00, 'Matilde Sanchez', 4, '2023-05-29', 2, 3, 2, '2635', 'Davivienda', '236514978', 'Papeleria', 84, 1, 'Edwin Cortez', '', 1),
	(122, 1, 100.00, 'Juan valdez', 10, '2023-06-06', 1, 3, 2, '2635', 'Davivienda', '12364779', 'Honorarios', 85, 1, 'Edwin Cortez', '', 1),
	(123, 1, 50.00, 'Chepe', 1, '2023-06-06', 2, 3, 1, '', '', '', 'Pago pendiente', 86, 0, 'Edwin Cortez', '', 1),
	(124, 1, 50.00, 'Dr. Walter Enrique Mitjavila', 10, '2023-06-12', 1, 6, 1, '', '', '', 'Honorarios médicos, Andrea Pirlo, 1000053', 87, 0, 'Edwin Cortez', '', 1),
	(125, 1, 100.00, 'Dr. Luis Gerardo Bernabel Cañas', 10, '2023-06-12', 1, 2, 1, '', '', '', 'Pago de servicio <strong>Uso de Trocar (Dr. Bernabel)</strong>, Andrea Pirlo, 1000053', 88, 0, 'Edwin Cortez', '', 1),
	(126, 1, 25.00, 'Dr. Walter Enrique Mitjavila', 10, '2023-06-12', 1, 6, 1, '', '', '', 'Honorarios médicos, Pedro Pablo Castillo, 1000054', 89, 0, 'Edwin Cortez', '', 1),
	(127, 1, 100.00, 'Dr. Luis Gerardo Bernabel Cañas', 10, '2023-06-12', 1, 2, 1, '', '', '', 'Honorarios médicos, KRISCIA IVETH SEGOVIA FLORES, 1000056', 90, 0, 'Edwin Cortez', '', 1),
	(128, 1, 100.00, 'Dr. Marlon Ivan Rivera Navas', 10, '2023-06-12', 1, 8, 1, '', '', '', 'Honorarios médicos, KAREN AZUCENA ZELAYA, 1000057', 91, 0, 'Edwin Cortez', '', 1),
	(129, 1, 25.00, 'Dr. Fidel Alfredo Sandoval Paniagua', 10, '2023-06-12', 1, 20, 1, '', '', '', 'Honorarios médicos, RAMON TORRES, 1000058', 92, 0, 'Edwin Cortez', '', 1),
	(130, 1, 50.00, 'Dr. Walter Enrique Mitjavila', 10, '2023-06-12', 1, 6, 1, '', '', '', 'Honorarios médicos, Andrea Pirlo, 1000053', 93, 0, 'Edwin Cortez', '', 1),
	(131, 1, 100.00, 'Dr. Luis Gerardo Bernabel Cañas', 10, '2023-06-12', 1, 2, 1, '', '', '', 'Pago de servicio <strong>Uso de Trocar (Dr. Bernabel)</strong>, Andrea Pirlo, 1000053', 94, 0, 'Edwin Cortez', '', 1),
	(132, 1, 25.00, 'Dr. Walter Enrique Mitjavila', 10, '2023-06-12', 1, 6, 1, '', '', '', 'Honorarios médicos, Pedro Pablo Castillo, 1000054', 95, 0, 'Edwin Cortez', '', 1),
	(133, 1, 100.00, 'Dr. Luis Gerardo Bernabel Cañas', 10, '2023-06-12', 1, 2, 1, '', '', '', 'Honorarios médicos, KRISCIA IVETH SEGOVIA FLORES, 1000056', 96, 0, 'Edwin Cortez', '', 1),
	(134, 1, 100.00, 'Dr. Marlon Ivan Rivera Navas', 10, '2023-06-12', 1, 8, 1, '', '', '', 'Honorarios médicos, KAREN AZUCENA ZELAYA, 1000057', 97, 0, 'Edwin Cortez', '', 1),
	(135, 1, 25.00, 'Dr. Fidel Alfredo Sandoval Paniagua', 10, '2023-06-12', 1, 20, 1, '', '', '', 'Honorarios médicos, RAMON TORRES, 1000058', 98, 0, 'Edwin Cortez', '', 1),
	(136, 1, 50.00, 'Dr. Walter Enrique Mitjavila', 10, '2023-06-12', 1, 6, 1, '', '', '', 'Honorarios médicos, Andrea Pirlo, 1000053', 99, 0, 'Edwin Cortez', '', 1),
	(137, 1, 100.00, 'Dr. Luis Gerardo Bernabel Cañas', 10, '2023-06-12', 1, 2, 1, '', '', '', 'Pago de servicio <strong>Uso de Trocar (Dr. Bernabel)</strong>, Andrea Pirlo, 1000053', 100, 0, 'Edwin Cortez', '', 1),
	(138, 1, 25.00, 'Dr. Walter Enrique Mitjavila', 10, '2023-06-12', 1, 6, 1, '', '', '', 'Honorarios médicos, Pedro Pablo Castillo, 1000054', 101, 0, 'Edwin Cortez', '', 1),
	(139, 1, 100.00, 'Dr. Luis Gerardo Bernabel Cañas', 10, '2023-06-12', 1, 2, 1, '', '', '', 'Honorarios médicos, KRISCIA IVETH SEGOVIA FLORES, 1000056', 102, 0, 'Edwin Cortez', '', 1),
	(140, 1, 100.00, 'Dr. Marlon Ivan Rivera Navas', 10, '2023-06-12', 1, 8, 1, '', '', '', 'Honorarios médicos, KAREN AZUCENA ZELAYA, 1000057', 103, 0, 'Edwin Cortez', '', 1),
	(141, 1, 25.00, 'Dr. Fidel Alfredo Sandoval Paniagua', 10, '2023-06-12', 1, 20, 1, '', '', '', 'Honorarios médicos, RAMON TORRES, 1000058', 104, 0, 'Edwin Cortez', '', 1),
	(142, 1, 9.00, 'Hospital Orellana', 6, '2023-06-14', 2, 1, 2, '4152', 'Davivienda', '15214978', 'Pago de cuentas pendientes a Hospital Orellana', 105, 1, 'Edwin Cortez', '', 1),
	(143, 1, 2030.00, 'SUMEM S.A DE C.V', 6, '2023-06-14', 2, 6, 2, '7585', 'Agricola', '15214978', 'Pago de cuentas pendientes a SUMEM S.A DE C.V', 106, 1, 'Edwin Cortez', '', 1),
	(144, 1, 200.00, 'Dr. Nelson Edgar Orellana', 10, '2023-06-30', 1, 13, 1, '', '', '', 'Honorarios médicos, OSCAR SEGOVIA FLORES, 1000073', 107, 0, 'Edwin Cortez', '', 1),
	(145, 1, 25.00, 'Dr. Fidel Alfredo Sandoval Paniagua', 10, '2023-06-30', 1, 20, 1, '', '', '', 'Honorarios médicos, Veronica Ramirez, 1000074', 108, 0, 'Edwin Cortez', '', 1),
	(146, 1, 200.00, 'Dr. Nelson Edgar Orellana', 10, '2023-06-30', 1, 13, 1, '', '', '', 'Honorarios médicos, OSCAR SEGOVIA FLORES, 1000073', 109, 0, 'Edwin Cortez', '', 1),
	(147, 1, 25.00, 'Dr. Fidel Alfredo Sandoval Paniagua', 10, '2023-06-30', 1, 20, 1, '', '', '', 'Honorarios médicos, Veronica Ramirez, 1000074', 110, 0, 'Edwin Cortez', '', 1),
	(148, 1, 50.00, 'Dr. Luis Gerardo Bernabel Cañas', 10, '2023-06-30', 1, 2, 1, '', '', '', 'Honorarios médicos, Pibe Valderrama, 1000093', 111, 0, 'Edwin Cortez', '', 1),
	(149, 1, 100.00, 'Dr. Carlos Ernesto Trejo', 10, '2023-06-30', 1, 105, 1, '', '', '', 'Honorarios médicos, Efrain do Santos Canizales, 1000090', 112, 0, 'Edwin Cortez', '', 1),
	(150, 1, 50.00, 'Dr. Luis Gerardo Bernabel Cañas', 10, '2023-06-30', 1, 2, 1, '', '', '', 'Honorarios médicos, Fabricio Esau Contreras, 1000095', 113, 0, 'Edwin Cortez', '', 1),
	(151, 1, 150.00, 'Dr. Carlos Roberto Vidaurre Flores', 10, '2023-06-30', 1, 1, 1, '', '', '', 'Honorarios médicos, GERMAN ALFREDO LÓPEZ, 1000087', 114, 0, 'Edwin Cortez', '', 1),
	(152, 1, 500.00, 'Dr. Fidel Alfredo Sandoval Paniagua', 10, '2023-06-30', 1, 20, 1, '', '', '', 'Honorarios médicos, Pipo Beltran, 1000105', 115, 0, 'Edwin Cortez', '', 1),
	(153, 1, 20.00, 'Dr. Jorge Nelson Santos Pineda', 10, '2023-10-26', 1, 4, 1, '', '', '', 'Pago de servicio <strong>Caja Ortopédica (Dr. Santos)</strong>, Pedro Pablo Funes, 1000111', 116, 0, 'Edwin Cortez', '', 1),
	(154, 1, 50.00, 'Dr. Luis Gerardo Bernabel Cañas', 10, '2023-10-26', 1, 2, 1, '', '', '', 'Honorarios médicos, Patricia Leonor Funes, 1000116', 117, 0, 'Edwin Cortez', '', 1),
	(155, 1, 1000.00, 'Dr. Jorge Nelson Santos Pineda', 10, '2023-10-26', 1, 4, 1, '', '', '', 'Honorarios médicos, Felipe Beltran Contreras, 1000136', 118, 0, 'Edwin Cortez', '', 1),
	(156, 1, 50.00, 'Dr. Carlos Roberto Vidaurre Flores', 10, '2023-10-26', 1, 1, 1, '', '', '', 'Honorarios médicos, Wendy Elizabeth Amaya, 1000131', 119, 0, 'Edwin Cortez', '', 1),
	(157, 1, 60.00, 'Dr. Luis Gerardo Bernabel Cañas', 10, '2023-10-26', 1, 2, 1, '', '', '', 'Honorarios médicos, Wendy Elizabeth Amaya, 1000131', 120, 0, 'Edwin Cortez', '', 1),
	(158, 1, 50.00, 'Dr. Luis Gerardo Bernabel Cañas', 10, '2023-10-26', 1, 2, 1, '', '', '', 'Honorarios médicos, Alba Rosa Ramirez, 1000119', 121, 0, 'Edwin Cortez', '', 1),
	(159, 1, 50.00, 'Dr. Jorge Nelson Santos Pineda', 10, '2023-10-26', 1, 4, 1, '', '', '', 'Honorarios médicos, Alba Rosa Ramirez, 1000119', 122, 0, 'Edwin Cortez', '', 1),
	(160, 1, 50.00, 'Dr. Jose Adalberto Sanchez Diaz', 10, '2023-10-26', 1, 39, 1, '', '', '', 'Honorarios médicos, Claudia Patricia Garcia, 1000117', 123, 0, 'Edwin Cortez', '', 1),
	(161, 1, 50.00, 'Dr. Jorge Nelson Santos Pineda', 10, '2023-10-31', 1, 4, 1, '', '', '', 'Pago de servicio <strong>Caja Ortopédica (Dr. Santos)</strong>, Edwin Orantes, 1000137', 124, 0, 'Edwin Cortez', '', 1),
	(162, 1, 50.00, 'Dr. Luis Gerardo Bernabel Cañas', 6, '2023-11-07', 1, 2, 2, '4512', 'Hipotecario', '45123', 'Pago de honorarios pendientes a 2', 125, 1, 'Edwin Cortez', '', 1),
	(163, 1, 50.00, 'Dr. Luis Gerardo Bernabel Cañas', 6, '2023-11-07', 1, 2, 2, '4512', 'Hipotecario', '45123', 'Pago de honorarios pendientes a 2', 125, 1, 'Edwin Cortez', '', 1),
	(164, 1, 50.00, 'Dr. Jose Adalberto Sanchez Diaz', 6, '2023-11-08', 1, 39, 2, '1254', 'Agricola', '4568', 'Pago de honorarios pendientes con cheque #1254, Agricola', 126, 1, 'Edwin Cortez', '', 1),
	(165, 1, 50.00, 'Dr. Jose Adalberto Sanchez Diaz', 6, '2023-11-08', 1, 39, 2, '1254', 'Agricola', '4568', 'Pago de honorarios pendientes con cheque #1254, Agricola', 127, 2, 'Edwin Cortez', '', 1),
	(166, 1, 50.00, 'Dr. Jorge Nelson Santos Pineda', 6, '2023-11-08', 1, 4, 2, '6523', 'Davivienda', '456231', 'Pago de honorarios pendientes con cheque #6523, Davivienda', 128, 2, 'Edwin Cortez', '', 1),
	(167, 1, 50.00, 'Hospital Orellana', 9, '2023-11-08', 2, 1, 1, '', '', '', 'Pago de <strong>Lic. Douglas Trejo(Honorarios)</strong>, Martha Alicia Caceres Elizondo, 1000019', 129, 0, 'Edwin Cortez', '', 1),
	(168, 1, 50.00, 'Hospital Orellana', 9, '2023-11-08', 2, 1, 1, '', '', '', 'Pago de <strong>Lic. Douglas Trejo(Honorarios)</strong>, Martha Alicia Caceres Elizondo, 1000019', 130, 0, 'Edwin Cortez', '', 1),
	(169, 1, 0.00, 'Dr. Luis Gerardo Bernabel Cañas', 10, '2023-11-08', 1, 2, 1, '', '', '', 'Honorarios médicos, Martha Alicia Caceres Elizondo, 1000019', 131, 0, 'Edwin Cortez', '', 1),
	(170, 1, 250.00, 'Hospital Orellana', 6, '2023-11-09', 2, 1, 2, '2036', 'Hipotecario', '45123', 'Pago de honorarios pendientes con cheque #2036, Hipotecario', 132, 2, 'Edwin Cortez', '', 1),
	(171, 1, 250.00, 'Hospital Orellana', 6, '2023-11-09', 2, 1, 2, '2036', 'Hipotecario', '45123', 'Pago de honorarios pendientes con cheque #2036, Hipotecario', 133, 2, 'Edwin Cortez', '', 1),
	(172, 1, 25.00, 'Dr. Luis Gerardo Bernabel Cañas', 10, '2023-11-09', 1, 2, 1, '', '', '', 'Honorarios médicos, Carmen Alicia Campos, 1000110', 134, 0, 'Edwin Cortez', '', 1),
	(173, 1, 50.00, 'Dr. Carlos Roberto Vidaurre Flores', 10, '2023-11-09', 1, 1, 1, '', '', '', 'Honorarios médicos, Matilde Cabrera de Campos, 1000107', 135, 0, 'Edwin Cortez', '', 1),
	(174, 1, 75.00, 'Dr. Carlos Mario Garcia', 10, '2023-11-09', 1, 42, 1, '', '', '', 'Honorarios médicos, Matilde Cabrera de Campos, 1000107', 136, 0, 'Edwin Cortez', '', 1),
	(175, 1, 55.00, 'Dr. Luis Gerardo Bernabel Cañas', 10, '2023-11-09', 1, 2, 1, '', '', '', 'Pago de servicio <strong>Uso de Trocar (Dr. Bernabel)</strong>, Matilde Cabrera de Campos, 1000107', 137, 0, 'Edwin Cortez', '', 1),
	(176, 1, 50.00, 'Dr. Juan Carlos Reyes Vargas', 10, '2023-11-09', 1, 47, 1, '', '', '', 'Honorarios médicos, Matilde Cabrera de Campos, 1000107', 138, 0, 'Edwin Cortez', '', 1),
	(177, 1, 50.00, 'Dr. Carlos Roberto Vidaurre Flores', 10, '2023-11-09', 1, 1, 1, '', '', '', 'Honorarios médicos, GERMAN ALFREDO LÓPEZ, 1000106', 139, 0, 'Edwin Cortez', '', 1),
	(178, 1, 75.00, 'Dr. Carlos Mario Garcia', 10, '2023-11-09', 1, 42, 1, '', '', '', 'Honorarios médicos, GERMAN ALFREDO LÓPEZ, 1000106', 140, 0, 'Edwin Cortez', '', 1),
	(179, 1, 55.00, 'Dr. Luis Gerardo Bernabel Cañas', 10, '2023-11-09', 1, 2, 1, '', '', '', 'Pago de servicio <strong>Uso de Trocar (Dr. Bernabel)</strong>, GERMAN ALFREDO LÓPEZ, 1000106', 141, 0, 'Edwin Cortez', '', 1),
	(180, 1, 50.00, 'Dr. Juan Carlos Reyes Vargas', 10, '2023-11-09', 1, 47, 1, '', '', '', 'Honorarios médicos, GERMAN ALFREDO LÓPEZ, 1000106', 142, 0, 'Edwin Cortez', '', 1),
	(181, 1, 500.00, 'Dr. Luis Gerardo Bernabel Cañas', 10, '2023-11-09', 1, 2, 1, '', '', '', 'Honorarios médicos, GERMAN ALFREDO LÓPEZ, 1000106', 143, 0, 'Edwin Cortez', '', 1),
	(182, 1, 525.00, 'Dr. Luis Gerardo Bernabel Cañas', 6, '2023-11-09', 1, 2, 2, '4587', 'Promerica', '3215', 'Pago de honorarios pendientes con cheque #4587, Promerica', 144, 2, 'Edwin Cortez', '', 1),
	(183, 1, 15.00, 'Dr. Cesar Antonio Galdamez', 10, '2023-11-09', 1, 84, 1, '', '', '', 'Honorarios médicos, Josselyne Sorto dePerez, 1000104', 145, 0, 'Edwin Cortez', '', 1),
	(184, 1, 15.00, 'Dr. Cesar Antonio Galdamez', 6, '2023-11-09', 1, 88, 2, '3261', 'Promerica', '123654', 'Pago de honorarios pendientes con cheque #3261, Promerica', 146, 2, 'Edwin Cortez', '', 1),
	(185, 1, 460.00, 'Hospital Orellana', 6, '2023-11-09', 2, 1, 2, '321', 'Agricola', '1235', 'Pago de honorarios pendientes con cheque #321, Agricola', 147, 2, 'Edwin Cortez', '', 1),
	(186, 1, 15.00, 'Dr. Cesar Antonio Galdamez', 10, '2023-11-23', 1, 84, 1, '', '', '', 'Honorarios médicos, Josselyne Sorto dePerez, 1000104', 148, 0, 'Edwin Cortez', '', 1);

-- Volcando estructura para tabla db_hospital_orellana.tbl_habitacion
CREATE TABLE IF NOT EXISTS `tbl_habitacion` (
  `idHabitacion` int(11) NOT NULL AUTO_INCREMENT,
  `numeroHabitacion` varchar(20) NOT NULL,
  `estadoHabitacion` int(11) NOT NULL,
  `idPlanta` int(11) NOT NULL,
  PRIMARY KEY (`idHabitacion`),
  KEY `idPlanta` (`idPlanta`),
  CONSTRAINT `tbl_habitacion_ibfk_1` FOREIGN KEY (`idPlanta`) REFERENCES `tbl_planta` (`idplanta`) ON DELETE NO ACTION ON UPDATE NO ACTION
) ENGINE=InnoDB AUTO_INCREMENT=38 DEFAULT CHARSET=utf8 COLLATE=utf8_spanish_ci;

-- Volcando datos para la tabla db_hospital_orellana.tbl_habitacion: ~37 rows (aproximadamente)
INSERT INTO `tbl_habitacion` (`idHabitacion`, `numeroHabitacion`, `estadoHabitacion`, `idPlanta`) VALUES
	(1, 'Consultorio', 0, 1),
	(2, 'Emergencia', 0, 1),
	(3, 'Máxima emergencia', 0, 1),
	(4, 'Recuperación', 1, 1),
	(5, 'Terapia', 0, 1),
	(6, '201', 0, 2),
	(7, '202', 0, 2),
	(8, '203', 0, 2),
	(9, '204', 0, 2),
	(10, '205', 0, 2),
	(11, '301', 0, 3),
	(12, '302', 0, 3),
	(13, '303', 0, 3),
	(14, '304', 0, 3),
	(15, '305', 0, 3),
	(16, '306', 1, 3),
	(17, '307', 1, 3),
	(18, '308', 0, 3),
	(19, '309', 0, 3),
	(20, '310', 1, 3),
	(21, '311', 0, 3),
	(22, '312', 0, 3),
	(23, '313', 0, 3),
	(24, '401', 0, 4),
	(25, '402', 0, 4),
	(26, '403', 0, 4),
	(27, '404', 0, 4),
	(28, '405', 0, 4),
	(29, '406', 0, 4),
	(30, '407', 0, 4),
	(31, '408', 0, 4),
	(32, '409', 0, 4),
	(33, '410', 0, 4),
	(34, '411', 0, 4),
	(35, '412', 0, 4),
	(36, '413', 0, 4),
	(37, 'Pendiente', 0, 5);

-- Volcando estructura para tabla db_hospital_orellana.tbl_hematologia
CREATE TABLE IF NOT EXISTS `tbl_hematologia` (
  `idHematologia` int(11) NOT NULL AUTO_INCREMENT,
  `examenSolicitado` int(11) NOT NULL,
  `eritrocitosHematologia` varchar(25) NOT NULL,
  `hematocritoHematologia` varchar(25) NOT NULL,
  `hemoglobinaHematologia` varchar(25) NOT NULL,
  `vgmHematologia` varchar(25) NOT NULL,
  `hgmHematologia` varchar(25) NOT NULL,
  `chgmHematologia` varchar(25) NOT NULL,
  `leucocitosHematologia` varchar(25) NOT NULL,
  `neutrofHematologia` varchar(25) NOT NULL,
  `neutrofBandHematologia` varchar(25) NOT NULL,
  `linfocitosHematologia` varchar(25) NOT NULL,
  `eosinofilosHematologia` varchar(25) NOT NULL,
  `monocitosHematologia` varchar(25) NOT NULL,
  `basofilosHematologia` varchar(25) NOT NULL,
  `blastosHematologia` varchar(25) NOT NULL,
  `reticulocitosHematologia` varchar(25) NOT NULL,
  `eritrosedHematologia` varchar(25) NOT NULL,
  `plaquetasHematologia` varchar(25) NOT NULL,
  `gotaGruesaHematologia` varchar(25) NOT NULL,
  `rojaHematologia` text NOT NULL,
  `blancaHematologia` text NOT NULL,
  `plaquetariaHematologia` text NOT NULL,
  `observacionesHematologia` text NOT NULL,
  `fechaHematologia` timestamp NOT NULL DEFAULT current_timestamp(),
  PRIMARY KEY (`idHematologia`)
) ENGINE=InnoDB AUTO_INCREMENT=14 DEFAULT CHARSET=utf8 COLLATE=utf8_spanish_ci;

-- Volcando datos para la tabla db_hospital_orellana.tbl_hematologia: ~7 rows (aproximadamente)
INSERT INTO `tbl_hematologia` (`idHematologia`, `examenSolicitado`, `eritrocitosHematologia`, `hematocritoHematologia`, `hemoglobinaHematologia`, `vgmHematologia`, `hgmHematologia`, `chgmHematologia`, `leucocitosHematologia`, `neutrofHematologia`, `neutrofBandHematologia`, `linfocitosHematologia`, `eosinofilosHematologia`, `monocitosHematologia`, `basofilosHematologia`, `blastosHematologia`, `reticulocitosHematologia`, `eritrosedHematologia`, `plaquetasHematologia`, `gotaGruesaHematologia`, `rojaHematologia`, `blancaHematologia`, `plaquetariaHematologia`, `observacionesHematologia`, `fechaHematologia`) VALUES
	(1, 693, '1', '1', '1', '2', '2', '2', '3', '3', '3', '4', '4', '4', '5', '5', '5', '6', '6', '6', 'roja', 'blanca', 'plaquetaria', '', '2021-08-23 15:39:05'),
	(3, 698, '1', '2', '2', '5', '6', '7', '69', '6', '4', '6', '9', '9', '5', '6', '4', '6', '5', '6', 'a', 'b', 'c', '', '2021-09-27 14:34:26'),
	(4, 698, '1', '2', '3', '4', '5', '6', '7', '8', '9', '1', '2', '3', '4', '5', '6', '7', '8', '9', 'Roja', 'Blanca', 'Plaquetaria', '', '2021-10-13 17:14:02'),
	(6, 698, '1', '1', '1', '11', '1', '1', '1', '1', '1', '1', '11', '1', '1', '1', '1', '1', '1', '1', 'test', 'test', 'test', '', '2021-10-15 16:32:40'),
	(10, 698, '1', '2', '3', '4', '5', '6', '7', '8', '9', '10', '11', '12', '13', '14', '15', '16', '17', '18', '1-1', '1-2', '1-3', '', '2022-07-01 14:22:40'),
	(11, 698, '1', '2', '3', '4', '5', '6', '7', '8', '9', '10', '11', '12', '13', '14', '15', '16', '17', '18', '1.1', '1.2', '1.3', 'Lorem, ipsum dolor sit amet consectetur adipisicing elit. Pariatur, ratione.', '2022-12-30 20:10:38'),
	(12, 698, '1', '1', '1', '1', '1', '1', '1', '1', '1', '1', '1', '1', '1', '1', '1', '1', '1', '1', '1', '1', '1', '1', '2023-09-01 18:07:46');

-- Volcando estructura para tabla db_hospital_orellana.tbl_hisopado_nasal
CREATE TABLE IF NOT EXISTS `tbl_hisopado_nasal` (
  `idHisopadoNasal` int(11) NOT NULL AUTO_INCREMENT,
  `examenSolicitado` int(11) NOT NULL,
  `pasaporteHisopadoNasal` varchar(15) NOT NULL,
  `resultadoHisopadoNasal` text NOT NULL,
  `fechaHN` varchar(10) NOT NULL DEFAULT '0',
  `horaHN` varchar(10) NOT NULL DEFAULT '0',
  `fechaHisopadoNasal` timestamp NOT NULL DEFAULT current_timestamp(),
  PRIMARY KEY (`idHisopadoNasal`)
) ENGINE=InnoDB AUTO_INCREMENT=17 DEFAULT CHARSET=utf8 COLLATE=utf8_spanish_ci;

-- Volcando datos para la tabla db_hospital_orellana.tbl_hisopado_nasal: ~4 rows (aproximadamente)
INSERT INTO `tbl_hisopado_nasal` (`idHisopadoNasal`, `examenSolicitado`, `pasaporteHisopadoNasal`, `resultadoHisopadoNasal`, `fechaHN`, `horaHN`, `fechaHisopadoNasal`) VALUES
	(4, 889, '589647', 'This is a test', '', '', '2021-10-13 17:53:05'),
	(7, 889, '589647', 'Negativo', '', '', '2021-10-14 20:59:07'),
	(8, 889, '6598', 'Positivo', '', '', '2021-10-15 16:34:47'),
	(9, 958, '589647', 'Negativo', '0', '0', '2022-04-29 21:35:37');

-- Volcando estructura para tabla db_hospital_orellana.tbl_hoja_cobro
CREATE TABLE IF NOT EXISTS `tbl_hoja_cobro` (
  `idHoja` int(11) NOT NULL AUTO_INCREMENT,
  `codigoHoja` int(11) NOT NULL,
  `idPaciente` int(11) NOT NULL,
  `fechaHoja` varchar(15) NOT NULL,
  `tipoHoja` varchar(20) NOT NULL,
  `idMedico` int(11) NOT NULL,
  `idHabitacion` int(11) NOT NULL,
  `totalHoja` decimal(9,2) NOT NULL,
  `estadoHoja` int(11) NOT NULL,
  `salidaHoja` varchar(15) NOT NULL,
  `fechaIngresoHoja` timestamp NOT NULL DEFAULT current_timestamp(),
  `correlativoSalidaHoja` int(11) NOT NULL,
  `diagnosticoHoja` varchar(25) NOT NULL,
  `anulada` int(11) NOT NULL,
  `credito_fiscal` varchar(10) NOT NULL,
  `motivoAnulada` text NOT NULL,
  `procedimientoHoja` text DEFAULT NULL,
  `descuentoHoja` decimal(9,2) DEFAULT NULL,
  `seguroHoja` int(11) DEFAULT 1,
  `dh` decimal(9,2) DEFAULT NULL,
  `esPaquete` int(11) DEFAULT 0,
  `porPagos` int(11) DEFAULT 0,
  `detalleAnulada` text DEFAULT NULL,
  `fechaRecibo` date DEFAULT NULL,
  `pagaMedico` int(11) DEFAULT 0,
  `destinoHoja` int(11) DEFAULT 0,
  `totalPaquete` decimal(9,2) DEFAULT 0.00,
  `esPromocion` int(11) DEFAULT 0,
  `seguimientoHoja` int(11) DEFAULT 0,
  PRIMARY KEY (`idHoja`),
  KEY `idPaciente` (`idPaciente`),
  KEY `idMedico` (`idMedico`),
  CONSTRAINT `tbl_hoja_cobro_ibfk_2` FOREIGN KEY (`idMedico`) REFERENCES `tbl_medicos` (`idMedico`) ON DELETE NO ACTION ON UPDATE NO ACTION,
  CONSTRAINT `tbl_hoja_cobro_ibfk_3` FOREIGN KEY (`idPaciente`) REFERENCES `tbl_pacientes` (`idPaciente`) ON DELETE NO ACTION ON UPDATE NO ACTION
) ENGINE=InnoDB AUTO_INCREMENT=191 DEFAULT CHARSET=utf8 COLLATE=utf8_spanish_ci;

-- Volcando datos para la tabla db_hospital_orellana.tbl_hoja_cobro: ~157 rows (aproximadamente)
INSERT INTO `tbl_hoja_cobro` (`idHoja`, `codigoHoja`, `idPaciente`, `fechaHoja`, `tipoHoja`, `idMedico`, `idHabitacion`, `totalHoja`, `estadoHoja`, `salidaHoja`, `fechaIngresoHoja`, `correlativoSalidaHoja`, `diagnosticoHoja`, `anulada`, `credito_fiscal`, `motivoAnulada`, `procedimientoHoja`, `descuentoHoja`, `seguroHoja`, `dh`, `esPaquete`, `porPagos`, `detalleAnulada`, `fechaRecibo`, `pagaMedico`, `destinoHoja`, `totalPaquete`, `esPromocion`, `seguimientoHoja`) VALUES
	(1, 1000000, 2, '2021-06-16', 'Ambulatorio', 1, 1, 0.00, 0, '2021-06-16', '2021-06-16 16:54:29', 1, 'Paciente de alta', 0, '2240', '', 'Corte de pata', NULL, 1, 0.00, 0, 0, NULL, NULL, 0, 0, 0.00, 0, 1),
	(2, 1000001, 1, '2021-06-16', 'Ingreso', 5, 17, 0.00, 0, '2021-06-17', '2021-06-16 17:23:14', 2, 'Paciente de alta', 0, '', '', NULL, NULL, 1, NULL, 0, 0, NULL, NULL, 0, 0, 0.00, 0, 0),
	(3, 1000002, 3, '2021-06-18', 'Ambulatorio', 23, 1, 0.00, 0, '2021-06-18', '2021-06-18 17:48:36', 3, 'Paciente de alta', 0, '', '', NULL, NULL, 1, NULL, 0, 0, NULL, NULL, 0, 0, 0.00, 0, 0),
	(4, 1000003, 4, '2021-07-16', 'Ambulatorio', 1, 1, 0.00, 0, '2021-07-16', '2021-07-16 17:53:55', 4, 'Paciente de alta', 0, '', '', NULL, NULL, 1, NULL, 0, 0, NULL, NULL, 0, 0, 0.00, 0, 0),
	(5, 1000004, 5, '2021-06-19', 'Ingreso', 2, 11, 0.00, 0, '2021-06-19', '2021-06-19 15:45:49', 5, 'Paciente de alta', 0, '', '', NULL, NULL, 1, NULL, 0, 0, NULL, NULL, 0, 0, 0.00, 0, 0),
	(6, 1000005, 6, '2021-06-19', 'Ambulatorio', 1, 1, 0.00, 0, '2021-06-21', '2021-06-19 16:56:08', 8, 'Paciente de alta', 0, '2249', '', NULL, NULL, 1, NULL, 0, 0, NULL, NULL, 0, 0, 0.00, 0, 7),
	(7, 1000006, 7, '2021-06-19', 'Ingreso', 3, 18, 0.00, 1, '2021-06-19', '2021-06-19 17:03:23', 6, 'Paciente de alta', 0, '2250', '', NULL, NULL, 1, NULL, 0, 0, NULL, NULL, 0, 0, 0.00, 0, 8),
	(9, 1000007, 7, '2021-06-21', 'Ambulatorio', 1, 8, 0.00, 0, '2021-06-21', '2021-06-21 16:17:58', 7, 'Paciente de alta', 0, '', '', NULL, NULL, 1, NULL, 0, 0, NULL, NULL, 0, 0, 0.00, 0, 0),
	(10, 1000008, 8, '2021-06-21', 'Ambulatorio', 3, 14, 0.00, 0, '2021-06-21', '2021-06-21 18:15:58', 9, 'Paciente de alta', 0, '2248', '', NULL, NULL, 1, NULL, 0, 0, NULL, NULL, 0, 0, 0.00, 0, 6),
	(11, 1000009, 9, '2021-06-21', 'Ingreso', 1, 17, 0.00, 1, '', '2021-06-21 19:25:16', 0, '', 0, '', '', NULL, NULL, 1, NULL, 0, 0, NULL, NULL, 1, 0, 0.00, 0, 0),
	(12, 1000010, 10, '2021-06-24', 'Ambulatorio', 9, 16, 0.00, 0, '2021-06-24', '2021-06-24 20:31:26', 11, 'Paciente de alta', 0, '', '', NULL, NULL, 1, NULL, 0, 0, NULL, NULL, 0, 0, 0.00, 0, 0),
	(13, 1000011, 11, '2021-06-24', 'Ingreso', 5, 13, 0.00, 1, '2021-06-25', '2021-06-24 21:19:55', 12, 'Paciente de alta', 0, '', '', 'Corte de pelo', NULL, 1, 0.00, 0, 0, NULL, NULL, 0, 0, 0.00, 0, 0),
	(14, 1000012, 12, '2021-06-24', 'Ingreso', 16, 37, 0.00, 1, '', '2021-06-24 21:21:55', 0, '', 0, '', '', NULL, NULL, 1, NULL, 0, 0, NULL, NULL, 0, 0, 0.00, 0, 0),
	(15, 1000013, 13, '2021-06-24', 'Ambulatorio', 13, 20, 0.00, 0, '2021-06-24', '2021-06-24 22:19:44', 10, 'Paciente de alta', 0, '', '', NULL, NULL, 1, NULL, 0, 0, NULL, NULL, 0, 0, 0.00, 0, 3),
	(16, 1000014, 2, '2021-06-24', 'Ingreso', 1, 37, 0.00, 1, '', '2021-06-24 22:22:13', 0, '', 0, '', '', '', 0.00, 2, 0.00, 0, 1, NULL, NULL, 0, 0, 0.00, 0, 0),
	(17, 1000015, 14, '2021-06-24', 'Ingreso', 20, 37, 0.00, 0, '2021-07-20', '2021-06-24 22:31:58', 25, 'Paciente de alta', 0, '', '', NULL, NULL, 1, NULL, 0, 0, NULL, NULL, 0, 0, 0.00, 0, 0),
	(18, 1000016, 15, '2021-06-25', 'Ingreso', 1, 27, 0.00, 0, '2023-06-23', '2021-06-25 14:02:05', 58, 'Paciente de alta', 0, '', '', '', NULL, 1, 25.00, 0, 0, NULL, NULL, 0, 0, 0.00, 0, 0),
	(19, 1000017, 13, '2021-06-25', 'Ingreso', 3, 19, 0.00, 0, '2021-07-08', '2021-06-25 14:03:55', 21, 'Paciente de alta', 0, '', '', NULL, NULL, 5, NULL, 0, 0, NULL, NULL, 0, 0, 0.00, 0, 0),
	(20, 1000018, 16, '2021-06-26', 'Ambulatorio', 6, 37, 0.00, 0, '2021-06-26', '2021-06-26 15:12:10', 13, 'Paciente de alta', 0, '2241', '', NULL, NULL, 1, NULL, 0, 0, NULL, NULL, 0, 0, 0.00, 0, 2),
	(21, 1000019, 17, '2021-06-29', 'Ambulatorio', 2, 1, 0.00, 0, '2021-06-30', '2021-06-29 15:15:18', 86, 'Paciente de alta', 0, '', '', NULL, NULL, 1, NULL, 0, 1, NULL, '2023-11-08', 0, 0, 0.00, 0, 0),
	(22, 1000020, 18, '2021-06-29', 'Ambulatorio', 3, 37, 0.00, 0, '2021-06-29', '2021-06-29 15:27:18', 14, 'Paciente de alta', 0, '', '', '', NULL, 4, 0.00, 0, 0, NULL, NULL, 0, 0, 0.00, 0, 4),
	(23, 1000021, 18, '2021-06-29', 'Ambulatorio', 4, 37, 0.00, 0, '2021-06-29', '2021-06-29 15:41:21', 15, 'Paciente de alta', 0, '2247', '', NULL, NULL, 1, NULL, 0, 0, NULL, NULL, 0, 0, 0.00, 0, 5),
	(24, 1000022, 6, '2021-06-29', 'Ambulatorio', 1, 1, 0.00, 0, '2021-06-29', '2021-06-29 17:11:19', 26, 'Paciente de alta', 0, '', '', NULL, NULL, 1, NULL, 0, 0, NULL, NULL, 0, 0, 0.00, 0, 0),
	(25, 1000023, 19, '2021-06-29', 'Ambulatorio', 2, 1, 0.00, 0, '2021-06-29', '2021-06-29 17:13:53', 16, 'Paciente de alta', 0, '', '', '', NULL, 7, 0.00, 0, 0, NULL, NULL, 0, 0, 0.00, 0, 0),
	(26, 1000024, 20, '2021-06-29', 'Ingreso', 1, 22, 0.00, 0, '2021-06-29', '2021-06-29 17:15:00', 17, 'Paciente de alta', 0, '', '', NULL, NULL, 1, NULL, 0, 0, NULL, NULL, 0, 0, 0.00, 0, 0),
	(27, 1000025, 22, '2021-06-29', 'Ambulatorio', 3, 15, 0.00, 0, '2021-06-29', '2021-06-29 17:15:39', 18, 'Paciente de alta', 0, '', '', 'Peinado total', NULL, 6, 0.00, 0, 0, NULL, NULL, 0, 0, 0.00, 0, 0),
	(28, 1000026, 21, '2021-07-02', 'Ambulatorio', 2, 2, 0.00, 0, '2021-07-02', '2021-07-02 14:53:55', 20, 'Paciente de alta', 0, '', '', NULL, NULL, 1, NULL, 0, 0, NULL, NULL, 0, 0, 0.00, 0, 0),
	(29, 1000027, 24, '2021-07-03', 'Ambulatorio', 1, 21, 0.00, 0, '2021-07-05', '2021-07-03 16:59:37', 19, 'Paciente de alta', 0, '', '', NULL, NULL, 1, NULL, 0, 0, NULL, NULL, 0, 0, 0.00, 0, 0),
	(30, 1000028, 25, '2021-07-09', 'Ambulatorio', 2, 1, 0.00, 0, '2021-07-09', '2021-07-09 17:08:16', 22, 'Paciente de alta', 0, '2269', '', NULL, NULL, 1, NULL, 0, 0, NULL, NULL, 0, 0, 0.00, 0, 27),
	(31, 1000029, 26, '2021-07-10', 'Ambulatorio', 2, 8, 0.00, 0, '2021-07-10', '2021-07-10 17:21:28', 23, 'Paciente de alta', 0, '', '', NULL, NULL, 1, NULL, 0, 0, NULL, NULL, 0, 0, 0.00, 0, 0),
	(32, 1000030, 27, '2021-07-10', 'Ambulatorio', 5, 1, 0.00, 0, '2021-07-10', '2021-07-10 17:32:53', 24, 'Paciente de alta', 0, '', '', NULL, NULL, 1, NULL, 0, 0, NULL, NULL, 0, 0, 0.00, 0, 0),
	(33, 1000031, 28, '2021-07-19', 'Ambulatorio', 1, 18, 0.00, 0, '', '2021-07-19 14:05:53', 0, '', 1, '', '', NULL, NULL, 1, NULL, 0, 0, NULL, NULL, 0, 0, 0.00, 0, 0),
	(34, 1000032, 31, '2021-08-09', 'Ambulatorio', 2, 37, 0.00, 0, '', '2021-08-09 17:39:17', 0, '', 1, '', '', NULL, NULL, 1, NULL, 0, 0, NULL, NULL, 0, 0, 0.00, 0, 0),
	(35, 1000033, 32, '2021-08-10', 'Ambulatorio', 5, 37, 0.00, 0, '', '2021-08-10 14:48:31', 0, '', 1, '', '', NULL, NULL, 1, NULL, 0, 0, NULL, NULL, 0, 0, 0.00, 0, 0),
	(36, 1000034, 33, '2021-08-10', 'Ambulatorio', 5, 37, 0.00, 0, '', '2021-08-10 15:11:40', 0, '', 1, '', '', NULL, NULL, 1, NULL, 0, 0, NULL, NULL, 0, 0, 0.00, 0, 0),
	(37, 1000035, 34, '2021-08-12', 'Ambulatorio', 1, 37, 0.00, 0, '', '2021-08-12 13:38:15', 0, '', 1, '', '', NULL, NULL, 1, NULL, 0, 0, NULL, NULL, 0, 0, 0.00, 0, 0),
	(38, 1000036, 6, '2021-08-25', 'Ambulatorio', 2, 37, 0.00, 0, '', '2021-08-25 14:20:30', 0, '', 1, '', '', NULL, NULL, 1, NULL, 0, 0, NULL, NULL, 0, 0, 0.00, 0, 0),
	(39, 1000037, 35, '2021-08-26', 'Ambulatorio', 4, 37, 0.00, 0, '', '2021-08-26 14:23:59', 0, '', 1, '', '', NULL, NULL, 1, NULL, 0, 0, NULL, NULL, 0, 0, 0.00, 0, 0),
	(40, 1000038, 31, '2021-08-27', 'Ambulatorio', 3, 37, 0.00, 0, '', '2021-08-27 19:49:31', 0, '', 1, '', 'Hoja de cobro duplicada...', NULL, NULL, 1, NULL, 0, 0, NULL, NULL, 0, 0, 0.00, 0, 0),
	(41, 1000039, 37, '2021-09-27', 'Ambulatorio', 2, 1, 0.00, 0, '2021-09-27', '2021-09-27 16:23:52', 0, 'Paciente de alta', 1, '', 'Porque quiero, y que?', NULL, NULL, 1, NULL, 0, 0, NULL, NULL, 0, 0, 0.00, 0, 0),
	(43, 1000040, 41, '2021-10-28', 'Ambulatorio', 3, 2, 0.00, 0, '2021-12-08', '2021-10-28 16:54:17', 0, 'Paciente de alta', 0, '2255', '', NULL, NULL, 1, NULL, 0, 0, NULL, NULL, 0, 0, 0.00, 0, 13),
	(44, 1000041, 42, '2021-10-29', 'Ambulatorio', 6, 1, 0.00, 0, '2021-12-07', '2021-10-29 16:31:46', 0, 'Paciente de alta', 0, '2253', '', NULL, NULL, 1, NULL, 0, 0, NULL, NULL, 0, 0, 0.00, 0, 11),
	(45, 1000042, 43, '2021-11-06', 'Ambulatorio', 21, 37, 0.00, 0, '2021-12-07', '2021-11-06 15:25:56', 0, 'Paciente de alta', 0, '2252', '', NULL, NULL, 1, NULL, 0, 0, NULL, NULL, 0, 0, 0.00, 0, 10),
	(46, 1000043, 44, '2021-11-10', 'Ambulatorio', 13, 18, 0.00, 0, '2021-11-10', '2021-11-10 15:50:20', 27, 'Paciente de alta', 0, '2254', '', NULL, NULL, 1, NULL, 0, 0, NULL, NULL, 0, 0, 0.00, 0, 12),
	(47, 1000044, 45, '2021-11-13', 'Ambulatorio', 52, 37, 0.00, 0, '2021-11-13', '2021-11-13 13:56:49', 28, 'Paciente de alta', 0, '2256', '', NULL, NULL, 1, NULL, 0, 0, NULL, NULL, 0, 0, 0.00, 0, 14),
	(48, 1000045, 46, '2021-11-13', 'Ambulatorio', 52, 10, 0.00, 0, '2021-11-13', '2021-11-13 13:58:30', 29, 'Paciente de alta', 0, '', '', NULL, NULL, 1, NULL, 0, 0, NULL, NULL, 0, 0, 0.00, 0, 0),
	(49, 1000046, 47, '2021-12-06', 'Ambulatorio', 1, 12, 0.00, 0, '2021-12-06', '2021-12-06 21:32:25', 30, 'Paciente de alta', 0, '', '', NULL, NULL, 1, NULL, 0, 0, NULL, NULL, 0, 0, 0.00, 0, 0),
	(50, 1000047, 48, '2021-12-06', 'Ambulatorio', 2, 20, 0.00, 0, '2021-12-06', '2021-12-06 21:33:51', 31, 'Paciente de alta', 0, '2251', '', NULL, NULL, 1, NULL, 0, 0, NULL, NULL, 0, 0, 0.00, 0, 9),
	(51, 1000048, 47, '2022-01-06', 'Ambulatorio', 9, 37, 0.00, 1, '', '2022-01-06 15:25:57', 0, '', 0, '', '', NULL, NULL, 1, NULL, 0, 0, NULL, NULL, 0, 0, 0.00, 0, 0),
	(52, 1000049, 49, '2022-01-06', 'Ambulatorio', 2, 37, 0.00, 0, '2022-01-06', '2022-01-06 15:29:53', 32, 'Paciente de alta', 0, '', '', NULL, NULL, 1, NULL, 0, 0, NULL, NULL, 0, 0, 0.00, 0, 0),
	(53, 1000050, 31, '2022-01-06', 'Ambulatorio', 4, 37, 0.00, 0, '2023-09-01', '2022-01-06 15:31:47', 0, 'Paciente de alta', 0, '', '', NULL, NULL, 1, NULL, 0, 0, NULL, NULL, 0, 0, 0.00, 0, 0),
	(54, 1000051, 6, '2022-01-06', 'Ambulatorio', 3, 37, 0.00, 0, '2022-01-10', '2022-01-06 15:53:41', 35, 'Paciente de alta', 0, '', '', NULL, NULL, 1, NULL, 0, 0, NULL, NULL, 0, 0, 0.00, 0, 0),
	(55, 1000052, 27, '2022-01-06', 'Ambulatorio', 2, 37, 0.00, 0, '2022-01-06', '2022-01-06 15:54:57', 0, 'Paciente de alta', 1, '', 'This is a test', NULL, NULL, 1, NULL, 0, 0, NULL, NULL, 0, 0, 0.00, 0, 0),
	(56, 1000053, 50, '2022-01-07', 'Ambulatorio', 6, 37, 0.00, 0, '2022-01-07', '2022-01-07 15:12:21', 33, 'Paciente de alta', 0, '', '', NULL, NULL, 1, NULL, 0, 0, NULL, NULL, 0, 0, 0.00, 0, 0),
	(57, 1000054, 4, '2022-01-07', 'Ambulatorio', 13, 37, 0.00, 0, '2022-01-07', '2022-01-07 20:41:09', 34, 'Paciente de alta', 0, '2267', '', '', NULL, 1, 36.99, 0, 0, NULL, NULL, 0, 0, 0.00, 0, 25),
	(58, 1000055, 52, '2022-01-11', 'Ambulatorio', 20, 37, 0.00, 0, '2022-01-11', '2022-01-11 16:26:52', 37, 'Paciente de alta', 0, '', '', NULL, NULL, 1, NULL, 0, 0, NULL, NULL, 0, 0, 0.00, 0, 0),
	(59, 1000056, 51, '2022-01-11', 'Ambulatorio', 49, 14, 0.00, 1, '2022-01-11', '2022-01-11 16:35:11', 36, 'Paciente de alta', 0, '', '', NULL, NULL, 1, NULL, 0, 0, NULL, NULL, 0, 0, 0.00, 0, 0),
	(60, 1000057, 53, '2022-01-11', 'Ambulatorio', 8, 1, 0.00, 0, '2022-01-11', '2022-01-11 17:19:16', 38, 'Paciente de alta', 0, '', '', NULL, NULL, 1, NULL, 0, 0, NULL, NULL, 0, 0, 0.00, 0, 0),
	(61, 1000058, 54, '2022-01-11', 'Ambulatorio', 20, 37, 0.00, 1, '2022-01-11', '2022-01-11 17:37:04', 39, 'Paciente de alta', 0, '', '', NULL, NULL, 1, NULL, 0, 0, NULL, NULL, 0, 0, 0.00, 0, 0),
	(62, 1000059, 55, '2022-01-10', 'Ambulatorio', 2, 37, 0.00, 0, '2022-01-11', '2022-01-11 17:47:44', 0, 'Paciente de alta', 0, '', '', NULL, NULL, 1, NULL, 0, 0, NULL, NULL, 0, 0, 0.00, 0, 0),
	(63, 1000060, 56, '2022-01-10', 'Ambulatorio', 105, 37, 0.00, 0, '2022-01-11', '2022-01-11 17:55:07', 0, 'Paciente de alta', 0, '', '', NULL, NULL, 1, NULL, 0, 0, NULL, NULL, 0, 0, 0.00, 0, 0),
	(64, 1000061, 57, '2022-01-10', 'Ambulatorio', 2, 37, 0.00, 1, '', '2022-01-11 17:58:12', 0, '', 0, '', '', NULL, NULL, 1, NULL, 0, 0, NULL, NULL, 0, 0, 0.00, 0, 0),
	(65, 1000062, 58, '2022-01-11', 'Ambulatorio', 4, 37, 0.00, 0, '2022-01-12', '2022-01-11 20:55:54', 41, 'Paciente de alta', 0, '2264', '', NULL, NULL, 1, NULL, 0, 0, NULL, NULL, 0, 0, 0.00, 0, 22),
	(66, 1000063, 45, '2022-01-12', 'Ambulatorio', 21, 37, 0.00, 0, '2022-01-12', '2022-01-12 16:07:47', 40, 'Paciente de alta', 0, '', '', NULL, NULL, 1, NULL, 0, 1, NULL, NULL, 0, 0, 0.00, 0, 0),
	(67, 1000064, 59, '2022-01-13', 'Ingreso', 2, 20, 0.00, 1, '', '2022-01-13 16:16:36', 0, '', 0, '', '', NULL, NULL, 1, NULL, 0, 0, NULL, NULL, 0, 0, 0.00, 0, 0),
	(68, 1000065, 60, '2022-01-13', 'Ambulatorio', 23, 37, 0.00, 0, '2022-01-13', '2022-01-13 16:17:22', 42, 'Paciente de alta', 0, '2263', '', NULL, NULL, 1, NULL, 0, 0, NULL, NULL, 0, 0, 0.00, 0, 21),
	(71, 1000066, 61, '2022-01-14', 'Ambulatorio', 3, 37, 0.00, 1, '', '2022-01-14 14:05:01', 0, '', 0, '', '', NULL, NULL, 1, NULL, 0, 0, NULL, NULL, 0, 0, 0.00, 0, 0),
	(72, 1000067, 17, '2022-01-14', 'Ambulatorio', 15, 37, 0.00, 1, '', '2022-01-14 14:05:25', 0, '', 0, '', '', NULL, NULL, 1, NULL, 0, 0, NULL, NULL, 0, 0, 0.00, 0, 0),
	(74, 1000068, 63, '2022-01-14', 'Ambulatorio', 15, 37, 0.00, 0, '2023-01-09', '2022-01-14 16:26:58', 70, 'Paciente de alta', 0, '', '', NULL, NULL, 1, NULL, 0, 1, NULL, '2023-10-17', 0, 0, 0.00, 0, 0),
	(75, 1000069, 22, '2022-01-14', 'Ambulatorio', 18, 37, 0.00, 1, '', '2022-01-14 14:30:40', 0, '', 0, '', '', NULL, NULL, 1, NULL, 0, 0, NULL, NULL, 0, 0, 0.00, 0, 0),
	(76, 1000070, 53, '2022-01-15', 'Ambulatorio', 19, 37, 0.00, 0, '2022-01-15', '2022-01-15 14:37:59', 0, 'Paciente de alta', 0, '', '', 'Corte de pelo', NULL, 1, NULL, 0, 0, NULL, NULL, 0, 0, 0.00, 0, 0),
	(77, 1000071, 68, '2022-01-15', 'Ambulatorio', 19, 37, 0.00, 0, '2022-01-31', '2022-01-15 14:39:34', 44, 'Paciente de alta', 0, '', '', '', 0.00, 1, NULL, 0, 0, NULL, NULL, 0, 0, 0.00, 0, 0),
	(78, 1000072, 65, '2022-01-24', 'Ambulatorio', 8, 37, 0.00, 0, '2022-01-24', '2022-01-24 20:36:57', 0, 'Paciente de alta', 0, '', '', NULL, NULL, 1, NULL, 0, 0, NULL, NULL, 0, 0, 0.00, 0, 0),
	(79, 1000073, 66, '2022-01-24', 'Ingreso', 13, 37, 0.00, 0, '2022-01-24', '2022-01-24 20:37:45', 43, 'Paciente de alta', 0, '', '', 'QUISTE DE VESICULA', NULL, 1, NULL, 0, 0, NULL, NULL, 0, 0, 0.00, 0, 0),
	(80, 1000074, 67, '2022-02-01', 'Ambulatorio', 20, 37, 0.00, 0, '2022-02-01', '2022-02-01 15:52:52', 45, 'Paciente de alta', 0, '', '', NULL, NULL, 1, NULL, 0, 0, NULL, NULL, 0, 0, 0.00, 0, 0),
	(81, 1000075, 69, '2022-02-01', 'Ambulatorio', 20, 37, 0.00, 1, '', '2022-02-01 16:37:41', 0, '', 0, '', '', NULL, NULL, 1, NULL, 0, 0, NULL, NULL, 0, 0, 0.00, 0, 0),
	(82, 1000076, 70, '2022-02-01', 'Ambulatorio', 20, 37, 0.00, 0, '2022-02-01', '2022-02-01 19:49:08', 0, 'Paciente de alta', 0, '', '', NULL, NULL, 1, NULL, 0, 0, NULL, NULL, 0, 0, 0.00, 0, 0),
	(83, 1000077, 71, '2022-02-01', 'Ambulatorio', 20, 37, 0.00, 1, '', '2022-02-01 20:04:28', 0, '', 0, '', '', NULL, NULL, 1, NULL, 0, 0, NULL, NULL, 0, 0, 0.00, 0, 0),
	(84, 1000078, 72, '2022-02-01', 'Ambulatorio', 20, 37, 0.00, 1, '', '2022-02-01 20:25:31', 0, '', 0, '', '', NULL, NULL, 1, NULL, 0, 0, NULL, NULL, 0, 0, 0.00, 0, 0),
	(85, 1000079, 73, '2022-02-01', 'Ambulatorio', 20, 37, 0.00, 1, '', '2022-02-01 20:35:32', 0, '', 0, '', '', NULL, NULL, 1, NULL, 0, 0, NULL, NULL, 0, 0, 0.00, 0, 0),
	(86, 1000080, 74, '2022-02-01', 'Ambulatorio', 20, 37, 0.00, 0, '2022-02-01', '2022-02-01 20:59:01', 46, 'Paciente de alta', 0, '', '', NULL, NULL, 1, NULL, 0, 0, NULL, NULL, 0, 0, 0.00, 0, 0),
	(87, 1000081, 75, '2022-02-01', 'Ambulatorio', 20, 37, 0.00, 1, '', '2022-02-01 21:22:38', 0, '', 0, '', '', NULL, NULL, 1, NULL, 0, 0, NULL, NULL, 0, 0, 0.00, 0, 0),
	(88, 1000082, 76, '2022-02-01', 'Ambulatorio', 4, 37, 0.00, 1, '2022-02-01', '2022-02-01 21:56:27', 47, 'Paciente de alta', 0, '', '', NULL, NULL, 1, NULL, 0, 0, NULL, NULL, 0, 0, 0.00, 0, 0),
	(89, 1000083, 14, '2022-02-12', 'Ambulatorio', 1, 4, 0.00, 0, '2022-02-12', '2022-02-12 14:40:46', 0, 'Paciente de alta', 0, '', '', NULL, NULL, 1, NULL, 0, 0, NULL, NULL, 0, 0, 0.00, 0, 0),
	(90, 1000084, 77, '2022-02-12', 'Ingreso', 12, 12, 0.00, 0, '2022-05-09', '2022-02-12 14:43:46', 0, 'Paciente de alta', 0, '', '', NULL, NULL, 2, NULL, 0, 0, NULL, NULL, 0, 0, 0.00, 0, 0),
	(103, 1000085, 78, '2022-02-16', 'Ambulatorio', 1, 1, 0.00, 1, '', '2022-02-16 18:13:44', 0, '', 0, '', '', NULL, NULL, 1, NULL, 0, 0, NULL, NULL, 0, 0, 0.00, 0, 0),
	(104, 1000086, 4, '2022-02-16', 'Ambulatorio', 1, 1, 0.00, 1, '', '2022-02-16 18:23:07', 0, '', 0, '', '', NULL, NULL, 1, NULL, 0, 0, NULL, NULL, 0, 0, 0.00, 0, 0),
	(105, 1000087, 55, '2022-02-17', 'Ambulatorio', 1, 1, 0.00, 0, '2022-05-16', '2022-02-17 14:57:00', 54, 'Paciente de alta', 0, '2257', '', NULL, NULL, 1, NULL, 0, 0, NULL, NULL, 0, 0, 0.00, 0, 15),
	(106, 1000088, 60, '2022-02-17', 'Ambulatorio', 1, 1, 0.00, 1, '2022-04-26', '2022-02-17 18:00:43', 0, 'Paciente de alta', 0, '', '', NULL, NULL, 1, NULL, 0, 0, NULL, NULL, 0, 0, 0.00, 0, 0),
	(107, 1000089, 78, '2022-02-18', 'Ambulatorio', 1, 1, 0.00, 0, '2022-02-18', '2022-02-18 14:28:50', 48, 'Paciente de alta', 0, '', '', '', NULL, 1, 2.55, 0, 0, NULL, NULL, 0, 0, 0.00, 0, 0),
	(108, 1000090, 8, '2022-02-18', 'Ambulatorio', 1, 1, 0.00, 0, '2022-04-11', '2022-02-18 15:36:52', 52, 'Paciente de alta', 0, '', '', '', 0.00, 1, 4.50, 0, 1, NULL, NULL, 0, 0, 0.00, 0, 0),
	(109, 1000091, 32, '2022-02-18', 'Ambulatorio', 1, 1, 0.00, 0, '2022-02-18', '2022-02-18 15:40:09', 49, 'Paciente de alta', 0, '2261', '', NULL, NULL, 1, NULL, 0, 0, NULL, NULL, 0, 0, 0.00, 0, 19),
	(110, 1000092, 80, '2022-02-18', 'Ambulatorio', 1, 1, 0.00, 0, '2022-02-18', '2022-02-18 19:48:00', 50, 'Paciente de alta', 0, '', '', NULL, NULL, 1, NULL, 0, 0, NULL, NULL, 0, 0, 0.00, 0, 0),
	(111, 1000093, 81, '2022-02-28', 'Ambulatorio', 10, 37, 0.00, 0, '2022-04-04', '2022-02-28 16:02:12', 51, 'Paciente de alta', 0, '2259', '', '', NULL, 1, 26.57, 0, 1, NULL, NULL, 0, 0, 0.00, 0, 17),
	(112, 1000094, 25, '2022-04-11', 'Ambulatorio', 3, 37, 0.00, 0, '2022-04-26', '2022-04-11 22:14:54', 0, 'Paciente de alta', 0, '2258', '', NULL, NULL, 1, NULL, 0, 0, NULL, NULL, 0, 0, 0.00, 0, 16),
	(113, 1000095, 84, '2022-05-16', 'Ambulatorio', 2, 37, 0.00, 0, '2022-05-16', '2022-05-16 20:09:22', 53, 'Paciente de alta', 0, '2260', '', '', NULL, 5, 2.65, 0, 0, NULL, NULL, 0, 0, 0.00, 0, 18),
	(114, 1000096, 86, '2022-08-24', 'Ambulatorio', 3, 6, 0.00, 0, '2022-08-24', '2022-08-24 14:54:14', 0, 'Paciente de alta', 0, '', '', NULL, NULL, 1, NULL, 0, 0, NULL, NULL, 0, 0, 0.00, 0, 0),
	(115, 1000097, 87, '2022-08-27', 'Ambulatorio', 2, 37, 0.00, 0, '2022-08-27', '2022-08-27 16:16:46', 0, 'Paciente de alta', 0, '', '', NULL, NULL, 1, NULL, 0, 0, NULL, NULL, 0, 0, 0.00, 0, 0),
	(116, 1000098, 88, '2022-08-27', 'Ambulatorio', 2, 37, 0.00, 0, '2022-08-27', '2022-08-27 16:17:34', 55, 'Paciente de alta', 0, '', '', '', NULL, 1, 1.68, 0, 1, NULL, NULL, 0, 0, 0.00, 0, 0),
	(117, 1000099, 25, '2023-01-14', 'Ingreso', 1, 10, 0.00, 0, '2023-05-23', '2023-01-14 17:44:32', 56, 'Paciente de alta', 0, '', '', '', NULL, 4, 0.29, 0, 0, NULL, NULL, 0, 0, 0.00, 0, 0),
	(119, 1000100, 1, '2023-06-07', 'Ingreso', 1, 17, 0.00, 1, '', '2023-06-07 14:02:05', 0, '', 0, '', '', NULL, NULL, 1, NULL, 0, 0, NULL, NULL, 0, 0, 0.00, 0, 0),
	(120, 1000101, 6, '2023-06-07', 'Ambulatorio', 1, 37, 0.00, 1, '', '2023-06-07 14:03:06', 0, '', 0, '', '', NULL, NULL, 1, NULL, 0, 0, NULL, NULL, 0, 0, 0.00, 0, 0),
	(121, 1000102, 90, '2023-06-07', 'Ambulatorio', 1, 37, 0.00, 1, '', '2023-06-07 14:21:58', 0, '', 0, '', '', NULL, NULL, 1, NULL, 0, 0, NULL, NULL, 0, 0, 0.00, 0, 0),
	(122, 1000103, 91, '2023-06-07', 'Ingreso', 1, 14, 0.00, 1, '', '2023-06-07 14:22:40', 0, '', 0, '', '', NULL, NULL, 2, NULL, 0, 0, NULL, NULL, 0, 0, 0.00, 0, 0),
	(123, 1000104, 92, '2023-06-22', 'Ambulatorio', 3, 1, 0.00, 0, '2023-11-09', '2023-06-22 14:35:45', 90, 'Paciente de alta', 0, '', '', NULL, NULL, 2, NULL, 0, 1, NULL, '2023-11-09', 0, 0, 0.00, 0, 0),
	(124, 1000105, 93, '2023-06-22', 'Ambulatorio', 1, 1, 0.00, 0, '2023-06-23', '2023-06-22 15:01:27', 57, 'Paciente de alta', 0, '', '', 'Corte de pelo.', NULL, 1, 20.00, 0, 0, NULL, NULL, 0, 0, 0.00, 0, 0),
	(126, 1000106, 55, '2023-06-27', 'Ambulatorio', 3, 1, 0.00, 0, '2023-11-09', '2023-06-27 15:39:02', 89, 'Paciente de alta', 0, '', '', NULL, NULL, 1, NULL, 0, 1, NULL, '2023-11-09', 0, 0, 0.00, 0, 0),
	(127, 1000107, 94, '2023-06-27', 'Ambulatorio', 1, 6, 0.00, 0, '2023-11-09', '2023-06-27 15:46:28', 88, 'Paciente de alta', 0, '', '', NULL, NULL, 1, NULL, 0, 1, NULL, '2023-11-09', 0, 0, 0.00, 0, 0),
	(128, 1000108, 95, '2023-06-27', 'Ambulatorio', 2, 4, 0.00, 0, '', '2023-06-27 15:51:22', 0, '', 1, '', 'La kriscia dice', NULL, NULL, 1, NULL, 0, 0, '<table id="" class="table table-striped thead-primary w-100">\r\n       <tr>\r\n          <th class="text-center" scope="col" colspan="4">Medicamentos</th>\r\n       </tr>\r\n       <tr>\r\n          <td class="text-center" colspan="">Acetaminofen Medikem 120mg/5ml Jarabe 120 ml</td>\r\n          <td class="text-center" colspan="">1</td>\r\n          <td class="text-center" colspan="">$7.50</td>\r\n          <td class="text-center" colspan="">$7.5</td>\r\n       </tr>\r\n       <tr>\r\n          <td class="text-center" colspan="">Acetaminofen MK 500 mg</td>\r\n          <td class="text-center" colspan="">1</td>\r\n          <td class="text-center" colspan="">$0.10</td>\r\n          <td class="text-center" colspan="">$0.1</td>\r\n       </tr>\r\n       <tr>\r\n          <td class="text-center" colspan="">Para- Denk 250mg</td>\r\n          <td class="text-center" colspan="">1</td>\r\n          <td class="text-center" colspan="">$0.78</td>\r\n          <td class="text-center" colspan="">$0.78</td>\r\n       </tr>\r\n       <tr>\r\n          <td class="text-center" colspan="">Aciclovirax 200mg </td>\r\n          <td class="text-center" colspan="">1</td>\r\n          <td class="text-center" colspan="">$0.53</td>\r\n          <td class="text-center" colspan="">$0.53</td>\r\n       </tr>\r\n       <tr>\r\n          <td class="text-center" colspan="">Nor Clovir 200mg/5ml</td>\r\n          <td class="text-center" colspan="">1</td>\r\n          <td class="text-center" colspan="">$19.48</td>\r\n          <td class="text-center" colspan="">$19.48</td>\r\n       </tr>\r\n       <tr>\r\n          <td class="text-center" colspan="">Verolax Gotas</td>\r\n          <td class="text-center" colspan="">1</td>\r\n          <td class="text-center" colspan="">$5.24</td>\r\n          <td class="text-center" colspan="">$5.24</td>\r\n       </tr>\r\n       <tr>\r\n          <td class="text-center" colspan="3">Interno</td>\r\n          <td class="text-center">$33.63</td>\r\n       </tr>\r\n       <tr>\r\n          <th class="text-center" scope="col" colspan="4">Externos</th>\r\n       </tr>\r\n       <tr>\r\n          <td class="text-center"colspan="">Caja Ortopédica (Dr. Santos)</td>\r\n          <td class="text-center"colspan="">1</td>\r\n          <td class="text-center"colspan="">$50.00</td>\r\n          <td class="text-center"colspan="">$50</td>\r\n       </tr>\r\n       <tr>\r\n          <td class="text-center"colspan="">Dr. Carlos Mario Garcia(Honorarios)</td>\r\n          <td class="text-center"colspan="">1</td>\r\n          <td class="text-center"colspan="">$100.00</td>\r\n          <td class="text-center"colspan="">$100</td>\r\n       </tr>\r\n       <tr>\r\n          <td class="text-center"colspan="3">Externo</td>\r\n          <td class="text-center" scope="col">$150</td>\r\n       </tr>\r\n       <tr>\r\n          <td class="text-center"colspan="3">Total</td>\r\n          <td class="text-center">$183.63</td>\r\n       </tr>\r\n    <tbody>	</tbody>\r\n </table>\r\n ', NULL, 0, 0, 0.00, 0, 0),
	(129, 1000109, 96, '2023-06-27', 'Ambulatorio', 2, 1, 0.00, 0, '2023-06-27', '2023-06-27 20:22:08', 0, 'Paciente de alta', 1, '', 'Kriscia dice...', NULL, NULL, 1, NULL, 0, 0, '<table id="" class="table table-striped thead-primary w-100">		<tr>			<th class="text-center" scope="col" colspan="4">Medicamentos</th>		</tr>		<tr>			<td class="text-center" scope="col" colspan="">LAB. HOSPITAL ORELLANA</td>			<td class="text-center" scope="col" colspan="">1</td>			<td class="text-center" scope="col" colspan="">$200.00</td>			<td class="text-center" scope="col" colspan="">$200</td>		</tr>		<tr>			<td class="text-center" scope="col" colspan="3">Interno</td>			<td class="text-center" scope="col">$200</td>		</tr>		<tr>			<td class="text-center" scope="col" colspan="4">Externos</td>		</tr>		<tr>			<td class="text-center" scope="col" colspan="">Dr. Fidel Alfredo Sandoval Paniagua(Honorarios)</td>			<td class="text-center" scope="col" colspan="">1</td>			<td class="text-center" scope="col" colspan="">$400.00</td>			<td class="text-center" scope="col" colspan="">$400</td>		</tr>		<tr>			<td class="text-center" scope="col" colspan="3">Externo</td>			<td class="text-center" scope="col">$400</td>		</tr>		<tr>			<td class="text-center" scope="col" colspan="3">Total</td>			<td class="text-center" scope="col">$600</td>		</tr></table>', NULL, 0, 0, 0.00, 0, 0),
	(130, 1000110, 97, '2023-06-29', 'Ambulatorio', 1, 6, 0.00, 0, '2023-11-09', '2023-06-29 19:58:20', 87, 'Paciente de alta', 0, '', '', NULL, NULL, 2, NULL, 0, 1, NULL, '2023-11-09', 0, 0, 0.00, 0, 0),
	(131, 1000111, 98, '2023-06-29', 'Ambulatorio', 3, 1, 0.00, 0, '2023-07-04', '2023-06-29 22:24:53', 59, 'Paciente de alta', 0, '2262', '', NULL, NULL, 1, NULL, 0, 0, NULL, '2023-07-04', 0, 0, 0.00, 0, 20),
	(132, 1000112, 100, '2023-07-10', 'Ingreso', 3, 14, 0.00, 0, '', '2023-07-10 15:59:26', 0, '', 1, '', 'Cuenta repetida', NULL, NULL, 1, NULL, 0, 0, '<table id="" class="table table-striped thead-primary w-100">		<tr>			<th class="text-center" scope="col" colspan="4">Medicamentos</th>		</tr>		<tr>			<td class="text-center" scope="col" colspan="">LAB. HOSPITAL ORELLANA</td>			<td class="text-center" scope="col" colspan="">1</td>			<td class="text-center" scope="col" colspan="">$500.00</td>			<td class="text-center" scope="col" colspan="">$500</td>		</tr>		<tr>			<td class="text-center" scope="col" colspan="3">Interno</td>			<td class="text-center" scope="col">$500</td>		</tr>		<tr>			<td class="text-center" scope="col" colspan="4">Externos</td>		</tr>		<tr>			<td class="text-center" scope="col" colspan="3">Externo</td>			<td class="text-center" scope="col">$0</td>		</tr>		<tr>			<td class="text-center" scope="col" colspan="3">Total</td>			<td class="text-center" scope="col">$500</td>		</tr></table>', NULL, 1, 0, 0.00, 0, 0),
	(133, 1000113, 101, '2023-07-10', 'Ambulatorio', 4, 1, 0.00, 0, '2023-07-25', '2023-07-10 17:06:25', 61, 'Paciente de alta', 0, '', '', NULL, NULL, 1, NULL, 1, 1, NULL, '2023-07-25', 0, 0, 0.00, 0, 0),
	(134, 1000114, 102, '2023-07-25', 'Ambulatorio', 4, 1, 0.00, 0, '2023-07-25', '2023-07-25 14:13:35', 60, 'Paciente de alta', 0, '', '', NULL, NULL, 1, NULL, 0, 0, NULL, '2023-07-25', 0, 0, 0.00, 0, 0),
	(135, 1000115, 103, '2023-07-25', 'Ambulatorio', 2, 1, 0.00, 0, '2023-07-25', '2023-07-25 21:51:25', 62, 'Paciente de alta', 0, '2265', '', NULL, NULL, 1, NULL, 0, 0, NULL, '2023-07-25', 0, 0, 0.00, 0, 23),
	(136, 1000116, 104, '2023-09-01', 'Ambulatorio', 2, 13, 0.00, 0, '2023-09-01', '2023-09-01 14:06:50', 63, 'Paciente de alta', 0, '2266', '', '', NULL, 1, 0.00, 0, 1, NULL, '2023-09-01', 0, 0, 0.00, 0, 24),
	(137, 1000117, 5, '2023-09-14', 'Ingreso', 2, 9, 0.00, 0, '2023-10-19', '2023-09-14 14:02:34', 84, 'Paciente de alta', 0, '', '', NULL, NULL, 3, NULL, 0, 1, NULL, '2023-10-26', 0, 0, 0.00, 0, 0),
	(138, 1000118, 16, '2023-09-20', 'Ingreso', 3, 37, 0.00, 0, '2023-10-26', '2023-09-20 16:07:03', 83, 'Paciente de alta', 0, '', '', NULL, NULL, 1, NULL, 1, 1, NULL, '2023-10-26', 0, 0, 5000.00, 0, 0),
	(139, 1000119, 7, '2023-09-20', 'Ingreso', 4, 37, 0.00, 0, '2023-10-17', '2023-09-20 16:19:04', 82, 'Paciente de alta', 0, '', '', NULL, NULL, 1, NULL, 0, 1, NULL, '2023-10-26', 0, 0, 0.00, 0, 0),
	(141, 1000120, 31, '2023-09-26', 'Ambulatorio', 12, 1, 0.00, 0, '2023-10-18', '2023-09-26 14:54:31', 71, 'Paciente de alta', 0, '', '', NULL, NULL, 9, NULL, 1, 1, NULL, '2023-10-18', 0, 0, 2100.00, 0, 0),
	(142, 1000121, 111, '2023-10-03', 'Ingreso', 4, 15, 0.00, 0, '2023-10-18', '2023-10-03 19:54:36', 81, 'Paciente de alta', 0, '', '', NULL, NULL, 1, NULL, 1, 0, NULL, '2023-10-26', 0, 7, 2000.00, 0, 0),
	(143, 1000122, 104, '2023-10-03', 'Ambulatorio', 1, 1, 0.00, 0, '2023-10-18', '2023-10-03 20:34:29', 73, 'Paciente de alta', 0, '', '', NULL, NULL, 1, NULL, 0, 1, NULL, '2023-10-18', 0, 1, 0.00, 0, 0),
	(144, 1000123, 112, '2023-10-10', 'Ingreso', 2, 7, 0.00, 0, '2023-10-18', '2023-10-10 17:24:51', 72, 'Paciente de alta', 0, '', '', NULL, NULL, 1, NULL, 1, 1, NULL, '2023-10-18', 0, 7, 3000.00, 0, 0),
	(145, 1000124, 113, '2023-10-11', 'Ambulatorio', 34, 1, 0.00, 1, '', '2023-10-11 20:30:06', 64, '', 0, '', '', NULL, NULL, 1, NULL, 0, 0, NULL, '2023-10-12', 0, 7, 0.00, 0, 0),
	(146, 1000125, 114, '2023-10-12', 'Ambulatorio', 2, 2, 0.00, 0, '2023-10-12', '2023-10-12 14:36:26', 65, 'Paciente de alta', 0, '2270', '', NULL, NULL, 1, NULL, 1, 0, NULL, '2023-10-12', 0, 4, 3500.00, 0, 28),
	(149, 1000126, 115, '2023-10-12', 'Ingreso', 2, 13, 0.00, 0, '2023-10-12', '2023-10-12 14:43:52', 66, 'Paciente de alta', 0, '', '', NULL, NULL, 1, NULL, 1, 0, NULL, '2023-10-12', 0, 1, 5000.00, 0, 0),
	(152, 1000127, 104, '2023-10-12', 'Ingreso', 2, 37, 0.00, 0, '2023-10-12', '2023-10-12 15:09:59', 67, 'Paciente de alta', 0, '', '', NULL, NULL, 1, NULL, 1, 1, NULL, '2023-10-12', 0, 0, 3500.00, 0, 0),
	(153, 1000128, 116, '2023-10-13', 'Ambulatorio', 4, 14, 0.00, 0, '2023-10-13', '2023-10-13 15:34:47', 68, 'Paciente de alta', 0, '', '', NULL, NULL, 1, NULL, 1, 0, NULL, '2023-10-13', 0, 1, 2000.00, 0, 0),
	(154, 1000129, 117, '2023-10-17', 'Ambulatorio', 15, 1, 0.00, 0, '2023-10-17', '2023-10-17 17:25:19', 69, 'Paciente de alta', 0, '', '', NULL, NULL, 1, NULL, 1, 0, NULL, '2023-10-17', 0, 7, 2000.00, 0, 0),
	(155, 1000130, 109, '2023-10-19', 'Ambulatorio', 4, 1, 0.00, 0, '2023-10-25', '2023-10-19 14:35:38', 79, 'Paciente de alta', 0, '', '', NULL, NULL, 1, NULL, 0, 0, NULL, '2023-10-25', 0, 1, 0.00, 0, 0),
	(156, 1000131, 115, '2023-10-19', 'Ambulatorio', 3, 1, 0.00, 0, '2023-10-26', '2023-10-19 16:34:41', 80, 'Paciente de alta', 0, '2268', '', ' ', NULL, 1, NULL, 0, 0, NULL, '2023-10-26', 0, 1, 0.00, 0, 26),
	(157, 1000132, 5, '2023-10-19', 'Ambulatorio', 2, 6, 0.00, 0, '2023-10-24', '2023-10-19 16:35:30', 77, 'Paciente de alta', 0, '', '', ' Procedimiento de ejemplo', NULL, 1, NULL, 1, 0, NULL, '2023-10-24', 0, 7, 5000.00, 0, 0),
	(158, 1000133, 118, '2023-10-19', 'Ingreso', 3, 15, 0.00, 1, '2023-10-24', '2023-10-19 16:37:42', 76, 'Paciente de alta', 0, '', '', ' Corte de mano.', NULL, 2, 0.00, 0, 0, NULL, '2023-10-24', 0, 7, 0.00, 0, 0),
	(159, 1000134, 119, '2023-10-19', 'Ingreso', 6, 11, 0.00, 0, '2023-10-24', '2023-10-19 16:38:30', 75, 'Paciente de alta', 0, '', '', ' Corte de pelo', NULL, 1, NULL, 1, 0, NULL, '2023-10-24', 0, 7, 0.00, 0, 0),
	(160, 1000135, 120, '2023-10-21', 'Ambulatorio', 4, 10, 0.00, 0, '2023-10-23', '2023-10-21 17:25:34', 74, 'Paciente de alta', 0, '', '', ' ', NULL, 1, NULL, 0, 0, NULL, '2023-10-23', 0, 1, 0.00, 0, 0),
	(161, 1000136, 121, '2023-10-24', 'Ambulatorio', 4, 13, 0.00, 0, '2023-10-24', '2023-10-24 15:19:23', 78, 'Paciente de alta', 0, '', '', ' ', NULL, 1, NULL, 1, 0, NULL, '2023-10-24', 0, 1, 2000.00, 0, 0),
	(162, 1000137, 31, '2023-10-30', 'Ingreso', 2, 37, 0.00, 0, '2023-10-31', '2023-10-30 20:12:48', 85, 'Paciente de alta', 0, '', '', NULL, NULL, 1, NULL, 1, 1, NULL, '2023-10-31', 0, 0, 5000.00, 0, 0),
	(169, 1000138, 1, '2023-11-28', 'Ambulatorio', 1, 1, 0.00, 0, '2023-12-12', '2023-11-28 14:17:54', 98, 'Paciente de alta', 0, '', '', NULL, NULL, 1, NULL, 0, 0, NULL, '2023-12-12', 0, 0, 0.00, 0, 0),
	(170, 1000139, 1, '2023-11-28', 'Ambulatorio', 1, 1, 0.00, 0, '2023-11-29', '2023-11-28 14:19:51', 91, 'Paciente de alta', 0, '', '', NULL, NULL, 1, NULL, 0, 0, NULL, '2023-11-29', 0, 0, 0.00, 0, 0),
	(171, 1000140, 5, '2023-11-28', 'Ambulatorio', 1, 1, 0.00, 0, '2023-11-29', '2023-11-28 14:21:54', 94, 'Paciente de alta', 0, '', '', NULL, NULL, 1, NULL, 0, 0, NULL, '2023-11-29', 0, 0, 0.00, 0, 0),
	(172, 1000141, 78, '2023-11-29', 'Ambulatorio', 1, 1, 0.00, 0, '2023-11-29', '2023-11-29 17:40:59', 92, 'Paciente de alta', 0, '', '', NULL, NULL, 1, NULL, 0, 0, NULL, '2023-11-29', 0, 0, 0.00, 0, 0),
	(173, 1000142, 22, '2023-11-29', 'Ambulatorio', 1, 1, 0.00, 0, '2023-11-29', '2023-11-29 17:41:17', 93, 'Paciente de alta', 0, '', '', NULL, NULL, 1, NULL, 0, 0, NULL, '2023-11-29', 0, 0, 0.00, 0, 0),
	(174, 1000143, 122, '2023-12-04', 'Ambulatorio', 4, 1, 0.00, 0, '2023-12-04', '2023-12-04 17:08:07', 95, 'Paciente de alta', 0, '', '', NULL, NULL, 1, NULL, 0, 0, NULL, '2023-12-04', 0, 0, 0.00, 0, 0),
	(175, 1000144, 123, '2023-12-04', 'Ambulatorio', 42, 2, 0.00, 0, '2023-12-04', '2023-12-04 17:13:44', 96, 'Paciente de alta', 0, '', '', ' ', NULL, 1, NULL, 1, 0, NULL, '2023-12-04', 0, 1, 2000.00, 0, 0),
	(176, 1000145, 124, '2023-12-04', 'Ingreso', 3, 1, 0.00, 0, '2023-12-04', '2023-12-04 17:38:49', 97, 'Paciente de alta', 0, '', '', ' HISTERECTOMIA', NULL, 9, 0.00, 0, 1, NULL, '2023-12-04', 0, 7, 0.00, 0, 0),
	(177, 1000146, 115, '2023-12-12', 'Ambulatorio', 2, 2, 0.00, 1, '2024-02-14', '2023-12-12 14:42:08', 0, 'Paciente de alta', 0, '', '', ' ', NULL, 1, NULL, 0, 0, NULL, NULL, 0, 1, 0.00, 0, 0),
	(178, 1000147, 125, '2024-02-20', 'Ingreso', 3, 24, 0.00, 1, '', '2024-02-20 15:46:22', 0, '', 0, '', '', ' ', NULL, 3, NULL, 1, 0, NULL, NULL, 1, 1, 500.00, 0, 0),
	(179, 1000148, 31, '2024-02-21', 'Ingreso', 2, 5, 0.00, 1, '', '2024-02-21 14:08:38', 0, '', 0, '', '', ' ', NULL, 1, NULL, 1, 0, NULL, NULL, 0, 8, 8000.00, 0, 0),
	(180, 1000149, 126, '2024-02-22', 'Ambulatorio', 2, 7, 0.00, 1, '', '2024-02-22 15:08:00', 0, '', 0, '', '', ' ', NULL, 1, NULL, 0, 0, NULL, NULL, 0, 4, 0.00, 0, 0),
	(181, 1000150, 127, '2024-02-26', 'Ingreso', 4, 11, 0.00, 1, '', '2024-02-26 14:10:22', 0, '', 0, '', '', ' ', NULL, 1, NULL, 0, 1, NULL, NULL, 0, 1, 0.00, 0, 0),
	(182, 1000151, 128, '2024-02-26', 'Ambulatorio', 4, 1, 0.00, 1, '', '2024-02-26 17:56:48', 0, '', 0, '', '', ' ', NULL, 1, NULL, 0, 0, NULL, NULL, 0, 1, 0.00, 0, 0),
	(183, 1000152, 125, '2024-02-28', 'Ambulatorio', 4, 1, 0.00, 1, '', '2024-02-28 14:08:58', 0, '', 0, '', '', ' ', NULL, 1, NULL, 0, 1, NULL, NULL, 0, 2, 0.00, 0, 0),
	(184, 1000153, 127, '2024-02-29', 'Ingreso', 6, 4, 0.00, 1, '', '2024-02-29 21:36:48', 0, '', 0, '', '', ' ', NULL, 2, NULL, 1, 0, NULL, NULL, 0, 3, 300.00, 0, 0),
	(185, 1000154, 130, '2024-02-29', 'Ingreso', 18, 9, 0.00, 0, '2024-02-29', '2024-02-29 21:38:05', 0, 'Paciente de alta', 0, '', '', ' ', NULL, 1, NULL, 0, 1, NULL, NULL, 0, 8, 0.00, 0, 0),
	(186, 1000155, 2, '2024-03-07', 'Ambulatorio', 2, 1, 0.00, 1, '', '2024-03-07 20:44:06', 0, '', 0, '', '', ' ', NULL, 1, NULL, 0, 0, NULL, NULL, 0, 3, 0.00, 0, 0),
	(187, 1000156, 15, '2024-03-07', 'Ambulatorio', 2, 2, 0.00, 1, '', '2024-03-07 20:46:27', 0, '', 0, '', '', ' ', NULL, 1, NULL, 0, 0, NULL, NULL, 0, 3, 0.00, 0, 0),
	(188, 1000157, 132, '2024-03-19', 'Ambulatorio', 1, 2, 0.00, 1, '', '2024-03-19 14:41:25', 0, '', 0, '', '', ' ', NULL, 1, NULL, 0, 0, NULL, NULL, 0, 3, 0.00, 0, 0),
	(189, 1000158, 2, '2024-04-01', 'Ambulatorio', 1, 37, 0.00, 0, '2024-04-01', '2024-04-01 14:54:08', 0, 'Paciente de alta', 0, '', '', ' ', NULL, 1, NULL, 0, 0, NULL, NULL, 0, 3, 0.00, 0, 0),
	(190, 1000159, 125, '2024-04-05', 'Ambulatorio', 1, 1, 0.00, 1, '', '2024-04-05 20:45:40', 0, '', 0, '', '', ' ', NULL, 1, NULL, 0, 0, NULL, NULL, 0, 3, 0.00, 0, 0);

-- Volcando estructura para tabla db_hospital_orellana.tbl_hoja_externos
CREATE TABLE IF NOT EXISTS `tbl_hoja_externos` (
  `idHojaExterno` int(11) NOT NULL AUTO_INCREMENT,
  `idHoja` int(11) NOT NULL,
  `idExterno` int(11) NOT NULL,
  `cantidadExterno` int(11) NOT NULL,
  `precioExterno` decimal(9,2) NOT NULL,
  `fechaExterno` date NOT NULL,
  PRIMARY KEY (`idHojaExterno`),
  KEY `idHoja` (`idHoja`),
  KEY `idExterno` (`idExterno`)
) ENGINE=InnoDB AUTO_INCREMENT=118 DEFAULT CHARSET=utf8 COLLATE=utf8_spanish_ci;

-- Volcando datos para la tabla db_hospital_orellana.tbl_hoja_externos: ~87 rows (aproximadamente)
INSERT INTO `tbl_hoja_externos` (`idHojaExterno`, `idHoja`, `idExterno`, `cantidadExterno`, `precioExterno`, `fechaExterno`) VALUES
	(1, 1, 42, 1, 50.00, '2021-06-16'),
	(2, 1, 24, 1, 75.00, '2021-06-16'),
	(3, 1, 36, 1, 50.00, '2021-06-16'),
	(5, 3, 23, 1, 100.00, '2021-06-18'),
	(6, 4, 1, 1, 90.00, '2021-07-16'),
	(7, 5, 2, 1, 300.00, '2021-06-19'),
	(8, 6, 1, 1, 50.00, '2021-06-19'),
	(9, 10, 3, 1, 95.00, '2021-06-21'),
	(10, 13, 5, 1, 50.00, '2021-06-24'),
	(11, 20, 42, 1, 40.00, '2021-06-26'),
	(12, 20, 4, 1, 1000.00, '2021-06-26'),
	(13, 20, 2, 1, 150.00, '2021-06-26'),
	(14, 25, 111, 1, 50.00, '2021-06-29'),
	(15, 26, 1, 1, 50.00, '2021-06-29'),
	(16, 27, 1, 1, 50.00, '2021-06-29'),
	(17, 21, 129, 1, 50.00, '2021-06-29'),
	(18, 22, 129, 1, 50.00, '2021-06-29'),
	(19, 29, 63, 1, 85.00, '2021-07-03'),
	(20, 29, 42, 1, 50.00, '2021-07-03'),
	(21, 29, 143, 1, 15.00, '2021-07-03'),
	(27, 19, 3, 1, 15.00, '2021-06-25'),
	(30, 19, 100, 1, 25.00, '2021-06-25'),
	(31, 30, 1, 1, 50.00, '2021-07-09'),
	(32, 30, 42, 1, 75.00, '2021-07-09'),
	(33, 30, 127, 1, 55.00, '2021-07-09'),
	(34, 30, 115, 1, 5.00, '2021-07-09'),
	(35, 30, 47, 1, 15.00, '2021-07-09'),
	(37, 31, 2, 1, 25.00, '2021-07-10'),
	(38, 32, 63, 1, 25.00, '2021-07-10'),
	(39, 32, 42, 1, 15.00, '2021-07-10'),
	(43, 40, 111, 1, 0.00, '2021-08-27'),
	(44, 41, 1, 1, 0.00, '2021-09-27'),
	(45, 41, 42, 1, 0.00, '2021-09-27'),
	(46, 41, 127, 1, 0.00, '2021-09-27'),
	(47, 41, 47, 1, 0.00, '2021-09-27'),
	(50, 49, 1, 1, 50.00, '2021-12-06'),
	(51, 49, 129, 1, 10.00, '2021-12-06'),
	(52, 50, 2, 1, 25.00, '2021-12-06'),
	(53, 50, 1, 1, 10.00, '2021-12-06'),
	(55, 55, 3, 1, 0.00, '2022-01-06'),
	(56, 55, 4, 1, 0.00, '2022-01-06'),
	(58, 56, 6, 1, 50.00, '2022-01-07'),
	(59, 56, 127, 1, 100.00, '2022-01-07'),
	(61, 59, 2, 1, 100.00, '2022-01-11'),
	(62, 60, 8, 1, 100.00, '2022-01-11'),
	(63, 61, 20, 1, 25.00, '2022-01-11'),
	(64, 62, 2, 1, 25.00, '2022-01-10'),
	(65, 63, 109, 1, 25.00, '2022-01-10'),
	(66, 79, 13, 1, 200.00, '2022-01-24'),
	(67, 80, 20, 1, 25.00, '2022-02-01'),
	(68, 81, 20, 1, 100.00, '2022-02-01'),
	(69, 82, 20, 1, 50.00, '2022-02-01'),
	(70, 111, 2, 1, 50.00, '2022-02-28'),
	(71, 108, 109, 1, 100.00, '2022-02-18'),
	(72, 57, 6, 1, 25.00, '2022-01-07'),
	(73, 106, 63, 1, 100.00, '2022-02-17'),
	(74, 90, 47, 1, 25.00, '2022-02-12'),
	(75, 112, 2, 1, 10.00, '2022-04-11'),
	(76, 105, 1, 1, 150.00, '2022-02-17'),
	(77, 113, 2, 1, 50.00, '2022-05-16'),
	(78, 75, 63, 1, 500.00, '2022-01-14'),
	(84, 126, 1, 1, 50.00, '2023-06-27'),
	(85, 126, 42, 1, 75.00, '2023-06-27'),
	(86, 126, 127, 1, 55.00, '2023-06-27'),
	(87, 126, 47, 1, 50.00, '2023-06-27'),
	(88, 127, 1, 1, 50.00, '2023-06-27'),
	(89, 127, 42, 1, 75.00, '2023-06-27'),
	(90, 127, 127, 1, 55.00, '2023-06-27'),
	(91, 127, 47, 1, 50.00, '2023-06-27'),
	(94, 124, 20, 1, 500.00, '2023-06-22'),
	(96, 131, 63, 1, 20.00, '2023-06-29'),
	(97, 136, 2, 1, 50.00, '2023-09-01'),
	(98, 137, 39, 1, 50.00, '2023-09-14'),
	(101, 161, 4, 1, 1000.00, '2023-10-24'),
	(102, 156, 1, 1, 50.00, '2023-10-19'),
	(103, 156, 2, 1, 60.00, '2023-10-19'),
	(105, 139, 2, 1, 50.00, '2023-09-20'),
	(106, 139, 4, 1, 50.00, '2023-09-20'),
	(108, 162, 63, 1, 50.00, '2023-10-30'),
	(109, 21, 129, 1, 50.00, '2021-06-29'),
	(110, 21, 2, 1, 0.00, '2021-06-29'),
	(111, 130, 2, 1, 25.00, '2023-06-29'),
	(112, 126, 2, 1, 500.00, '2023-06-27'),
	(113, 123, 88, 1, 15.00, '2023-06-22'),
	(115, 175, 1, 1, 200.00, '2023-12-04'),
	(116, 176, 3, 1, 1000.00, '2023-12-04'),
	(117, 185, 18, 1, 50.00, '2024-02-29');

-- Volcando estructura para tabla db_hospital_orellana.tbl_hoja_insumos
CREATE TABLE IF NOT EXISTS `tbl_hoja_insumos` (
  `idHojaInsumo` int(11) NOT NULL AUTO_INCREMENT,
  `idHoja` int(11) NOT NULL,
  `idInsumo` int(11) NOT NULL,
  `precioInsumo` decimal(9,2) NOT NULL,
  `cantidadInsumo` int(11) NOT NULL,
  `fechaInsumo` date NOT NULL,
  `descuentoUnitario` decimal(9,2) NOT NULL DEFAULT 0.00,
  `por` int(11) NOT NULL DEFAULT 0,
  `eliminado` int(11) NOT NULL DEFAULT 0,
  `motivoEliminado` text NOT NULL,
  `pivoteStock` int(11) NOT NULL DEFAULT 0,
  `filaKardexStock` int(11) NOT NULL DEFAULT 0,
  `fechaAgregado` timestamp NOT NULL DEFAULT current_timestamp(),
  PRIMARY KEY (`idHojaInsumo`),
  KEY `idHojaInsumo` (`idHoja`),
  KEY `idInsumo` (`idInsumo`),
  CONSTRAINT `tbl_hoja_insumos_ibfk_3` FOREIGN KEY (`idHoja`) REFERENCES `tbl_hoja_cobro` (`idHoja`) ON DELETE NO ACTION ON UPDATE NO ACTION
) ENGINE=InnoDB AUTO_INCREMENT=624 DEFAULT CHARSET=utf8 COLLATE=utf8_spanish_ci;

-- Volcando datos para la tabla db_hospital_orellana.tbl_hoja_insumos: ~401 rows (aproximadamente)
INSERT INTO `tbl_hoja_insumos` (`idHojaInsumo`, `idHoja`, `idInsumo`, `precioInsumo`, `cantidadInsumo`, `fechaInsumo`, `descuentoUnitario`, `por`, `eliminado`, `motivoEliminado`, `pivoteStock`, `filaKardexStock`, `fechaAgregado`) VALUES
	(1, 1, 1, 5.24, 1, '2021-06-16', 0.00, 0, 0, '0', 0, 0, '2022-02-24 14:21:48'),
	(2, 1, 4, 0.78, 1, '2021-06-16', 0.00, 0, 0, '0', 0, 0, '2022-02-24 14:21:48'),
	(3, 1, 7, 0.18, 2, '2021-06-16', 0.00, 0, 0, '0', 0, 0, '2022-02-24 14:21:48'),
	(4, 1, 4, 0.78, 2, '2021-06-16', 0.00, 0, 0, '0', 0, 0, '2022-02-24 14:21:48'),
	(5, 1, 215, 10.99, 2, '2021-06-16', 0.00, 0, 0, '0', 0, 0, '2022-02-24 14:21:48'),
	(6, 1, 4, 0.78, 5, '2021-06-16', 0.00, 0, 0, '0', 0, 0, '2022-02-24 14:21:48'),
	(8, 2, 3, 0.10, 5, '2021-06-16', 0.00, 0, 0, '0', 0, 0, '2022-02-24 14:21:48'),
	(9, 2, 8, 0.18, 10, '2021-06-16', 0.00, 0, 0, '0', 0, 0, '2022-02-24 14:21:48'),
	(10, 2, 8, 0.18, 5, '2021-06-16', 0.00, 0, 0, '0', 0, 0, '2022-02-24 14:21:48'),
	(11, 2, 1, 5.24, 3, '2021-06-16', 0.00, 0, 0, '0', 0, 0, '2022-02-24 14:21:48'),
	(12, 3, 5, 0.53, 1, '2021-06-18', 0.00, 0, 0, '0', 0, 0, '2022-02-24 14:21:48'),
	(13, 3, 4, 0.78, 1, '2021-06-18', 0.00, 0, 0, '0', 0, 0, '2022-02-24 14:21:48'),
	(14, 3, 3, 0.10, 1, '2021-06-18', 0.00, 0, 0, '0', 0, 0, '2022-02-24 14:21:48'),
	(15, 4, 547, 5.00, 1, '2021-07-16', 0.00, 0, 0, '0', 0, 0, '2022-02-24 14:21:48'),
	(16, 4, 572, 50.00, 1, '2021-07-16', 0.00, 0, 0, '0', 0, 0, '2022-02-24 14:21:48'),
	(17, 4, 9, 15.50, 5, '2021-07-16', 0.00, 0, 0, '0', 0, 0, '2022-02-24 14:21:48'),
	(18, 5, 371, 10.00, 1, '2021-06-19', 0.00, 0, 0, '0', 0, 0, '2022-02-24 14:21:48'),
	(19, 5, 547, 5.00, 1, '2021-06-19', 0.00, 0, 0, '0', 0, 0, '2022-02-24 14:21:48'),
	(20, 5, 291, 1.15, 1, '2021-06-19', 0.00, 0, 0, '0', 0, 0, '2022-02-24 14:21:48'),
	(21, 5, 514, 0.15, 3, '2021-06-19', 0.00, 0, 0, '0', 0, 0, '2022-02-24 14:21:48'),
	(22, 5, 471, 1.05, 1, '2021-06-19', 0.00, 0, 0, '0', 0, 0, '2022-02-24 14:21:48'),
	(23, 5, 712, 10.00, 1, '2021-06-19', 0.00, 0, 0, '0', 0, 0, '2022-02-24 14:21:48'),
	(24, 5, 552, 2.50, 4, '2021-06-19', 0.00, 0, 0, '0', 0, 0, '2022-02-24 14:21:48'),
	(25, 6, 2, 7.50, 1, '2021-06-19', 0.00, 0, 0, '0', 0, 0, '2022-02-24 14:21:48'),
	(26, 6, 3, 0.10, 1, '2021-06-19', 0.00, 0, 0, '0', 0, 0, '2022-02-24 14:21:48'),
	(27, 6, 253, 303.96, 1, '2021-06-19', 0.00, 0, 0, '0', 0, 0, '2022-02-24 14:21:48'),
	(28, 6, 5, 0.53, 1, '2021-06-19', 0.00, 0, 0, '0', 0, 0, '2022-02-24 14:21:48'),
	(29, 9, 732, 20.00, 5, '2021-06-21', 0.00, 0, 0, '0', 0, 0, '2022-02-24 14:21:48'),
	(30, 9, 738, 34.00, 3, '2021-06-21', 0.00, 0, 0, '0', 0, 0, '2022-02-24 14:21:48'),
	(31, 10, 855, 30.01, 3, '2021-06-21', 0.00, 0, 0, '0', 0, 0, '2022-02-24 14:21:48'),
	(32, 15, 732, 30.00, 1, '2021-06-24', 0.00, 0, 0, '0', 0, 0, '2022-02-24 14:21:48'),
	(33, 12, 672, 4.50, 1, '2021-06-24', 0.00, 0, 0, '0', 0, 0, '2022-02-24 14:21:48'),
	(34, 12, 718, 8.00, 1, '2021-06-24', 0.00, 0, 0, '0', 0, 0, '2022-02-24 14:21:48'),
	(35, 13, 1, 3.93, 1, '2021-06-24', 1.31, 0, 0, '0', 0, 0, '2022-02-24 14:21:48'),
	(36, 13, 10, 9.63, 1, '2021-06-24', 3.21, 0, 0, '0', 0, 0, '2022-02-24 14:21:48'),
	(37, 13, 866, 11.25, 1, '2021-06-24', 3.75, 0, 0, '0', 0, 0, '2022-02-24 14:21:48'),
	(38, 13, 861, 3.00, 1, '2021-06-24', 1.00, 0, 0, '0', 0, 0, '2022-02-24 14:21:48'),
	(39, 20, 252, 5.50, 1, '2021-06-26', 0.00, 0, 0, '0', 0, 0, '2022-02-24 14:21:48'),
	(40, 20, 269, 2.10, 2, '2021-06-26', 0.00, 0, 0, '0', 0, 0, '2022-02-24 14:21:48'),
	(41, 20, 430, 4.60, 1, '2021-06-26', 0.00, 0, 0, '0', 0, 0, '2022-02-24 14:21:48'),
	(42, 20, 252, 5.50, 1, '2021-06-26', 0.00, 0, 0, '0', 0, 0, '2022-02-24 14:21:48'),
	(43, 20, 252, 5.50, 1, '2021-06-26', 0.00, 0, 0, '0', 0, 0, '2022-02-24 14:21:48'),
	(44, 20, 2, 7.50, 1, '2021-06-26', 0.00, 0, 0, '0', 0, 0, '2022-02-24 14:21:48'),
	(45, 20, 391, 4.50, 3, '2021-06-26', 0.00, 0, 0, '0', 0, 0, '2022-02-24 14:21:48'),
	(46, 20, 260, 3.50, 5, '2021-06-26', 0.00, 0, 0, '0', 0, 0, '2022-02-24 14:21:48'),
	(48, 20, 1, 5.24, 3, '2021-06-26', 0.00, 0, 0, '0', 0, 0, '2022-02-24 14:21:48'),
	(49, 20, 2, 7.50, 1, '2021-06-26', 0.00, 0, 0, '0', 0, 0, '2022-02-24 14:21:48'),
	(50, 20, 252, 5.50, 1, '2021-06-26', 0.00, 0, 0, '0', 0, 0, '2022-02-24 14:21:48'),
	(51, 20, 572, 75.00, 1, '2021-06-26', 0.00, 0, 0, '0', 0, 0, '2022-02-24 14:21:48'),
	(52, 20, 552, 80.00, 1, '2021-06-26', 0.00, 0, 0, '0', 0, 0, '2022-02-24 14:21:48'),
	(53, 20, 547, 15.00, 1, '2021-06-26', 0.00, 0, 0, '0', 0, 0, '2022-02-24 14:21:48'),
	(54, 20, 1, 5.24, 1, '2021-06-26', 0.00, 0, 0, '0', 0, 0, '2022-02-24 14:21:48'),
	(55, 20, 266, 5.75, 1, '2021-06-26', 0.00, 0, 0, '0', 0, 0, '2022-02-24 14:21:48'),
	(56, 21, 672, 4.50, 1, '2021-06-29', 0.00, 0, 0, '0', 0, 0, '2022-02-24 14:21:48'),
	(57, 21, 808, 20.00, 1, '2021-06-29', 0.00, 0, 0, '0', 0, 0, '2022-02-24 14:21:48'),
	(58, 21, 687, 8.00, 1, '2021-06-29', 0.00, 0, 0, '0', 0, 0, '2022-02-24 14:21:48'),
	(59, 22, 819, 90.00, 1, '2021-06-29', 0.00, 0, 0, '0', 0, 0, '2022-02-24 14:21:48'),
	(60, 23, 819, 26.00, 1, '2021-06-29', 0.00, 0, 0, '0', 0, 0, '2022-02-24 14:21:48'),
	(61, 24, 672, 4.50, 1, '2021-06-29', 0.00, 0, 0, '0', 0, 0, '2022-02-24 14:21:48'),
	(62, 24, 808, 20.00, 1, '2021-06-29', 0.00, 0, 0, '0', 0, 0, '2022-02-24 14:21:48'),
	(63, 24, 687, 8.00, 1, '2021-06-29', 0.00, 0, 0, '0', 0, 0, '2022-02-24 14:21:48'),
	(64, 25, 672, 4.50, 1, '2021-06-29', 0.00, 0, 0, '0', 0, 0, '2022-02-24 14:21:48'),
	(65, 25, 808, 20.00, 1, '2021-06-29', 0.00, 0, 0, '0', 0, 0, '2022-02-24 14:21:48'),
	(66, 25, 687, 8.00, 1, '2021-06-29', 0.00, 0, 0, '0', 0, 0, '2022-02-24 14:21:48'),
	(67, 26, 2, 7.50, 1, '2021-06-29', 0.00, 0, 0, '0', 0, 0, '2022-02-24 14:21:48'),
	(68, 26, 3, 0.10, 1, '2021-06-29', 0.00, 0, 0, '0', 0, 0, '2022-02-24 14:21:48'),
	(69, 26, 253, 303.96, 1, '2021-06-29', 0.00, 0, 0, '0', 0, 0, '2022-02-24 14:21:48'),
	(70, 26, 5, 0.53, 1, '2021-06-29', 0.00, 0, 0, '0', 0, 0, '2022-02-24 14:21:48'),
	(75, 28, 854, 23.00, 2, '2021-07-02', 0.00, 0, 0, '0', 0, 0, '2022-02-24 14:21:48'),
	(87, 29, 856, 500.00, 1, '2021-07-03', 0.00, 0, 0, '0', 0, 0, '2022-02-24 14:21:48'),
	(93, 27, 4, 0.94, 1, '2021-06-29', 0.00, 0, 0, '0', 0, 0, '2022-02-24 14:21:48'),
	(100, 27, 7, 0.24, 11, '2021-06-29', 0.00, 0, 0, '0', 0, 0, '2022-02-24 14:21:48'),
	(103, 11, 1, 5.24, 1, '2021-06-21', 0.00, 0, 0, '0', 0, 0, '2022-02-24 14:21:48'),
	(105, 11, 1, 5.24, 1, '2021-06-21', 0.00, 0, 0, '0', 0, 0, '2022-02-24 14:21:48'),
	(106, 19, 1, 5.24, 2, '2021-06-25', 0.00, 0, 0, '0', 0, 0, '2022-02-24 14:21:48'),
	(110, 30, 2, 7.50, 1, '2021-07-09', 0.00, 0, 0, '0', 0, 0, '2022-02-24 14:21:48'),
	(111, 30, 3, 0.10, 1, '2021-07-09', 0.00, 0, 0, '0', 0, 0, '2022-02-24 14:21:48'),
	(112, 30, 5, 0.53, 1, '2021-07-09', 0.00, 0, 0, '0', 0, 0, '2022-02-24 14:21:48'),
	(113, 30, 856, 80.00, 1, '2021-07-09', 0.00, 0, 0, '0', 0, 0, '2022-02-24 14:21:48'),
	(114, 30, 406, 10.00, 2, '2021-07-09', 0.00, 0, 0, '0', 0, 0, '2022-02-24 14:21:48'),
	(115, 30, 16, 1.09, 3, '2021-07-09', 0.00, 0, 0, '0', 0, 0, '2022-02-24 14:21:48'),
	(116, 30, 265, 7.00, 1, '2021-07-09', 0.00, 0, 0, '0', 0, 0, '2022-02-24 14:21:48'),
	(117, 30, 6, 19.48, 1, '2021-07-09', 0.00, 0, 0, '0', 0, 0, '2022-02-24 14:21:48'),
	(118, 30, 3, 0.10, 2, '2021-07-09', 0.00, 0, 0, '0', 0, 0, '2022-02-24 14:21:48'),
	(121, 31, 7, 0.18, 1, '2021-07-10', 0.00, 0, 0, '0', 0, 0, '2022-02-24 14:21:48'),
	(122, 32, 3, 0.10, 1, '2021-07-10', 0.00, 0, 0, '0', 0, 0, '2022-02-24 14:21:48'),
	(123, 32, 2, 7.50, 1, '2021-07-10', 0.00, 0, 0, '0', 0, 0, '2022-02-24 14:21:48'),
	(124, 32, 5, 0.53, 1, '2021-07-10', 0.00, 0, 0, '0', 0, 0, '2022-02-24 14:21:48'),
	(125, 32, 253, 303.96, 1, '2021-07-10', 0.00, 0, 0, '0', 0, 0, '2022-02-24 14:21:48'),
	(132, 31, 1, 5.00, 14, '2021-07-10', 0.00, 0, 0, '0', 0, 0, '2022-02-24 14:21:48'),
	(133, 16, 0, 0.00, 8, '2021-06-24', 0.00, 0, 0, '0', 0, 0, '2022-02-24 14:21:48'),
	(137, 16, 0, 0.00, 8, '2021-06-24', 0.00, 0, 0, '0', 0, 0, '2022-02-24 14:21:48'),
	(138, 16, 0, 0.00, 4, '2021-06-24', 0.00, 0, 0, '0', 0, 0, '2022-02-24 14:21:48'),
	(139, 16, 0, 0.00, 1, '2021-06-24', 0.00, 0, 0, '0', 0, 0, '2022-02-24 14:21:48'),
	(140, 16, 0, 0.00, 3, '2021-06-24', 0.00, 0, 0, '0', 0, 0, '2022-02-24 14:21:48'),
	(141, 16, 0, 7.50, 8, '2021-06-24', 0.00, 0, 0, '0', 0, 0, '2022-02-24 14:21:48'),
	(142, 16, 3, 0.00, 8, '2021-06-24', 0.00, 0, 0, '0', 0, 0, '2022-02-24 14:21:48'),
	(144, 16, 4, 0.01, 1, '2021-06-24', 0.00, 0, 0, '0', 0, 0, '2022-02-24 14:21:48'),
	(146, 16, 2, 0.10, 8, '2021-06-24', 0.04, 0, 0, '0', 0, 0, '2022-02-24 14:21:48'),
	(154, 14, 33, 0.37, 50, '2021-06-24', 0.00, 0, 0, '0', 0, 0, '2022-02-24 14:21:48'),
	(157, 33, 1, 5.24, 5, '2021-07-19', 0.00, 0, 0, '0', 0, 0, '2022-02-24 14:21:48'),
	(158, 17, 4, 0.78, 2, '2021-06-24', 0.00, 0, 0, '0', 0, 0, '2022-02-24 14:21:48'),
	(159, 23, 856, 174.00, 1, '2021-06-29', 0.00, 0, 0, '0', 0, 0, '2022-02-24 14:21:48'),
	(160, 18, 1, 3.93, 1, '2021-06-25', 1.31, 0, 0, '0', 0, 0, '2022-02-24 14:21:48'),
	(163, 18, 6, 14.61, 1, '2021-06-25', 4.87, 0, 0, '0', 0, 0, '2022-02-24 14:21:48'),
	(175, 40, 2, 0.00, 0, '2021-08-27', 0.00, 0, 0, '0', 0, 0, '2022-02-24 14:21:48'),
	(176, 40, 1, 0.00, 0, '2021-08-27', 0.00, 0, 0, '0', 0, 0, '2022-02-24 14:21:48'),
	(180, 41, 2, 0.00, 0, '2021-09-27', 0.00, 0, 0, '0', 0, 0, '2022-02-24 14:21:48'),
	(181, 41, 3, 0.00, 0, '2021-09-27', 0.00, 0, 0, '0', 0, 0, '2022-02-24 14:21:48'),
	(182, 41, 5, 0.00, 0, '2021-09-27', 0.00, 0, 0, '0', 0, 0, '2022-02-24 14:21:48'),
	(183, 41, 856, 0.00, 0, '2021-09-27', 0.00, 0, 0, '0', 0, 0, '2022-02-24 14:21:48'),
	(184, 41, 406, 0.00, 0, '2021-09-27', 0.00, 0, 0, '0', 0, 0, '2022-02-24 14:21:48'),
	(191, 43, 232, 0.72, 1, '2021-10-28', 0.00, 0, 0, '0', 0, 0, '2022-02-24 14:21:48'),
	(192, 43, 590, 18.00, 1, '2021-10-28', 0.00, 0, 0, '0', 0, 0, '2022-02-24 14:21:48'),
	(193, 43, 333, 12.00, 1, '2021-10-28', 0.00, 0, 0, '0', 0, 0, '2022-02-24 14:21:48'),
	(194, 43, 222, 0.22, 12, '2021-10-28', 0.00, 0, 0, '0', 0, 0, '2022-02-24 14:21:48'),
	(195, 43, 357, 0.27, 5, '2021-10-28', 0.00, 0, 0, '0', 0, 0, '2022-02-24 14:21:48'),
	(196, 43, 28, 6.84, 1, '2021-10-28', 0.00, 0, 0, '0', 0, 0, '2022-02-24 14:21:48'),
	(198, 44, 4, 0.78, 1, '2021-10-29', 0.00, 0, 0, '0', 0, 0, '2022-02-24 14:21:48'),
	(200, 44, 6, 19.48, 1, '2021-10-29', 0.00, 0, 0, '0', 0, 0, '2022-02-24 14:21:48'),
	(215, 46, 1, 5.24, 10, '2021-11-10', 0.00, 0, 0, '0', 0, 0, '2022-02-24 14:21:48'),
	(216, 47, 856, 35.00, 1, '2021-11-13', 0.00, 0, 0, '0', 0, 0, '2022-02-24 14:21:48'),
	(217, 48, 856, 35.00, 1, '2021-11-13', 0.00, 0, 0, '0', 0, 0, '2022-02-24 14:21:48'),
	(221, 49, 856, 150.00, 1, '2021-12-06', 0.00, 0, 0, '0', 0, 0, '2022-02-24 14:21:48'),
	(222, 50, 819, 199.00, 1, '2021-12-06', 0.00, 0, 0, '0', 0, 0, '2022-02-24 14:21:48'),
	(223, 45, 856, 50.00, 1, '2021-11-06', 0.00, 0, 0, '0', 0, 0, '2022-02-24 14:21:48'),
	(224, 45, 819, 23.00, 1, '2021-11-06', 0.00, 0, 0, '0', 0, 0, '2022-02-24 14:21:48'),
	(227, 51, 850, 25.00, 1, '2022-01-06', 0.00, 0, 0, '0', 0, 0, '2022-02-24 14:21:48'),
	(228, 52, 732, 20.00, 1, '2022-01-06', 0.00, 0, 0, '0', 0, 0, '2022-02-24 14:21:48'),
	(229, 53, 742, 15.00, 1, '2022-01-06', 0.00, 0, 0, '0', 0, 0, '2022-02-24 14:21:48'),
	(230, 54, 732, 20.00, 1, '2022-01-06', 0.00, 0, 0, '0', 0, 0, '2022-02-24 14:21:48'),
	(231, 55, 854, 0.00, 0, '2022-01-06', 0.00, 0, 0, '0', 0, 0, '2022-02-24 14:21:48'),
	(232, 55, 1, 0.00, 0, '2022-01-06', 0.00, 0, 0, '0', 0, 0, '2022-02-24 14:21:48'),
	(234, 56, 1, 5.24, 5, '2022-01-07', 0.00, 0, 0, '0', 0, 0, '2022-02-24 14:21:48'),
	(235, 56, 18, 4.80, 5, '2022-01-07', 0.00, 0, 0, '0', 0, 0, '2022-02-24 14:21:48'),
	(237, 56, 10, 12.84, 1, '2022-01-07', 0.00, 0, 0, '0', 0, 0, '2022-02-24 14:21:48'),
	(240, 57, 856, 37.50, 1, '2022-01-07', 12.50, 0, 0, '0', 0, 0, '2022-02-24 14:21:48'),
	(251, 59, 18, 4.80, 4, '2022-01-11', 0.00, 0, 0, '0', 0, 0, '2022-02-24 14:21:48'),
	(252, 59, 887, 7.50, 1, '2022-01-11', 0.00, 0, 0, '0', 0, 0, '2022-02-24 14:21:48'),
	(253, 59, 883, 8.00, 1, '2022-01-11', 0.00, 0, 0, '0', 0, 0, '2022-02-24 14:21:48'),
	(254, 59, 881, 7.00, 1, '2022-01-11', 0.00, 0, 0, '0', 0, 0, '2022-02-24 14:21:48'),
	(255, 59, 732, 20.00, 1, '2022-01-11', 0.00, 0, 0, '0', 0, 0, '2022-02-24 14:21:48'),
	(256, 59, 742, 15.00, 1, '2022-01-11', 0.00, 0, 0, '0', 0, 0, '2022-02-24 14:21:48'),
	(257, 59, 740, 23.43, 1, '2022-01-11', 0.00, 0, 0, '0', 0, 0, '2022-02-24 14:21:48'),
	(258, 59, 851, 65.00, 1, '2022-01-11', 0.00, 0, 0, '0', 0, 0, '2022-02-24 14:21:48'),
	(259, 59, 558, 15.00, 1, '2022-01-11', 0.00, 0, 0, '0', 0, 0, '2022-02-24 14:21:48'),
	(260, 59, 546, 30.00, 1, '2022-01-11', 0.00, 0, 0, '0', 0, 0, '2022-02-24 14:21:48'),
	(261, 59, 559, 30.00, 1, '2022-01-11', 0.00, 0, 0, '0', 0, 0, '2022-02-24 14:21:48'),
	(262, 59, 566, 10.00, 1, '2022-01-11', 0.00, 0, 0, '0', 0, 0, '2022-02-24 14:21:48'),
	(263, 59, 327, 1.00, 1, '2022-01-11', 0.00, 0, 0, '0', 0, 0, '2022-02-24 14:21:48'),
	(264, 59, 1, 5.24, 5, '2022-01-11', 0.00, 0, 0, '0', 0, 0, '2022-02-24 14:21:48'),
	(266, 59, 856, 50.00, 1, '2022-01-11', 0.00, 0, 0, '0', 0, 0, '2022-02-24 14:21:48'),
	(267, 58, 856, 25.00, 1, '2022-01-11', 0.00, 0, 0, '0', 0, 0, '2022-02-24 14:21:48'),
	(268, 60, 2, 7.50, 1, '2022-01-11', 0.00, 0, 0, '0', 0, 0, '2022-02-24 14:21:48'),
	(269, 60, 253, 303.96, 1, '2022-01-11', 0.00, 0, 0, '0', 0, 0, '2022-02-24 14:21:48'),
	(270, 60, 558, 15.00, 1, '2022-01-11', 0.00, 0, 0, '0', 0, 0, '2022-02-24 14:21:48'),
	(271, 60, 546, 30.00, 1, '2022-01-11', 0.00, 0, 0, '0', 0, 0, '2022-02-24 14:21:48'),
	(272, 60, 559, 30.00, 1, '2022-01-11', 0.00, 0, 0, '0', 0, 0, '2022-02-24 14:21:48'),
	(273, 60, 657, 4.00, 1, '2022-01-11', 0.00, 0, 0, '0', 0, 0, '2022-02-24 14:21:48'),
	(274, 60, 398, 5.00, 1, '2022-01-11', 0.00, 0, 0, '0', 0, 0, '2022-02-24 14:21:48'),
	(275, 60, 269, 2.10, 1, '2022-01-11', 0.00, 0, 0, '0', 0, 0, '2022-02-24 14:21:48'),
	(276, 60, 271, 2.10, 1, '2022-01-11', 0.00, 0, 0, '0', 0, 0, '2022-02-24 14:21:48'),
	(277, 60, 418, 10.00, 1, '2022-01-11', 0.00, 0, 0, '0', 0, 0, '2022-02-24 14:21:48'),
	(278, 60, 283, 0.70, 1, '2022-01-11', 0.00, 0, 0, '0', 0, 0, '2022-02-24 14:21:48'),
	(279, 61, 269, 2.10, 1, '2022-01-11', 0.00, 0, 0, '0', 0, 0, '2022-02-24 14:21:48'),
	(280, 61, 430, 4.60, 1, '2022-01-11', 0.00, 0, 0, '0', 0, 0, '2022-02-24 14:21:48'),
	(281, 61, 262, 5.50, 1, '2022-01-11', 0.00, 0, 0, '0', 0, 0, '2022-02-24 14:21:48'),
	(282, 61, 85, 2.25, 2, '2022-01-11', 0.00, 0, 0, '0', 0, 0, '2022-02-24 14:21:48'),
	(283, 61, 454, 1.75, 1, '2022-01-11', 0.00, 0, 0, '0', 0, 0, '2022-02-24 14:21:48'),
	(284, 61, 471, 1.05, 1, '2022-01-11', 0.00, 0, 0, '0', 0, 0, '2022-02-24 14:21:48'),
	(285, 61, 514, 0.15, 3, '2022-01-11', 0.00, 0, 0, '0', 0, 0, '2022-02-24 14:21:48'),
	(286, 61, 552, 2.50, 7, '2022-01-11', 0.00, 0, 0, '0', 0, 0, '2022-02-24 14:21:48'),
	(287, 61, 547, 5.00, 1, '2022-01-11', 0.00, 0, 0, '0', 0, 0, '2022-02-24 14:21:48'),
	(288, 61, 579, 5.00, 1, '2022-01-11', 0.00, 0, 0, '0', 0, 0, '2022-02-24 14:21:48'),
	(289, 61, 478, 2.10, 1, '2022-01-11', 0.00, 0, 0, '0', 0, 0, '2022-02-24 14:21:48'),
	(291, 62, 819, 35.00, 1, '2022-01-10', 0.00, 0, 0, '0', 0, 0, '2022-02-24 14:21:48'),
	(292, 62, 856, 19.00, 1, '2022-01-10', 0.00, 0, 0, '0', 0, 0, '2022-02-24 14:21:48'),
	(293, 62, 547, 5.00, 1, '2022-01-10', 0.00, 0, 0, '0', 0, 0, '2022-02-24 14:21:48'),
	(294, 62, 271, 2.10, 1, '2022-01-10', 0.00, 0, 0, '0', 0, 0, '2022-02-24 14:21:48'),
	(295, 62, 100, 2.00, 1, '2022-01-10', 0.00, 0, 0, '0', 0, 0, '2022-02-24 14:21:48'),
	(296, 62, 328, 5.45, 1, '2022-01-10', 0.00, 0, 0, '0', 0, 0, '2022-02-24 14:21:48'),
	(297, 62, 454, 1.75, 2, '2022-01-10', 0.00, 0, 0, '0', 0, 0, '2022-02-24 14:21:48'),
	(298, 62, 13, 1.25, 4, '2022-01-10', 0.00, 0, 0, '0', 0, 0, '2022-02-24 14:21:48'),
	(299, 62, 514, 0.15, 3, '2022-01-10', 0.00, 0, 0, '0', 0, 0, '2022-02-24 14:21:48'),
	(301, 66, 854, 23.00, 1, '2022-01-12', 0.00, 0, 0, '0', 0, 0, '2022-02-24 14:21:48'),
	(302, 65, 856, 25.00, 1, '2022-01-11', 0.00, 0, 0, '0', 0, 0, '2022-02-24 14:21:48'),
	(303, 68, 856, 15.00, 1, '2022-01-13', 0.00, 0, 0, '0', 0, 0, '2022-02-24 14:21:48'),
	(304, 76, 850, 25.00, 1, '2022-01-15', 0.00, 0, 0, '0', 0, 0, '2022-02-24 14:21:48'),
	(306, 78, 854, 23.00, 1, '2022-01-24', 0.00, 0, 0, '0', 0, 0, '2022-02-24 14:21:48'),
	(307, 79, 270, 2.10, 1, '2022-01-24', 0.00, 0, 0, '0', 0, 0, '2022-02-24 14:21:48'),
	(308, 79, 411, 1.15, 1, '2022-01-24', 0.00, 0, 0, '0', 0, 0, '2022-02-24 14:21:48'),
	(309, 79, 430, 4.60, 1, '2022-01-24', 0.00, 0, 0, '0', 0, 0, '2022-02-24 14:21:48'),
	(310, 79, 454, 1.75, 1, '2022-01-24', 0.00, 0, 0, '0', 0, 0, '2022-02-24 14:21:48'),
	(311, 79, 372, 11.30, 1, '2022-01-24', 0.00, 0, 0, '0', 0, 0, '2022-02-24 14:21:48'),
	(312, 79, 353, 1.75, 1, '2022-01-24', 0.00, 0, 0, '0', 0, 0, '2022-02-24 14:21:48'),
	(313, 79, 250, 2.25, 1, '2022-01-24', 0.00, 0, 0, '0', 0, 0, '2022-02-24 14:21:48'),
	(314, 79, 339, 3.46, 1, '2022-01-24', 0.00, 0, 0, '0', 0, 0, '2022-02-24 14:21:48'),
	(315, 79, 558, 15.00, 1, '2022-01-24', 0.00, 0, 0, '0', 0, 0, '2022-02-24 14:21:48'),
	(316, 79, 559, 30.00, 1, '2022-01-24', 0.00, 0, 0, '0', 0, 0, '2022-02-24 14:21:48'),
	(317, 79, 546, 30.00, 1, '2022-01-24', 0.00, 0, 0, '0', 0, 0, '2022-02-24 14:21:48'),
	(318, 79, 566, 10.00, 1, '2022-01-24', 0.00, 0, 0, '0', 0, 0, '2022-02-24 14:21:48'),
	(319, 79, 571, 1.50, 2, '2022-01-24', 0.00, 0, 0, '0', 0, 0, '2022-02-24 14:21:48'),
	(320, 79, 534, 1.50, 2, '2022-01-24', 0.00, 0, 0, '0', 0, 0, '2022-02-24 14:21:48'),
	(321, 80, 443, 2.00, 2, '2022-02-01', 0.00, 0, 0, '0', 0, 0, '2022-02-24 14:21:48'),
	(322, 80, 454, 1.75, 2, '2022-02-01', 0.00, 0, 0, '0', 0, 0, '2022-02-24 14:21:48'),
	(323, 77, 850, 25.00, 1, '2022-01-15', 0.00, 0, 0, '0', 0, 0, '2022-02-24 14:21:48'),
	(324, 81, 291, 1.15, 1, '2022-02-01', 0.00, 0, 0, '0', 0, 0, '2022-02-24 14:21:48'),
	(325, 81, 443, 2.00, 1, '2022-02-01', 0.00, 0, 0, '0', 0, 0, '2022-02-24 14:21:48'),
	(327, 81, 596, 4.00, 1, '2022-02-01', 0.00, 0, 0, '0', 0, 0, '2022-02-24 14:21:48'),
	(328, 82, 3, 0.10, 2, '2022-02-01', 0.00, 0, 0, '0', 0, 0, '2022-02-24 14:21:48'),
	(329, 82, 291, 1.15, 2, '2022-02-01', 0.00, 0, 0, '0', 0, 0, '2022-02-24 14:21:48'),
	(330, 82, 514, 0.15, 1, '2022-02-01', 0.00, 0, 0, '0', 0, 0, '2022-02-24 14:21:48'),
	(331, 82, 443, 2.00, 1, '2022-02-01', 0.00, 0, 0, '0', 0, 0, '2022-02-24 14:21:48'),
	(332, 83, 1, 5.24, 1, '2022-02-01', 0.00, 0, 0, '0', 0, 0, '2022-02-24 14:21:48'),
	(333, 83, 5, 0.53, 1, '2022-02-01', 0.00, 0, 0, '0', 0, 0, '2022-02-24 14:21:48'),
	(334, 83, 3, 0.10, 1, '2022-02-01', 0.00, 0, 0, '0', 0, 0, '2022-02-24 14:21:48'),
	(335, 83, 4, 0.78, 0, '2022-02-01', 0.00, 0, 0, '0', 0, 0, '2022-02-24 14:21:48'),
	(336, 83, 290, 1.15, 0, '2022-02-01', 0.00, 0, 0, '0', 0, 0, '2022-02-24 14:21:48'),
	(337, 83, 267, 11.50, 1, '2022-02-01', 0.00, 0, 0, '0', 0, 0, '2022-02-24 14:21:48'),
	(338, 83, 138, 1.95, 1, '2022-02-01', 0.00, 0, 0, '0', 0, 0, '2022-02-24 14:21:48'),
	(339, 84, 2, 7.50, 1, '2022-02-01', 0.00, 0, 0, '0', 0, 0, '2022-02-24 14:21:48'),
	(340, 84, 454, 1.75, 1, '2022-02-01', 0.00, 0, 0, '0', 0, 0, '2022-02-24 14:21:48'),
	(341, 85, 7, 0.18, 1, '2022-02-01', 0.00, 0, 0, '0', 0, 0, '2022-02-24 14:21:48'),
	(342, 85, 89, 2.12, 1, '2022-02-01', 0.00, 0, 0, '0', 0, 0, '2022-02-24 14:21:48'),
	(343, 85, 268, 2.10, 0, '2022-02-01', 0.00, 0, 0, '0', 0, 0, '2022-02-24 14:21:48'),
	(344, 85, 420, 80.00, 1, '2022-02-01', 0.00, 0, 0, '0', 0, 0, '2022-02-24 14:21:48'),
	(345, 86, 1, 5.24, 1, '2022-02-01', 0.00, 0, 0, '0', 0, 0, '2022-02-24 14:21:48'),
	(346, 86, 3, 0.10, 0, '2022-02-01', 0.00, 0, 0, '0', 0, 0, '2022-02-24 14:21:48'),
	(347, 86, 13, 1.25, 1, '2022-02-01', 0.00, 0, 0, '0', 0, 0, '2022-02-24 14:21:48'),
	(348, 86, 291, 1.15, 1, '2022-02-01', 0.00, 0, 0, '0', 0, 0, '2022-02-24 14:21:48'),
	(349, 85, 269, 2.10, 1, '2022-02-01', 0.00, 0, 0, '0', 0, 0, '2022-02-24 14:21:48'),
	(350, 88, 454, 1.75, 1, '2022-02-01', 0.00, 0, 0, '0', 0, 0, '2022-02-24 14:21:48'),
	(351, 88, 89, 2.12, 0, '2022-02-01', 0.00, 0, 0, '0', 0, 0, '2022-02-24 14:21:48'),
	(352, 88, 698, 5.00, 1, '2022-02-01', 0.00, 0, 0, '0', 0, 0, '2022-02-24 14:21:48'),
	(355, 89, 850, 25.00, 1, '2022-02-12', 0.00, 0, 0, '0', 0, 0, '2022-02-24 14:21:48'),
	(356, 90, 819, 50.00, 1, '2022-02-12', 0.00, 0, 0, '0', 0, 0, '2022-02-24 14:21:48'),
	(382, 103, 1, 5.24, 1, '2022-02-16', 0.00, 0, 0, '0', 0, 0, '2022-02-24 14:21:48'),
	(383, 103, 2, 7.50, 1, '2022-02-16', 0.00, 0, 0, '0', 0, 0, '2022-02-24 14:21:48'),
	(384, 104, 1, 5.24, 1, '2022-02-16', 0.00, 0, 0, '0', 0, 0, '2022-02-24 14:21:48'),
	(385, 104, 2, 7.50, 1, '2022-02-16', 0.00, 0, 0, '0', 0, 0, '2022-02-24 14:21:48'),
	(386, 105, 1, 5.24, 1, '2022-02-17', 0.00, 0, 0, '0', 0, 0, '2022-02-24 14:21:48'),
	(387, 105, 2, 7.50, 1, '2022-02-17', 0.00, 0, 0, '0', 0, 0, '2022-02-24 14:21:48'),
	(388, 106, 1, 5.24, 1, '2022-02-17', 0.00, 0, 0, '0', 0, 0, '2022-02-24 14:21:48'),
	(389, 106, 2, 7.50, 1, '2022-02-17', 0.00, 0, 0, '0', 0, 0, '2022-02-24 14:21:48'),
	(390, 107, 1, 4.19, 1, '2022-02-18', 1.05, 0, 0, '0', 0, 0, '2022-02-24 14:21:48'),
	(391, 107, 2, 6.00, 1, '2022-02-18', 1.50, 0, 0, '0', 0, 0, '2022-02-24 14:21:48'),
	(392, 108, 1, 3.93, 1, '2022-02-18', 1.31, 0, 0, '0', 0, 0, '2022-02-24 14:21:48'),
	(393, 108, 2, 5.63, 1, '2022-02-18', 1.88, 0, 0, '0', 0, 0, '2022-02-24 14:21:48'),
	(394, 109, 1, 5.24, 1, '2022-02-18', 0.00, 0, 0, '0', 0, 0, '2022-02-24 14:21:48'),
	(395, 109, 2, 7.50, 1, '2022-02-18', 0.00, 0, 0, '0', 0, 0, '2022-02-24 14:21:48'),
	(396, 110, 1, 5.24, 1, '2022-02-18', 0.00, 0, 0, '0', 0, 0, '2022-02-24 14:21:48'),
	(397, 110, 2, 7.50, 1, '2022-02-18', 0.00, 0, 0, '0', 0, 0, '2022-02-24 14:21:48'),
	(398, 108, 1, 3.93, 1, '2022-02-18', 1.31, 0, 0, '0', 0, 0, '2022-02-24 14:27:42'),
	(399, 111, 1, 4.19, 1, '2022-02-28', 1.05, 0, 0, '0', 0, 0, '2022-04-04 14:20:35'),
	(400, 111, 884, 6.40, 1, '2022-02-28', 1.60, 0, 0, '0', 0, 0, '2022-04-04 14:20:37'),
	(401, 111, 45, 0.21, 1, '2022-02-28', 0.05, 0, 0, '0', 0, 0, '2022-04-04 14:20:47'),
	(402, 111, 48, 3.45, 1, '2022-02-28', 0.86, 0, 0, '0', 0, 0, '2022-04-04 14:20:47'),
	(403, 111, 42, 17.29, 1, '2022-02-28', 4.32, 0, 0, '0', 0, 0, '2022-04-04 14:20:49'),
	(404, 111, 957, 15.96, 1, '2022-02-28', 3.99, 0, 0, '0', 0, 0, '2022-04-05 16:05:49'),
	(405, 111, 958, 7.99, 1, '2022-02-28', 2.00, 0, 0, '0', 0, 0, '2022-04-05 16:05:50'),
	(406, 111, 712, 8.00, 1, '2022-02-28', 2.00, 0, 0, '0', 0, 0, '2022-04-05 16:05:59'),
	(407, 111, 672, 3.60, 1, '2022-02-28', 0.90, 0, 0, '0', 0, 0, '2022-04-05 16:06:00'),
	(408, 111, 731, 16.00, 1, '2022-02-28', 4.00, 0, 0, '0', 0, 0, '2022-04-05 16:06:06'),
	(409, 111, 733, 23.20, 1, '2022-02-28', 5.80, 0, 0, '0', 0, 0, '2022-04-05 16:06:06'),
	(416, 57, 2, 5.63, 1, '2022-01-07', 1.88, 0, 0, '0', 0, 0, '2022-04-12 14:12:36'),
	(417, 57, 5, 0.40, 1, '2022-01-07', 0.13, 0, 0, '0', 0, 0, '2022-04-12 14:12:36'),
	(418, 57, 8, 0.14, 1, '2022-01-07', 0.05, 0, 0, '0', 0, 0, '2022-04-12 14:12:37'),
	(419, 57, 10, 9.63, 1, '2022-01-07', 3.21, 0, 0, '0', 0, 0, '2022-04-12 14:12:38'),
	(420, 57, 856, 37.50, 1, '2022-01-07', 12.50, 0, 0, '0', 0, 0, '2022-04-12 14:12:54'),
	(421, 57, 819, 18.75, 1, '2022-01-07', 6.25, 0, 0, '0', 0, 0, '2022-04-12 14:12:56'),
	(422, 57, 114, 1.13, 2, '2022-01-07', 0.38, 0, 0, '0', 0, 0, '2022-04-12 14:13:04'),
	(423, 57, 220, 0.29, 10, '2022-01-07', 0.10, 0, 0, '0', 0, 0, '2022-04-12 14:13:07'),
	(424, 106, 280, 25.99, 2, '2022-02-17', 0.00, 0, 0, '0', 0, 0, '2022-04-26 16:40:56'),
	(428, 112, 856, 25.00, 1, '2022-04-11', 0.00, 1, 0, '0', 0, 0, '2022-05-09 15:47:59'),
	(429, 113, 1, 4.19, 2, '2022-05-16', 1.05, 1, 0, '0', 0, 0, '2022-05-16 20:09:38'),
	(430, 113, 50, 0.40, 5, '2022-05-16', 0.10, 1, 0, '0', 0, 0, '2022-05-16 20:10:43'),
	(431, 113, 2, 6.00, 5, '2022-05-16', 1.50, 1, 0, '0', 0, 0, '2022-05-16 20:11:14'),
	(432, 113, 682, 1.50, 1, '2022-05-16', 0.00, 1, 0, '0', 0, 0, '2022-07-25 21:59:25'),
	(433, 113, 732, 20.00, 1, '2022-05-16', 0.00, 1, 0, '0', 0, 0, '2022-07-25 21:59:47'),
	(434, 113, 850, 25.00, 1, '2022-05-16', 0.00, 1, 0, '0', 0, 0, '2022-07-25 21:59:51'),
	(435, 113, 853, 38.00, 1, '2022-05-16', 0.00, 1, 0, '0', 0, 0, '2022-07-25 21:59:52'),
	(441, 103, 888, 0.72, 1, '2022-02-16', 0.00, 1, 0, '0', 0, 0, '2022-08-09 22:09:47'),
	(450, 104, 764, 150.00, 1, '2022-02-16', 0.00, 1, 0, '0', 0, 0, '2022-08-10 21:15:08'),
	(451, 74, 856, 150.00, 1, '2022-01-14', 0.00, 1, 0, '0', 0, 0, '2023-01-09 18:02:25'),
	(453, 117, 6, 19.31, 1, '2023-01-14', 0.17, 1, 0, '0', 0, 0, '2023-01-14 17:49:23'),
	(454, 117, 1, 5.19, 1, '2023-01-14', 0.05, 1, 0, '0', 0, 0, '2023-03-10 15:40:49'),
	(457, 116, 2, 6.00, 1, '2022-08-27', 1.50, 1, 0, '0', 0, 0, '2023-03-11 15:02:22'),
	(458, 116, 3, 0.08, 1, '2022-08-27', 0.02, 1, 0, '0', 0, 0, '2023-03-11 15:02:23'),
	(459, 116, 4, 0.62, 1, '2022-08-27', 0.16, 1, 0, '0', 0, 0, '2023-03-11 15:02:24'),
	(464, 122, 1, 5.24, 1, '2023-06-07', 0.00, 1, 0, '0', 0, 0, '2023-06-21 16:01:43'),
	(465, 123, 1, 6.29, 2, '2023-06-22', 0.00, 1, 0, '0', 0, 0, '2023-06-22 15:40:09'),
	(466, 123, 2, 9.00, 2, '2023-06-22', 0.00, 1, 0, '0', 0, 0, '2023-06-22 15:40:12'),
	(467, 123, 3, 0.12, 2, '2023-06-22', 0.00, 1, 0, '0', 0, 0, '2023-06-22 15:40:14'),
	(468, 123, 4, 0.94, 2, '2023-06-22', 0.00, 1, 0, '0', 0, 0, '2023-06-22 15:40:15'),
	(469, 123, 5, 0.64, 2, '2023-06-22', 0.00, 1, 0, '0', 0, 0, '2023-06-22 15:40:17'),
	(470, 124, 1, 3.97, 2, '2023-06-22', 0.99, 1, 0, '0', 0, 0, '2023-06-22 15:40:42'),
	(471, 124, 2, 5.69, 2, '2023-06-22', 1.42, 1, 0, '0', 0, 0, '2023-06-22 15:40:43'),
	(472, 124, 3, 0.08, 2, '2023-06-22', 0.02, 1, 0, '0', 0, 0, '2023-06-22 15:40:44'),
	(473, 124, 4, 0.58, 2, '2023-06-22', 0.14, 1, 0, '0', 0, 0, '2023-06-22 15:40:45'),
	(474, 124, 5, 0.42, 2, '2023-06-22', 0.11, 1, 0, '0', 0, 0, '2023-06-22 15:40:46'),
	(475, 126, 2, 7.50, 1, '2023-06-27', 0.00, 0, 0, '0', 0, 0, '2023-06-27 15:39:03'),
	(476, 126, 3, 0.10, 1, '2023-06-27', 0.00, 0, 0, '0', 0, 0, '2023-06-27 15:39:03'),
	(477, 126, 5, 0.53, 1, '2023-06-27', 0.00, 0, 0, '0', 0, 0, '2023-06-27 15:39:03'),
	(478, 126, 856, 80.00, 1, '2023-06-27', 0.00, 0, 0, '0', 0, 0, '2023-06-27 15:39:03'),
	(479, 126, 406, 10.00, 2, '2023-06-27', 0.00, 0, 0, '0', 0, 0, '2023-06-27 15:39:03'),
	(480, 126, 3, 0.10, 1, '2023-06-27', 0.00, 0, 0, '0', 0, 0, '2023-06-27 15:39:03'),
	(481, 127, 2, 7.50, 1, '2023-06-27', 0.00, 0, 0, '0', 0, 0, '2023-06-27 15:46:28'),
	(482, 127, 3, 0.10, 1, '2023-06-27', 0.00, 0, 0, '0', 0, 0, '2023-06-27 15:46:28'),
	(483, 127, 5, 0.53, 1, '2023-06-27', 0.00, 0, 0, '0', 0, 0, '2023-06-27 15:46:28'),
	(484, 127, 856, 80.00, 1, '2023-06-27', 0.00, 0, 0, '0', 0, 0, '2023-06-27 15:46:29'),
	(485, 127, 406, 10.00, 2, '2023-06-27', 0.00, 0, 0, '0', 0, 0, '2023-06-27 15:46:29'),
	(486, 127, 3, 0.10, 1, '2023-06-27', 0.00, 0, 0, '0', 0, 0, '2023-06-27 15:46:29'),
	(503, 134, 1, 0.00, 0, '2023-07-25', 0.00, 1, 1, 'Medicamento equicado', 0, 0, '2023-07-25 14:13:45'),
	(504, 134, 2, 7.50, 1, '2023-07-25', 0.00, 1, 0, '', 0, 0, '2023-07-25 14:13:46'),
	(505, 134, 3, 0.10, 1, '2023-07-25', 0.00, 1, 0, '', 0, 0, '2023-07-25 14:13:46'),
	(506, 134, 4, 0.78, 1, '2023-07-25', 0.00, 1, 0, '', 0, 0, '2023-07-25 14:13:46'),
	(507, 134, 5, 0.00, 0, '2023-07-25', 0.00, 1, 1, 'Equivocado', 0, 0, '2023-07-25 14:13:46'),
	(508, 134, 6, 0.00, 0, '2023-07-25', 0.00, 1, 1, 'Equivocado', 0, 0, '2023-07-25 14:13:47'),
	(509, 133, 1, 5.24, 2, '2023-07-10', 0.00, 1, 0, '', 0, 0, '2023-07-25 21:44:55'),
	(510, 133, 2, 7.50, 1, '2023-07-10', 0.00, 1, 0, '', 0, 0, '2023-07-25 21:45:05'),
	(511, 133, 3, 0.10, 1, '2023-07-10', 0.00, 1, 0, '', 0, 0, '2023-07-25 21:45:13'),
	(512, 133, 1, 0.00, 0, '2023-07-10', 0.00, 1, 1, 'Medicamento repetido', 0, 0, '2023-07-25 21:45:59'),
	(513, 135, 856, 50.00, 1, '2023-07-25', 0.00, 1, 0, '', 0, 0, '2023-07-25 21:57:02'),
	(514, 136, 1, 5.24, 2, '2023-09-01', 0.00, 1, 0, '', 0, 0, '2023-09-01 14:08:27'),
	(515, 136, 10, 12.84, 1, '2023-09-01', 0.00, 1, 0, '', 0, 0, '2023-09-01 14:08:39'),
	(516, 136, 8, 0.18, 7, '2023-09-01', 0.00, 1, 0, '', 0, 0, '2023-09-01 14:10:02'),
	(517, 130, 856, 500.00, 1, '2023-06-29', 0.00, 1, 0, '', 0, 0, '2023-09-05 20:26:15'),
	(518, 137, 856, 250.00, 1, '2023-09-14', 0.00, 1, 0, '', 0, 0, '2023-09-14 14:03:13'),
	(519, 132, 856, 0.00, 0, '2023-07-10', 0.00, 0, 1, 'Cuenta repetida', 0, 0, '2023-09-21 19:59:16'),
	(520, 138, 856, 50.00, 1, '2023-09-20', 0.00, 1, 0, '', 0, 0, '2023-09-21 20:08:36'),
	(521, 138, 819, 25.00, 1, '2023-09-20', 0.00, 1, 0, '', 0, 0, '2023-09-21 20:08:46'),
	(525, 142, 404, 0.30, 1, '2023-10-09', 0.00, 12, 0, '', 2, 0, '2023-10-09 21:51:25'),
	(526, 142, 402, 0.30, 3, '2023-10-09', 0.00, 12, 0, '', 2, 0, '2023-10-09 21:51:25'),
	(527, 142, 403, 0.30, 4, '2023-10-09', 0.00, 12, 0, '', 2, 0, '2023-10-09 21:51:25'),
	(528, 142, 1, 5.24, 2, '2023-10-03', 0.00, 1, 0, '', 0, 0, '2023-10-10 14:57:57'),
	(529, 142, 403, 0.30, 5, '2023-10-03', 0.00, 1, 0, '', 0, 0, '2023-10-10 14:59:02'),
	(530, 144, 402, 0.30, 3, '2023-10-10', 0.00, 1, 0, '', 2, 0, '2023-10-10 18:00:26'),
	(531, 144, 403, 0.30, 4, '2023-10-10', 0.00, 1, 0, '', 2, 0, '2023-10-10 18:00:26'),
	(532, 144, 404, 0.30, 1, '2023-10-10', 0.00, 1, 0, '', 2, 0, '2023-10-10 18:00:26'),
	(533, 144, 402, 0.30, 1, '2023-10-10', 0.00, 1, 0, '', 0, 0, '2023-10-10 18:01:06'),
	(534, 142, 404, 0.30, 1, '2023-10-10', 0.00, 12, 0, '', 2, 0, '2023-10-10 20:21:05'),
	(535, 142, 402, 0.30, 3, '2023-10-10', 0.00, 12, 0, '', 2, 0, '2023-10-10 20:21:05'),
	(536, 142, 403, 0.30, 8, '2023-10-10', 0.00, 12, 0, '', 2, 0, '2023-10-10 20:21:05'),
	(537, 145, 403, 0.30, 3, '2023-10-11', 0.00, 12, 0, '', 2, 0, '2023-10-11 20:34:39'),
	(538, 145, 404, 0.30, 4, '2023-10-11', 0.00, 12, 0, '', 2, 0, '2023-10-11 20:34:39'),
	(539, 146, 856, 350.00, 1, '2023-10-12', 0.00, 1, 0, '', 0, 0, '2023-10-12 15:35:01'),
	(540, 146, 819, 150.00, 1, '2023-10-12', 0.00, 1, 0, '', 0, 0, '2023-10-12 15:35:16'),
	(541, 149, 856, 1200.00, 1, '2023-10-12', 0.00, 1, 0, '', 0, 0, '2023-10-12 16:44:49'),
	(542, 152, 819, 600.00, 1, '2023-10-12', 0.00, 1, 0, '', 0, 0, '2023-10-12 16:45:41'),
	(543, 153, 856, 565.00, 1, '2023-10-13', 0.00, 1, 0, '', 0, 0, '2023-10-13 15:35:46'),
	(544, 154, 856, 250.99, 1, '2023-10-17', 0.00, 1, 0, '', 0, 0, '2023-10-17 17:25:33'),
	(545, 116, 856, 10.00, 1, '2022-08-27', 0.00, 1, 0, '', 0, 0, '2023-10-17 21:13:37'),
	(546, 139, 819, 500.00, 1, '2023-09-20', 0.00, 1, 0, '', 0, 0, '2023-10-17 21:16:09'),
	(547, 143, 765, 500.00, 1, '2023-10-03', 0.00, 1, 0, '', 0, 0, '2023-10-18 17:33:20'),
	(548, 141, 819, 85.00, 1, '2023-09-26', 0.00, 1, 0, '', 0, 0, '2023-10-18 17:38:09'),
	(549, 155, 2, 0.00, 0, '2023-10-19', 0.00, 1, 1, 'Equivocado', 0, 0, '2023-10-19 14:36:09'),
	(550, 155, 1, 0.00, 0, '2023-10-19', 0.00, 1, 1, 'Equivocado', 0, 0, '2023-10-19 14:45:46'),
	(563, 160, 1, 5.24, 1, '2023-10-21', 0.00, 1, 0, '', 0, 0, '2023-10-23 20:02:57'),
	(564, 159, 856, 25.00, 1, '2023-10-19', 0.00, 1, 0, '', 0, 0, '2023-10-24 14:58:30'),
	(565, 158, 819, 150.00, 1, '2023-10-19', 0.00, 1, 0, '', 0, 0, '2023-10-24 15:16:39'),
	(566, 157, 765, 1000.00, 1, '2023-10-19', 0.00, 1, 0, '', 0, 0, '2023-10-24 15:17:42'),
	(567, 161, 856, 1000.00, 1, '2023-10-24', 0.00, 1, 0, '', 0, 0, '2023-10-24 15:19:36'),
	(568, 155, 765, 100.00, 1, '2023-10-19', 0.00, 1, 0, '', 0, 0, '2023-10-25 16:59:33'),
	(569, 156, 856, 500.00, 1, '2023-10-19', 0.00, 1, 0, '', 0, 0, '2023-10-26 14:30:17'),
	(570, 162, 1, 5.24, 1, '2023-10-30', 0.00, 1, 0, '', 0, 0, '2023-10-31 17:01:28'),
	(572, 170, 1, 120.00, 1, '2023-11-28', 0.00, 0, 0, '', 0, 0, '2023-11-28 14:19:51'),
	(573, 170, 2, 0.00, 1, '2023-11-28', 0.00, 0, 0, '', 0, 0, '2023-11-28 14:19:51'),
	(574, 171, 1, 120.00, 1, '2023-11-28', 0.00, 0, 0, '', 0, 0, '2023-11-28 14:21:54'),
	(575, 171, 2, 0.00, 1, '2023-11-28', 0.00, 0, 0, '', 0, 0, '2023-11-28 14:21:54'),
	(576, 172, 1, 120.00, 1, '2023-11-29', 0.00, 0, 0, '', 0, 0, '2023-11-29 17:40:59'),
	(577, 172, 2, 0.00, 1, '2023-11-29', 0.00, 0, 0, '', 0, 0, '2023-11-29 17:40:59'),
	(578, 173, 1, 120.00, 1, '2023-11-29', 0.00, 0, 0, '', 0, 0, '2023-11-29 17:41:17'),
	(579, 173, 2, 0.00, 1, '2023-11-29', 0.00, 0, 0, '', 0, 0, '2023-11-29 17:41:17'),
	(580, 174, 742, 15.00, 1, '2023-12-04', 0.00, 0, 0, '', 0, 0, '2023-12-04 17:08:07'),
	(581, 174, 854, 23.00, 1, '2023-12-04', 0.00, 0, 0, '', 0, 0, '2023-12-04 17:08:07'),
	(582, 175, 3, 0.10, 10, '2023-12-04', 0.00, 1, 0, '', 0, 0, '2023-12-04 17:15:18'),
	(583, 176, 856, 375.00, 1, '2023-12-04', 0.00, 1, 0, '', 0, 0, '2023-12-04 17:41:24'),
	(584, 176, 819, 375.00, 1, '2023-12-04', 0.00, 1, 0, '', 0, 0, '2023-12-04 17:43:04'),
	(585, 169, 360, 0.25, 1, '2023-12-11', 0.00, 1, 0, '', 4, 0, '2023-12-11 17:40:47'),
	(586, 169, 88, 6.00, 1, '2023-12-11', 0.00, 1, 0, '', 4, 0, '2023-12-11 17:44:25'),
	(587, 169, 360, 0.25, 1, '2023-12-11', 0.00, 1, 0, '', 4, 0, '2023-12-11 17:56:33'),
	(588, 169, 360, 0.25, 2, '2023-11-28', 0.00, 1, 0, '', 0, 0, '2023-12-11 18:07:05'),
	(589, 169, 191, 14.39, 1, '2023-12-11', 0.00, 1, 0, '', 1, 0, '2023-12-11 20:07:50'),
	(590, 169, 173, 35.95, 1, '2023-12-11', 0.00, 1, 0, '', 1, 0, '2023-12-11 20:07:51'),
	(591, 169, 88, 6.00, 1, '2023-12-11', 0.00, 1, 0, '', 1, 0, '2023-12-11 20:39:06'),
	(593, 169, 191, 14.39, 1, '2023-11-28', 0.00, 1, 0, '', 0, 0, '2023-12-11 20:56:26'),
	(597, 177, 360, 0.25, 2, '2023-12-12', 0.00, 1, 0, '', 3, 0, '2023-12-12 15:13:04'),
	(598, 177, 360, 0.25, 1, '2023-12-12', 0.00, 1, 0, '', 1, 0, '2023-12-12 15:28:19'),
	(599, 177, 360, 0.25, 1, '2023-12-12', 0.00, 1, 0, '', 2, 0, '2023-12-12 15:28:24'),
	(600, 177, 1, 5.24, 1, '2023-12-12', 0.00, 1, 0, '', 0, 0, '2023-12-12 15:28:42'),
	(601, 122, 88, 7.20, 1, '2023-12-14', 0.00, 1, 0, '', 1, 0, '2023-12-14 17:53:59'),
	(602, 122, 191, 17.27, 3, '2023-12-14', 0.00, 1, 0, '', 1, 0, '2023-12-14 17:54:00'),
	(603, 122, 88, 7.20, 1, '2023-12-14', 0.00, 1, 0, '', 1, 0, '2023-12-14 17:54:38'),
	(604, 122, 360, 0.30, 1, '2023-12-14', 0.00, 1, 0, '', 1, 0, '2023-12-14 18:06:55'),
	(607, 121, 360, 0.25, 3, '2023-12-19', 0.00, 1, 0, '', 1, 0, '2023-12-19 21:00:36'),
	(608, 121, 360, 0.25, 2, '2023-12-19', 0.00, 1, 0, '', 2, 0, '2023-12-19 21:00:43'),
	(609, 121, 360, 0.25, 4, '2023-12-19', 0.00, 1, 0, '', 3, 0, '2023-12-19 21:00:47'),
	(610, 121, 360, 0.25, 10, '2023-06-07', 0.00, 1, 0, '', 0, 0, '2023-12-19 21:02:51'),
	(611, 177, 360, 0.25, 1, '2024-01-02', 0.00, 1, 0, '', 4, 0, '2024-01-02 17:28:50'),
	(612, 177, 191, 14.39, 3, '2024-01-02', 0.00, 1, 0, '', 5, 0, '2024-01-02 17:32:35'),
	(615, 185, 856, 50.00, 1, '2024-02-29', 0.00, 1, 0, '', 0, 0, '2024-02-29 21:40:57'),
	(619, 188, 742, 15.00, 1, '2024-03-19', 0.00, 1, 0, '', 0, 0, '2024-03-19 15:34:07'),
	(620, 188, 740, 24.00, 1, '2024-03-19', 0.00, 1, 0, '', 0, 0, '2024-03-19 15:34:18'),
	(621, 188, 754, 32.00, 1, '2024-03-19', 0.00, 1, 0, '', 0, 0, '2024-03-19 15:35:22'),
	(622, 189, 732, 20.00, 1, '2024-04-01', 0.00, 1, 0, '', 0, 0, '2024-04-01 14:54:22'),
	(623, 190, 732, 20.00, 1, '2024-04-05', 0.00, 1, 0, '', 0, 0, '2024-04-05 20:46:17');

-- Volcando estructura para tabla db_hospital_orellana.tbl_hoja_insumos_eliminados
CREATE TABLE IF NOT EXISTS `tbl_hoja_insumos_eliminados` (
  `idEliminado` int(11) NOT NULL AUTO_INCREMENT,
  `filaEliminada` int(11) NOT NULL,
  `idHoja` int(11) NOT NULL,
  `idInsumo` int(11) NOT NULL,
  `precioInsumo` decimal(9,2) NOT NULL,
  `cantidadInsumo` int(11) NOT NULL,
  `descuentoUnitario` decimal(9,2) NOT NULL DEFAULT 0.00,
  `fechaEliminado` timestamp NOT NULL DEFAULT current_timestamp(),
  PRIMARY KEY (`idEliminado`)
) ENGINE=InnoDB AUTO_INCREMENT=19 DEFAULT CHARSET=utf8 COLLATE=utf8_spanish_ci;

-- Volcando datos para la tabla db_hospital_orellana.tbl_hoja_insumos_eliminados: ~18 rows (aproximadamente)
INSERT INTO `tbl_hoja_insumos_eliminados` (`idEliminado`, `filaEliminada`, `idHoja`, `idInsumo`, `precioInsumo`, `cantidadInsumo`, `descuentoUnitario`, `fechaEliminado`) VALUES
	(1, 551, 155, 1, 5.24, 1, 0.00, '2023-10-19 15:19:21'),
	(2, 552, 155, 2, 7.50, 1, 0.00, '2023-10-19 15:19:42'),
	(3, 553, 155, 3, 0.10, 1, 0.00, '2023-10-19 15:19:46'),
	(4, 554, 155, 4, 0.78, 1, 0.00, '2023-10-19 15:19:48'),
	(5, 555, 155, 1, 5.24, 1, 0.00, '2023-10-19 15:21:39'),
	(6, 556, 155, 1, 5.24, 1, 0.00, '2023-10-19 15:23:10'),
	(7, 557, 155, 1, 5.24, 1, 0.00, '2023-10-19 15:35:30'),
	(8, 558, 155, 2, 7.50, 1, 0.00, '2023-10-19 15:35:33'),
	(9, 559, 155, 3, 0.10, 1, 0.00, '2023-10-19 15:35:35'),
	(10, 560, 155, 4, 0.78, 1, 0.00, '2023-10-19 15:35:37'),
	(11, 561, 160, 1, 5.24, 1, 0.00, '2023-10-21 17:27:39'),
	(12, 562, 160, 1, 5.24, 1, 0.00, '2023-10-21 17:30:00'),
	(13, 596, 177, 88, 6.00, 2, 0.00, '2023-12-12 15:06:05'),
	(14, 614, 185, 2, 7.50, 1, 0.00, '2024-02-29 21:39:14'),
	(15, 613, 185, 1, 5.24, 10, 0.00, '2024-02-29 21:39:21'),
	(16, 616, 188, 732, 20.00, 1, 0.00, '2024-03-19 15:27:52'),
	(17, 617, 188, 742, 15.00, 1, 0.00, '2024-03-19 15:29:57'),
	(18, 618, 188, 742, 15.00, 1, 0.00, '2024-03-19 15:34:02');

-- Volcando estructura para tabla db_hospital_orellana.tbl_honorarios
CREATE TABLE IF NOT EXISTS `tbl_honorarios` (
  `idHonorario` int(11) NOT NULL AUTO_INCREMENT,
  `correlativoSalidaHoja` int(11) NOT NULL,
  `idExterno` int(11) NOT NULL,
  `idHojaExterno` int(11) NOT NULL,
  `idHoja` int(11) NOT NULL,
  `precioExterno` decimal(9,2) NOT NULL,
  `estadoExterno` int(11) NOT NULL,
  `facturar` int(11) NOT NULL,
  `entregadoExterno` date DEFAULT NULL,
  `pivotePlus` int(11) DEFAULT 0,
  `enBanco` int(11) DEFAULT 0,
  `gastoExterno` int(11) DEFAULT 0,
  `fechaExterno` timestamp NOT NULL DEFAULT current_timestamp(),
  PRIMARY KEY (`idHonorario`)
) ENGINE=InnoDB AUTO_INCREMENT=196 DEFAULT CHARSET=utf8 COLLATE=utf8_spanish_ci;

-- Volcando datos para la tabla db_hospital_orellana.tbl_honorarios: ~90 rows (aproximadamente)
INSERT INTO `tbl_honorarios` (`idHonorario`, `correlativoSalidaHoja`, `idExterno`, `idHojaExterno`, `idHoja`, `precioExterno`, `estadoExterno`, `facturar`, `entregadoExterno`, `pivotePlus`, `enBanco`, `gastoExterno`, `fechaExterno`) VALUES
	(46, 1, 42, 1, 1, 50.00, 1, 0, '2023-05-24', 0, 0, 0, '2021-11-12 19:57:55'),
	(47, 1, 24, 2, 1, 75.00, 0, 0, NULL, 0, 0, 0, '2021-11-12 19:57:55'),
	(48, 1, 36, 3, 1, 50.00, 0, 0, NULL, 0, 0, 0, '2021-11-12 19:57:55'),
	(49, 2, 15, 4, 2, 50.00, 0, 0, NULL, 0, 0, 0, '2021-11-12 19:57:55'),
	(50, 3, 23, 5, 3, 100.00, 0, 0, NULL, 0, 0, 0, '2021-11-12 19:57:55'),
	(51, 4, 1, 6, 4, 90.00, 1, 0, NULL, 0, 0, 0, '2021-11-12 19:57:55'),
	(52, 5, 2, 7, 5, 300.00, 1, 0, NULL, 0, 0, 0, '2021-11-12 19:57:55'),
	(53, 8, 1, 8, 6, 50.00, 1, 1, NULL, 0, 0, 0, '2021-11-15 14:57:03'),
	(54, 9, 3, 9, 10, 95.00, 1, 0, '2023-05-24', 0, 0, 0, '2021-11-15 14:57:03'),
	(55, 12, 5, 10, 13, 50.00, 0, 0, NULL, 0, 0, 0, '2021-11-15 14:57:03'),
	(56, 13, 42, 11, 20, 40.00, 1, 0, '2023-05-24', 0, 0, 0, '2021-11-15 14:57:04'),
	(57, 13, 4, 12, 20, 1000.00, 1, 0, '2023-06-06', 0, 0, 0, '2021-11-15 14:57:04'),
	(58, 13, 2, 13, 20, 150.00, 1, 1, NULL, 0, 0, 0, '2021-11-15 14:57:04'),
	(59, 14, 129, 18, 22, 50.00, 0, 0, NULL, 0, 0, 0, '2021-11-15 14:57:04'),
	(60, 16, 111, 14, 25, 50.00, 0, 0, NULL, 0, 0, 0, '2021-11-15 14:57:04'),
	(61, 17, 1, 15, 26, 50.00, 1, 0, NULL, 0, 0, 0, '2021-11-15 14:57:04'),
	(62, 18, 1, 16, 27, 50.00, 1, 1, NULL, 0, 0, 0, '2021-11-15 14:57:04'),
	(63, 19, 63, 19, 29, 85.00, 0, 0, NULL, 0, 0, 0, '2021-11-15 14:57:04'),
	(64, 19, 42, 20, 29, 50.00, 1, 0, '2023-05-24', 0, 0, 0, '2021-11-15 14:57:04'),
	(65, 19, 143, 21, 29, 15.00, 0, 1, NULL, 0, 0, 0, '2021-11-15 14:57:04'),
	(66, 30, 1, 50, 49, 50.00, 1, 0, NULL, 0, 0, 0, '2021-12-06 21:37:58'),
	(67, 30, 129, 51, 49, 10.00, 0, 0, NULL, 0, 0, 0, '2021-12-06 21:37:58'),
	(68, 31, 2, 52, 50, 25.00, 1, 1, NULL, 0, 0, 0, '2021-12-06 21:37:58'),
	(69, 31, 1, 53, 50, 10.00, 1, 1, NULL, 0, 0, 0, '2021-12-06 21:37:58'),
	(70, 31, 2, 52, 50, 25.00, 1, 1, NULL, 0, 0, 0, '2021-12-07 21:35:59'),
	(71, 31, 1, 53, 50, 10.00, 1, 1, NULL, 0, 0, 0, '2021-12-07 21:35:59'),
	(72, 21, 3, 27, 19, 15.00, 1, 0, '2023-05-24', 0, 0, 0, '2021-12-28 15:59:09'),
	(73, 21, 100, 30, 19, 25.00, 0, 0, NULL, 0, 0, 0, '2021-12-28 15:59:09'),
	(74, 22, 1, 31, 30, 50.00, 1, 0, NULL, 0, 0, 0, '2021-12-28 15:59:09'),
	(75, 22, 42, 32, 30, 75.00, 1, 0, '2023-05-24', 0, 0, 0, '2021-12-28 15:59:09'),
	(76, 22, 127, 33, 30, 55.00, 0, 0, NULL, 0, 0, 0, '2021-12-28 15:59:10'),
	(77, 22, 115, 34, 30, 5.00, 0, 0, NULL, 0, 0, 0, '2021-12-28 15:59:10'),
	(78, 22, 47, 35, 30, 15.00, 0, 0, NULL, 0, 0, 0, '2021-12-28 15:59:10'),
	(79, 23, 2, 37, 31, 25.00, 1, 0, NULL, 0, 0, 0, '2021-12-28 15:59:10'),
	(80, 24, 63, 38, 32, 25.00, 0, 0, NULL, 0, 0, 0, '2021-12-28 15:59:11'),
	(81, 24, 42, 39, 32, 15.00, 1, 0, '2023-05-24', 0, 0, 0, '2021-12-28 15:59:11'),
	(82, 21, 3, 27, 19, 15.00, 1, 0, '2023-05-24', 0, 0, 0, '2021-12-28 16:06:14'),
	(83, 21, 100, 30, 19, 25.00, 0, 0, NULL, 0, 0, 0, '2021-12-28 16:06:14'),
	(84, 22, 1, 31, 30, 50.00, 1, 0, NULL, 0, 0, 0, '2021-12-28 16:06:14'),
	(85, 22, 42, 32, 30, 75.00, 1, 0, '2023-05-24', 0, 0, 0, '2021-12-28 16:06:14'),
	(86, 22, 127, 33, 30, 55.00, 0, 0, NULL, 0, 0, 0, '2021-12-28 16:06:14'),
	(87, 22, 115, 34, 30, 5.00, 0, 0, NULL, 0, 0, 0, '2021-12-28 16:06:14'),
	(88, 22, 47, 35, 30, 15.00, 0, 0, NULL, 0, 0, 0, '2021-12-28 16:06:15'),
	(89, 23, 2, 37, 31, 25.00, 1, 0, NULL, 0, 0, 0, '2021-12-28 16:06:15'),
	(90, 24, 63, 38, 32, 25.00, 0, 0, NULL, 0, 0, 0, '2021-12-28 16:06:15'),
	(91, 24, 42, 39, 32, 15.00, 1, 0, '2023-05-24', 0, 0, 0, '2021-12-28 16:06:15'),
	(92, 30, 1, 50, 49, 50.00, 1, 0, NULL, 0, 0, 0, '2021-12-28 16:08:58'),
	(93, 30, 129, 51, 49, 10.00, 0, 0, NULL, 0, 0, 0, '2021-12-28 16:08:59'),
	(94, 31, 2, 52, 50, 25.00, 1, 1, NULL, 0, 0, 0, '2021-12-28 16:08:59'),
	(95, 31, 1, 53, 50, 10.00, 1, 1, NULL, 0, 0, 0, '2021-12-28 16:08:59'),
	(156, 33, 6, 58, 56, 50.00, 0, 0, NULL, 0, 0, 0, '2023-06-12 17:17:38'),
	(157, 33, 127, 59, 56, 100.00, 0, 0, NULL, 0, 0, 0, '2023-06-12 17:17:38'),
	(158, 34, 6, 72, 57, 25.00, 0, 0, NULL, 0, 0, 0, '2023-06-12 17:17:38'),
	(159, 36, 2, 61, 59, 100.00, 1, 0, '2023-10-16', 0, 0, 0, '2023-06-12 17:17:38'),
	(160, 38, 8, 62, 60, 100.00, 0, 0, NULL, 0, 0, 0, '2023-06-12 17:17:38'),
	(161, 39, 20, 63, 61, 25.00, 0, 0, NULL, 0, 0, 0, '2023-06-12 17:17:38'),
	(162, 43, 13, 66, 79, 200.00, 0, 0, NULL, 0, 0, 0, '2023-06-30 14:38:21'),
	(163, 45, 20, 67, 80, 25.00, 0, 0, NULL, 0, 0, 0, '2023-06-30 14:38:21'),
	(164, 43, 13, 66, 79, 200.00, 0, 0, NULL, 0, 0, 0, '2023-06-30 14:41:53'),
	(165, 45, 20, 67, 80, 25.00, 0, 0, NULL, 0, 0, 0, '2023-06-30 14:41:53'),
	(166, 51, 2, 70, 111, 50.00, 1, 1, '2023-10-16', 0, 0, 0, '2023-06-30 14:41:53'),
	(167, 52, 109, 71, 108, 100.00, 0, 0, NULL, 0, 0, 0, '2023-06-30 14:41:53'),
	(168, 53, 2, 77, 113, 50.00, 1, 1, '2023-10-16', 0, 0, 0, '2023-06-30 14:41:53'),
	(169, 54, 1, 76, 105, 150.00, 0, 1, NULL, 0, 0, 0, '2023-06-30 14:41:53'),
	(170, 57, 20, 94, 124, 500.00, 0, 0, NULL, 0, 0, 0, '2023-06-30 14:41:53'),
	(171, 59, 63, 96, 131, 20.00, 0, 1, NULL, 0, 0, 0, '2023-10-26 14:59:55'),
	(172, 63, 2, 97, 136, 50.00, 1, 1, '2023-11-07', 0, 1, 0, '2023-10-26 14:59:55'),
	(173, 78, 4, 101, 161, 1000.00, 0, 0, NULL, 0, 0, 0, '2023-10-26 14:59:55'),
	(174, 80, 1, 102, 156, 50.00, 0, 0, NULL, 0, 0, 0, '2023-10-26 14:59:55'),
	(175, 80, 2, 103, 156, 60.00, 1, 0, '2023-10-26', 0, 0, 0, '2023-10-26 14:59:55'),
	(176, 82, 2, 105, 139, 50.00, 1, 0, '2023-11-07', 0, 1, 0, '2023-10-26 14:59:55'),
	(177, 82, 4, 106, 139, 50.00, 1, 0, '2023-11-08', 0, 1, 166, '2023-10-26 14:59:55'),
	(178, 84, 39, 98, 137, 50.00, 1, 0, '2023-11-08', 0, 1, 165, '2023-10-26 14:59:55'),
	(179, 85, 63, 108, 162, 50.00, 0, 0, NULL, 0, 0, 0, '2023-10-31 17:23:21'),
	(180, 85, 63, 108, 162, 50.00, 0, 0, NULL, 0, 0, 0, '2023-10-31 17:23:42'),
	(181, 86, 129, 17, 21, 50.00, 1, 0, '2023-11-09', 0, 1, 171, '2023-11-08 17:22:47'),
	(182, 86, 129, 109, 21, 50.00, 1, 0, '2023-11-09', 0, 1, 171, '2023-11-08 17:22:47'),
	(183, 86, 2, 110, 21, 150.00, 1, 0, '2023-11-09', 0, 1, 171, '2023-11-08 17:22:47'),
	(184, 87, 2, 111, 130, 25.00, 1, 0, '2023-11-09', 0, 1, 182, '2023-11-09 16:04:57'),
	(185, 88, 1, 88, 127, 50.00, 1, 0, '2023-11-09', 0, 1, 185, '2023-11-09 16:04:57'),
	(186, 88, 42, 89, 127, 75.00, 1, 0, '2023-11-09', 0, 1, 185, '2023-11-09 16:04:57'),
	(187, 88, 127, 90, 127, 55.00, 1, 0, '2023-11-09', 0, 1, 185, '2023-11-09 16:04:57'),
	(188, 88, 47, 91, 127, 50.00, 1, 0, '2023-11-09', 0, 1, 185, '2023-11-09 16:04:57'),
	(189, 89, 1, 84, 126, 50.00, 1, 0, '2023-11-09', 0, 1, 185, '2023-11-09 16:04:57'),
	(190, 89, 42, 85, 126, 75.00, 1, 0, '2023-11-09', 0, 1, 185, '2023-11-09 16:04:57'),
	(191, 89, 127, 86, 126, 55.00, 1, 0, '2023-11-09', 0, 1, 185, '2023-11-09 16:04:57'),
	(192, 89, 47, 87, 126, 50.00, 1, 0, '2023-11-09', 0, 1, 185, '2023-11-09 16:04:57'),
	(193, 89, 2, 112, 126, 500.00, 1, 0, '2023-11-09', 0, 1, 182, '2023-11-09 16:04:57'),
	(194, 90, 88, 113, 123, 15.00, 1, 0, '2023-11-09', 0, 1, 184, '2023-11-09 16:13:38'),
	(195, 90, 88, 113, 123, 15.00, 0, 0, NULL, 0, 1, 0, '2023-11-23 15:25:47');

-- Volcando estructura para tabla db_hospital_orellana.tbl_honorarios_paquetes
CREATE TABLE IF NOT EXISTS `tbl_honorarios_paquetes` (
  `idHonorarioPaquete` int(11) NOT NULL AUTO_INCREMENT,
  `idHoja` int(11) NOT NULL,
  `idMedico` int(11) NOT NULL,
  `totalHonorarioPaquete` decimal(9,2) NOT NULL,
  `honorarioPadre` int(11) NOT NULL DEFAULT 0,
  `originalHonorarioPaquete` decimal(9,2) NOT NULL,
  `estadoHonorarioPaquete` int(11) NOT NULL DEFAULT 0,
  `divisionPor` int(11) NOT NULL DEFAULT 0,
  `fechaSaldado` date DEFAULT NULL,
  `creadoHonorarioPaquete` timestamp NOT NULL DEFAULT current_timestamp(),
  PRIMARY KEY (`idHonorarioPaquete`)
) ENGINE=InnoDB AUTO_INCREMENT=26 DEFAULT CHARSET=utf8mb4 COLLATE=utf8mb4_general_ci;

-- Volcando datos para la tabla db_hospital_orellana.tbl_honorarios_paquetes: ~21 rows (aproximadamente)
INSERT INTO `tbl_honorarios_paquetes` (`idHonorarioPaquete`, `idHoja`, `idMedico`, `totalHonorarioPaquete`, `honorarioPadre`, `originalHonorarioPaquete`, `estadoHonorarioPaquete`, `divisionPor`, `fechaSaldado`, `creadoHonorarioPaquete`) VALUES
	(1, 146, 2, 1450.00, 0, 3000.00, 1, 0, '2023-10-16', '2023-10-12 16:43:38'),
	(2, 149, 2, 2444.45, 0, 3800.00, 1, 0, '2023-10-16', '2023-10-12 16:44:58'),
	(5, 146, 4, 500.00, 1, 500.00, 0, 1, '0000-00-00', '2023-10-12 21:03:06'),
	(6, 146, 20, 800.00, 1, 800.00, 0, 1, NULL, '2023-10-12 21:04:03'),
	(7, 146, 18, 250.00, 1, 250.00, 0, 1, NULL, '2023-10-12 21:04:35'),
	(8, 153, 4, 1235.00, 0, 1435.00, 0, 0, NULL, '2023-10-13 15:36:19'),
	(9, 153, 3, 435.00, 8, 435.00, 0, 1, NULL, '2023-10-13 15:37:33'),
	(10, 153, 2, 200.00, 8, 200.00, 1, 1, '2023-10-16', '2023-10-13 15:37:43'),
	(11, 149, 3, 800.00, 2, 800.00, 0, 1, NULL, '2023-10-13 18:09:52'),
	(12, 149, 8, 500.00, 2, 500.00, 0, 1, NULL, '2023-10-13 18:10:00'),
	(13, 149, 21, 300.00, 2, 300.00, 0, 1, NULL, '2023-10-16 16:05:35'),
	(14, 149, 1, 555.55, 2, 555.55, 0, 1, NULL, '2023-10-16 16:06:15'),
	(15, 154, 15, 900.00, 0, 1749.01, 0, 0, NULL, '2023-10-17 17:25:52'),
	(16, 154, 17, 749.01, 15, 749.01, 1, 1, '2023-10-17', '2023-10-17 17:27:15'),
	(17, 154, 21, 100.00, 15, 100.00, 0, 1, NULL, '2023-10-17 17:27:26'),
	(18, 141, 12, 2015.00, 0, 2015.00, 0, 0, NULL, '2023-10-18 17:38:18'),
	(19, 144, 2, 2997.30, 0, 2997.30, 0, 0, NULL, '2023-10-18 17:38:52'),
	(20, 157, 2, 4000.00, 0, 4000.00, 0, 0, NULL, '2023-10-24 15:17:51'),
	(23, 162, 2, 4944.76, 0, 4944.76, 0, 0, NULL, '2023-10-31 17:02:36'),
	(24, 175, 42, 1299.00, 0, 1799.00, 0, 0, NULL, '2023-12-04 17:25:14'),
	(25, 175, 4, 500.00, 24, 500.00, 0, 1, NULL, '2023-12-04 17:27:12');

-- Volcando estructura para tabla db_hospital_orellana.tbl_inmunologia
CREATE TABLE IF NOT EXISTS `tbl_inmunologia` (
  `idInmunologia` int(11) NOT NULL AUTO_INCREMENT,
  `examenSolicitado` int(11) NOT NULL,
  `tificoO` varchar(25) NOT NULL,
  `tificoH` varchar(25) NOT NULL,
  `paratificoA` varchar(25) NOT NULL,
  `paratificoB` varchar(25) NOT NULL,
  `brucellaAbortus` varchar(25) NOT NULL,
  `proteusOx` varchar(25) NOT NULL,
  `proteinaC` varchar(25) NOT NULL,
  `reumatoideo` varchar(25) NOT NULL,
  `antiestreptolisina` varchar(25) NOT NULL,
  `fechaCreacion` timestamp NOT NULL DEFAULT current_timestamp(),
  PRIMARY KEY (`idInmunologia`)
) ENGINE=InnoDB AUTO_INCREMENT=16 DEFAULT CHARSET=utf8 COLLATE=utf8_spanish_ci;

-- Volcando datos para la tabla db_hospital_orellana.tbl_inmunologia: ~9 rows (aproximadamente)
INSERT INTO `tbl_inmunologia` (`idInmunologia`, `examenSolicitado`, `tificoO`, `tificoH`, `paratificoA`, `paratificoB`, `brucellaAbortus`, `proteusOx`, `proteinaC`, `reumatoideo`, `antiestreptolisina`, `fechaCreacion`) VALUES
	(1, 660, '', '', '', '', '', '', '8', '', '10', '2021-10-01 21:36:14'),
	(2, 661, '1', '2', '3', '4', '55', '6', '', '', '', '2021-10-01 21:54:45'),
	(3, 708, '', '', '', '', '', '', '3', '', '', '2021-10-01 22:21:44'),
	(4, 660, '', '', '', '', '', '', '', '', '', '2021-10-14 14:33:10'),
	(5, 661, '1', '1', '1', '1', '11', '1', '', '', '', '2021-10-15 16:23:53'),
	(10, 660, '', '', '', '', '', '', '', '', '2.5', '2022-06-03 17:46:30'),
	(12, 959, '', '', '', '', '', '', '', '0.56', '', '2022-06-07 17:40:36'),
	(14, 661, '1', '1', '1', '1', '1', '1', '1', '1', '1', '2023-12-04 14:04:40'),
	(15, 661, '1', '1', '1', '1', '1', '1', '1', '1', '1', '2023-12-22 14:51:12');

-- Volcando estructura para tabla db_hospital_orellana.tbl_insumos_hemo
CREATE TABLE IF NOT EXISTS `tbl_insumos_hemo` (
  `idInsumoHemo` int(11) NOT NULL AUTO_INCREMENT,
  `codigoInsumoHemo` varchar(10) NOT NULL,
  `nombreInsumoHemo` varchar(50) NOT NULL,
  `precioInsumoHemo` decimal(9,5) NOT NULL,
  `minimoInsumoHemo` int(11) NOT NULL,
  `stockInsumoHemo` int(11) NOT NULL,
  `pivoteInsumoHemo` int(11) NOT NULL DEFAULT 1,
  PRIMARY KEY (`idInsumoHemo`)
) ENGINE=InnoDB AUTO_INCREMENT=10 DEFAULT CHARSET=utf8 COLLATE=utf8_spanish_ci;

-- Volcando datos para la tabla db_hospital_orellana.tbl_insumos_hemo: ~9 rows (aproximadamente)
INSERT INTO `tbl_insumos_hemo` (`idInsumoHemo`, `codigoInsumoHemo`, `nombreInsumoHemo`, `precioInsumoHemo`, `minimoInsumoHemo`, `stockInsumoHemo`, `pivoteInsumoHemo`) VALUES
	(1, '1000', 'Lineas Arterio Venoso', 0.05698, 0, 100, 1),
	(2, '1001', 'Dializador Elisio', 0.00000, 0, 94, 1),
	(3, '1002', 'Citrapure Liquid Acid', 0.00000, 0, 99, 1),
	(4, '1003', 'Niprocart (Cartucho Bicarbonato)', 0.00000, 0, 99, 1),
	(5, '1004', 'Macro Drop 20', 0.12458, 0, 99, 1),
	(6, '1005', 'Eritroproyectina 4000', 0.12548, 0, 99, 1),
	(7, '1006', 'Backeye Clamp Rotador', 0.25980, 0, 100, 1),
	(8, '1007', 'Solucion Salina 1000ml', 0.00000, 0, 100, 1),
	(9, '1008', 'Insumos Test edit', 0.00000, 0, 100, 0);

-- Volcando estructura para tabla db_hospital_orellana.tbl_insumos_lab
CREATE TABLE IF NOT EXISTS `tbl_insumos_lab` (
  `idInsumoLab` int(11) NOT NULL AUTO_INCREMENT,
  `codigoInsumoLab` varchar(10) NOT NULL,
  `nombreInsumoLab` text NOT NULL,
  `tipoInsumoLab` int(11) NOT NULL,
  `precioInsumoLab` decimal(9,2) NOT NULL,
  `stockInsumoLab` decimal(9,2) NOT NULL DEFAULT 0.00,
  `medidaInsumoLab` varchar(15) NOT NULL,
  `estadoInsumoLab` int(11) NOT NULL,
  `editable` int(11) NOT NULL DEFAULT 0,
  `controlado` int(11) NOT NULL DEFAULT 0,
  PRIMARY KEY (`idInsumoLab`)
) ENGINE=InnoDB AUTO_INCREMENT=199 DEFAULT CHARSET=utf8 COLLATE=utf8_spanish_ci;

-- Volcando datos para la tabla db_hospital_orellana.tbl_insumos_lab: ~196 rows (aproximadamente)
INSERT INTO `tbl_insumos_lab` (`idInsumoLab`, `codigoInsumoLab`, `nombreInsumoLab`, `tipoInsumoLab`, `precioInsumoLab`, `stockInsumoLab`, `medidaInsumoLab`, `estadoInsumoLab`, `editable`, `controlado`) VALUES
	(1, 'LHO1', 'Algodón', 1, 0.01, 101.00, 'Bolsa', 1, 1, 0),
	(2, 'LHO2', 'Alcohol', 1, 1000.00, 4.00, 'Galon', 1, 1, 0),
	(3, 'LHO3', 'Guantes', 1, 0.00, 4.00, 'Caja', 1, 1, 0),
	(4, 'LHO4', 'Jeringas 3CC', 1, 5.00, 99.00, 'Caja', 1, 0, 0),
	(5, 'LHO5', 'Jeringas 5CC', 1, 0.00, 99.00, 'Caja', 1, 0, 0),
	(6, 'LHO6', 'Jeringa 10CC', 1, 0.00, 99.00, 'Caja', 1, 0, 0),
	(7, 'LHO7', 'Aguja Vacutainer', 1, 0.00, 98.00, 'Caja', 1, 0, 0),
	(8, 'LHO8', 'Holder', 1, 0.00, 0.00, 'Unit.', 1, 0, 0),
	(9, 'LHO9', 'Torniquetes', 1, 0.00, 0.00, 'Unit.', 1, 0, 0),
	(10, 'LHO10', 'Aplicadores de madera', 1, 1.50, 45.00, 'Unit.', 1, 0, 0),
	(11, 'LHO11', 'Laminas porta objetos', 1, 1.00, 5000.00, 'Unit.', 1, 0, 0),
	(12, 'LHO12', 'Laminillas cubre objetos', 1, 0.00, 0.00, 'Unit.', 1, 0, 0),
	(13, 'LHO13', 'Tubos conicos', 1, 0.00, -1.00, 'Unit.', 1, 0, 0),
	(14, 'LHO14', 'Frascos descartables para examen general de orina', 1, 0.00, 0.00, 'Unit.', 1, 0, 0),
	(15, 'LHO15', 'Frascos descartables para examen general de heces', 1, 0.00, 0.00, 'Unit.', 1, 0, 0),
	(16, 'LHO16', 'Copas para equipo de quimica clinica', 1, 0.00, 0.00, 'Unit.', 1, 0, 0),
	(17, 'LHO17', 'Tubos tapon morado', 1, 0.00, 0.00, 'Unit.', 1, 0, 0),
	(18, 'LHO18', 'Tubos tapon rojo', 1, 0.00, 0.00, 'Unit.', 1, 0, 0),
	(19, 'LHO19', 'Tubos tapon celeste', 1, 0.00, 0.00, 'Unit.', 1, 0, 0),
	(20, 'LHO20', 'Agujas 25G x 5/8"', 1, 0.00, 0.00, 'Unit.', 1, 0, 0),
	(21, 'LHO21', 'Agua destilada', 1, 0.00, 0.00, 'Unit.', 1, 0, 0),
	(22, 'LHO22', 'Tiras para orina', 1, 0.00, 1000.00, 'Frasco', 1, 0, 0),
	(23, 'LHO23', 'Placas de petri (biplaca)', 1, 0.00, 0.00, 'Unit.', 1, 0, 0),
	(24, 'LHO24', 'Placas de petri (para antibiograma)', 1, 0.00, 0.00, 'Unit.', 1, 0, 0),
	(25, 'LHO25', 'Baja lenguas', 1, 0.00, 0.00, 'Unit.', 1, 0, 0),
	(26, 'LHO26', 'Gas propano', 1, 0.00, 0.00, 'Unit.', 1, 0, 0),
	(27, 'LHO27', 'Puntas azules', 1, 0.00, 0.00, 'Unit.', 1, 0, 0),
	(28, 'LHO28', 'Puntas amarillas', 1, 0.00, 0.00, 'Unit.', 1, 0, 0),
	(29, 'LHO29', 'Aplicadores de madera con algodón', 1, 0.00, 0.00, 'Unit.', 1, 0, 0),
	(30, 'LHO30', 'Bolsas pedriaticas para recoleccion de orina', 1, 0.00, 0.00, 'Unit.', 1, 0, 0),
	(31, 'LHO31', 'Tubos de vidrio', 1, 0.00, 0.00, 'Unit.', 1, 0, 0),
	(32, 'LHO32', 'Frascos esteriles para urocultivo', 1, 0.00, 0.00, 'Unit.', 1, 0, 0),
	(33, 'LHO33', 'Capilares', 1, 0.00, 1000.00, 'Unit.', 1, 0, 0),
	(34, 'LHO34', 'Solucion salina', 1, 0.00, 0.00, 'Unit.', 1, 0, 0),
	(35, 'LHO35', 'Ependol', 1, 0.00, 0.00, 'Unit.', 1, 0, 0),
	(36, 'LHO36', 'Micropore', 1, 0.00, 0.00, 'Unit.', 1, 0, 0),
	(37, 'LHO37', 'Bolsas para sangre', 1, 0.00, 0.00, 'Unit.', 1, 0, 0),
	(38, 'LHO38', 'Transfusores', 1, 0.00, 0.00, 'Unit.', 1, 0, 0),
	(39, 'LHO39', 'Albumina', 2, 0.00, 1000.00, 'Set', 1, 0, 1),
	(40, 'LHO40', 'LDH', 2, 0.00, 0.00, 'Set', 1, 0, 1),
	(41, 'LHO41', 'Fosfatasa Alcalina', 2, 0.00, 1000.00, 'Set', 1, 0, 1),
	(42, 'LHO42', 'Fosforo', 2, 0.00, 1000.00, 'Set', 1, 0, 1),
	(43, 'LHO43', 'CPK-MB', 2, 0.00, 1000.00, 'Set', 1, 0, 1),
	(44, 'LHO44', 'Acido Urico', 2, 0.00, 990.00, 'Set', 1, 0, 1),
	(45, 'LHO45', 'LDL', 2, 0.00, 1000.00, 'Set', 1, 0, 1),
	(46, 'LHO46', 'Calibrador', 2, 0.00, 0.00, 'Set', 1, 0, 1),
	(47, 'LHO47', 'TGO', 2, 0.00, 1000.00, 'Set', 1, 0, 1),
	(48, 'LHO48', 'CK-NAC', 2, 0.00, 1000.00, 'Set', 1, 0, 1),
	(49, 'LHO49', 'Colesterol', 2, 0.00, 997.20, 'Set', 1, 0, 1),
	(50, 'LHO50', 'TPT1', 2, 0.00, 999.70, 'Set', 0, 0, 1),
	(51, 'LHO51', 'Proteinas totales', 2, 0.00, 999.00, 'Set', 1, 0, 1),
	(52, 'LHO52', 'Creatinina R1', 2, 0.00, 1000.00, 'Set', 0, 0, 1),
	(53, 'LHO53', 'Trigliceridos', 2, 0.00, 998.20, 'Set', 1, 0, 1),
	(54, 'LHO54', 'Protombina', 2, 0.00, 999.40, 'Set', 1, 0, 1),
	(55, 'LHO55', 'ASO-LATEX', 2, 0.00, 999.92, 'Set', 1, 0, 1),
	(56, 'LHO56', 'HDLc-P', 2, 0.00, 996.20, 'Set', 1, 0, 1),
	(57, 'LHO57', 'Bilirrubina Total', 2, 0.00, 999.60, 'Set', 1, 0, 1),
	(58, 'LHO58', 'Bilirrubina TyD-J', 2, 0.00, 0.00, 'Set', 1, 0, 1),
	(59, 'LHO59', 'Bilirrubina Directa', 2, 0.00, 999.60, 'Set', 1, 0, 1),
	(60, 'LHO60', 'Hepatitis C', 2, 0.00, 1000.00, 'Unit.', 1, 0, 0),
	(61, 'LHO61', 'Sifilis placa', 2, 0.00, 1000.00, 'Unit.', 1, 0, 0),
	(62, 'LHO62', 'Chagas placa', 2, 0.00, 1000.00, 'Unit.', 1, 0, 0),
	(63, 'LHO63', 'Hepatitis A', 2, 0.00, 1000.00, 'Unit.', 1, 0, 0),
	(64, 'LHO64', 'Hepatitis B', 2, 0.00, 996.00, 'Unit.', 1, 0, 0),
	(65, 'LHO65', 'Urea', 2, 0.00, 1000.00, 'Set', 1, 0, 1),
	(66, 'LHO66', 'Glucosa TR', 2, 0.00, 999.20, 'Set', 1, 0, 1),
	(67, 'LHO67', 'Ferritina placa', 2, 0.00, 1000.00, 'Unit.', 1, 0, 0),
	(68, 'LHO68', 'PSA', 2, 0.00, 1000.00, 'Unit.', 1, 0, 0),
	(69, 'LHO69', 'Hemoglobina Glicosilada(HbA1c) placa', 2, 0.00, 1000.00, 'Unit.', 1, 0, 0),
	(70, 'LHO70', 'Enzima TSH libre', 2, 0.00, 999.90, 'Set', 1, 0, 1),
	(71, 'LHO71', 'T4 total placa', 2, 0.00, 1000.00, 'Unit.', 1, 0, 0),
	(72, 'LHO72', 'Dimero D placa', 2, 0.00, 1000.00, 'Unit.', 1, 0, 0),
	(73, 'LHO73', 'T3 total placa', 2, 0.00, 1000.00, 'Unit.', 1, 0, 0),
	(74, 'LHO74', 'TGP(GPT -ALT)', 2, 0.00, 1000.00, 'Set', 1, 0, 1),
	(75, 'LHO75', 'Troponina Placa(Tn-l Plus)', 1, 0.00, 999.00, 'Unit.', 1, 0, 0),
	(76, 'LHO76', 'H. Pylory en Sangre placa', 2, 0.00, 1000.00, 'Unit.', 1, 0, 0),
	(77, 'LHO77', 'H. Pylory en Heces placa', 2, 0.00, 1000.00, 'Unit.', 1, 0, 0),
	(78, 'LHO78', 'Enzima T3 Libre', 2, 0.00, 999.90, 'Set', 1, 0, 1),
	(79, 'LHO79', 'Enzima T4 Libre', 2, 0.00, 999.90, 'Set', 1, 0, 1),
	(80, 'LHO80', 'TSH total placa', 2, 0.00, 999.00, 'Unit.', 1, 0, 0),
	(81, 'LHO81', 'Anti A', 2, 0.00, 999.80, 'Set', 1, 0, 1),
	(82, 'LHO82', 'Anti B', 2, 0.00, 999.80, 'Set', 1, 0, 1),
	(83, 'LHO83', 'Anti D', 2, 0.00, 999.80, 'Set', 1, 0, 1),
	(84, 'LHO84', 'Albumina Bovina', 2, 0.00, 1000.00, 'Set', 1, 0, 1),
	(85, 'LHO85', 'Suero de Coombs', 2, 0.00, 1000.00, 'Set', 1, 0, 1),
	(86, 'LHO86', 'Colorante de Giemsa', 2, 0.00, 1000.00, 'Frasco', 1, 0, 0),
	(87, 'LHO87', 'Colorante de Whirt', 2, 0.00, 0.00, 'Frasco', 1, 0, 0),
	(88, 'LHO88', 'Prueba de embarazo en sangre', 2, 0.00, 1000.00, 'Unit.', 1, 0, 0),
	(89, 'LHO89', 'Tiempo de Protombina', 2, 0.00, 0.00, 'Set', 1, 0, 1),
	(90, 'LHO90', 'Fibrinogeno', 2, 0.00, 999.70, 'Set', 1, 0, 1),
	(91, 'LHO91', 'Solución Salina', 2, 0.25, 1500.00, 'Ml', 0, 0, 0),
	(93, 'LHO93', 'Lugol', 2, 0.00, 1000.00, 'Frasco', 1, 0, 0),
	(94, 'LHO94', 'VIH tiras', 2, 0.00, 999.00, 'Unit.', 1, 0, 0),
	(95, 'LHO95', 'Azul Crecil', 2, 0.00, 1000.00, 'Frasco', 1, 0, 0),
	(96, 'LHO96', 'Nigrosina', 2, 0.00, 1000.00, 'Frasco', 1, 0, 0),
	(97, 'LHO97', 'Eosina', 2, 0.00, 1000.00, 'Frasco', 1, 0, 0),
	(98, 'LHO98', 'Cleaner para equipo de Hematologia', 2, 0.00, 999.90, 'Set', 1, 0, 1),
	(99, 'LHO99', 'Lisante para equipo de Hematologia', 2, 1.50, 999.95, 'Set', 1, 0, 1),
	(100, 'LHO100', 'Diluyente para equipo de Hematologia', 2, 0.00, 999.50, 'Set', 1, 0, 1),
	(101, 'LHO101', 'Hemocultivo Pediatrico', 3, 0.00, -1.00, 'Frasco', 1, 0, 0),
	(102, 'LHO102', 'Hemocultivo Adulto', 3, 0.00, 0.00, 'Frasco', 1, 0, 0),
	(103, 'LHO103', 'Imipenem', 3, 0.00, 0.00, 'Vial', 1, 0, 0),
	(104, 'LHO104', 'Ceftriaxone', 3, 0.00, -2.00, 'Vial', 1, 0, 0),
	(105, 'LHO105', 'Bacitracin', 3, 0.00, 0.00, 'Vial', 1, 0, 0),
	(106, 'LHO106', 'Nitrofurantoin', 3, 0.00, 0.00, 'Vial', 1, 0, 0),
	(107, 'LHO107', 'Cefuroxime', 3, 0.00, 0.00, 'Vial', 1, 0, 0),
	(108, 'LHO108', 'Azithromycin', 3, 0.00, 0.00, 'Vial', 1, 0, 0),
	(109, 'LHO109', 'Ceftazidime', 3, 0.00, 0.00, 'Vial', 1, 0, 0),
	(110, 'LHO110', 'Vancomycin', 3, 0.00, 0.00, 'Vial', 1, 0, 0),
	(111, 'LHO111', 'Oxidase', 3, 0.00, 0.00, 'Vial', 1, 0, 0),
	(112, 'LHO112', 'Chloramphenicol', 3, 0.00, 0.00, 'Vial', 1, 0, 0),
	(113, 'LHO113', 'Gentamicin', 3, 0.00, 0.00, 'Vial', 1, 0, 0),
	(114, 'LHO114', 'Clarithromycin', 3, 0.00, 0.00, 'Vial', 1, 0, 0),
	(115, 'LHO115', 'Oxacilin', 3, 0.00, 0.00, 'Vial', 1, 0, 0),
	(116, 'LHO116', 'Meropenem', 3, 0.00, 0.00, 'Vial', 1, 0, 0),
	(117, 'LHO117', 'Cefotaxime', 3, 0.00, 0.00, 'Vial', 1, 0, 0),
	(118, 'LHO118', 'Erythromycin', 3, 0.00, 0.00, 'Vial', 1, 0, 0),
	(119, 'LHO119', 'Piperacilin/tazobactam', 3, 0.00, 0.00, 'Vial', 1, 0, 0),
	(120, 'LHO120', 'Tetracycline', 3, 0.00, 0.00, 'Vial', 1, 0, 0),
	(121, 'LHO121', 'Optochin', 3, 0.00, 0.00, 'Vial', 1, 0, 0),
	(122, 'LHO122', 'Clindamycin', 3, 0.00, 0.00, 'Vial', 1, 0, 0),
	(123, 'LHO123', 'Amoxicilin/clavulanic acid', 3, 0.00, 0.00, 'Vial', 1, 0, 0),
	(124, 'LHO124', 'Ampicilin/sulbactam', 3, 0.00, 0.00, 'Vial', 1, 0, 0),
	(125, 'LHO125', 'Amikacin', 3, 0.00, 0.00, 'Vial', 1, 0, 0),
	(126, 'LHO126', 'Trimetroprim/Sulfametoxazol', 3, 0.00, 0.00, 'Vial', 1, 0, 0),
	(127, 'LHO127', 'Levofloxacin', 3, 0.00, 0.00, 'Vial', 1, 0, 0),
	(128, 'LHO128', 'Alcohol acido', 3, 0.00, 0.00, 'Frasco', 1, 0, 0),
	(129, 'LHO129', 'Reactivo Indol', 3, 0.00, 0.00, 'Frasco', 1, 0, 0),
	(130, 'LHO130', 'Alfa-naftol', 3, 0.00, 0.00, 'Frasco', 1, 0, 0),
	(131, 'LHO131', 'Fuscina fenicada', 3, 0.00, 0.00, 'Frasco', 1, 0, 0),
	(132, 'LHO132', 'Safranina', 3, 0.00, 0.00, 'Frasco', 1, 0, 0),
	(133, 'LHO133', 'Catalasa', 3, 0.00, 0.00, 'Frasco', 1, 0, 0),
	(134, 'LHO134', 'Alcohol Acetona', 3, 0.00, 0.00, 'Frasco', 1, 0, 0),
	(135, 'LHO135', 'Azul Lactofenol', 3, 0.00, 0.00, 'Frasco', 1, 0, 0),
	(136, 'LHO136', 'Rojo de metilo', 3, 0.00, 0.00, 'Frasco', 1, 0, 0),
	(137, 'LHO137', 'Solucion yodada', 3, 0.00, 0.00, 'Frasco', 1, 0, 0),
	(138, 'LHO138', 'Violeta Cristal', 3, 0.00, 0.00, 'Frasco', 1, 0, 0),
	(139, 'LHO139', 'Hidroxido de potasio KOH 20%', 3, 0.00, 0.00, 'Frasco', 1, 0, 0),
	(140, 'LHO140', 'Hidroxido de potasio KOH 40%', 3, 0.00, 0.00, 'Frasco', 1, 0, 0),
	(141, 'LHO141', 'Tinta china', 3, 0.00, 0.00, 'Frasco', 1, 0, 0),
	(142, 'LHO142', 'Buffer 4.01', 3, 0.00, 0.00, 'Frasco', 1, 0, 0),
	(143, 'LHO143', 'Buffer 7', 3, 0.00, 0.00, 'Frasco', 1, 0, 0),
	(144, 'LHO144', 'Buffer 10.01', 3, 0.00, 0.00, 'Frasco', 1, 0, 0),
	(145, 'LHO145', 'Agar Mueller-Hinton ', 4, 0.00, 0.00, 'Frasco', 1, 0, 0),
	(146, 'LHO146', 'AGAR E.M.B. LEVINE ', 4, 0.00, 0.00, 'Frasco', 1, 0, 0),
	(147, 'LHO147', 'AGAR BASE COLUMBIA BLOOD ', 4, 0.35, 5000.00, 'Frasco', 1, 0, 0),
	(148, 'LHO148', 'UREA AGAR BASE', 4, 0.00, 0.00, 'Frasco', 1, 0, 0),
	(149, 'LHO149', 'AGAR MIO', 4, 0.00, 0.00, 'Frasco', 1, 0, 0),
	(150, 'LHO150', 'AGAR 3 AZUCARES Y HIERRO', 4, 0.00, 0.00, 'Frasco', 1, 0, 0),
	(151, 'LHO151', 'AGAR ENZIMAS UREA 40%', 4, 0.00, 0.00, 'Frasco', 1, 0, 0),
	(152, 'LHO152', 'AGAR CITRATO SIMMONS', 4, 0.00, 0.00, 'Frasco', 1, 0, 0),
	(153, 'LHO153', 'AGAR MRVP MEDIUM', 4, 0.00, 0.00, 'Frasco', 1, 0, 0),
	(154, 'LHO154', 'AGAR BASE MACCONKEY', 4, 0.00, 0.00, 'Frasco', 1, 0, 0),
	(155, 'LHO155', 'AGAR SELENITE CYSTINE MEDIUM PARTE A ', 4, 0.00, 0.00, 'Frasco', 1, 0, 0),
	(156, 'LHO156', 'AGAR SABOURAUD DEXTROSE ', 4, 0.00, 0.00, 'Frasco', 1, 0, 0),
	(157, 'LHO157', 'AGAR CORN MEAL', 4, 0.00, 0.00, 'Frasco', 1, 0, 0),
	(158, 'LHO158', 'AGAR THIOGLYCOLLATE MEDIUM USP', 4, 0.00, 0.00, 'Frasco', 1, 0, 0),
	(159, 'LHO159', 'AGAR SALMONELLA SHIGELLA', 4, 0.00, 0.00, 'Frasco', 1, 0, 0),
	(160, 'LHO160', 'AGAR XYLOSE LYSINE DESOXYCHOLATE', 4, 0.00, 0.00, 'Frasco', 1, 0, 0),
	(161, 'LHO161', 'AGAR BILE ESCULIN', 4, 0.00, 0.00, 'Frasco', 1, 0, 0),
	(162, 'LHO162', 'AGAR SOYABEAN CASEIN DIGEST', 4, 0.00, 0.00, 'Frasco', 1, 0, 0),
	(163, 'LHO163', 'AGAR MYCOSEL', 4, 0.00, 0.00, 'Frasco', 1, 0, 0),
	(164, 'LHO164', 'AGAR HEKTOEN ENTERIC', 4, 0.00, 0.00, 'Frasco', 1, 0, 0),
	(165, 'LHO165', 'METANOL RA', 4, 0.00, 1000.00, 'Frasco', 1, 0, 0),
	(167, 'LHO166', 'Antigenos bacterianos', 1, 0.00, 999.92, 'Set', 1, 0, 1),
	(168, 'LHO167', 'CRP-LATEX', 1, 0.00, 998.92, 'Set', 1, 0, 1),
	(169, 'LHO168', 'LATEX FR', 2, 0.00, 999.96, 'Set', 1, 0, 1),
	(170, 'LHO169', 'BUFFER DE DILUCION', 2, 0.00, 997.30, 'Ml', 0, 0, 0),
	(171, 'LHO170', 'CAOLIN', 2, 0.00, 999.94, 'Ml', 0, 0, 0),
	(172, 'LHO171', 'TPT2', 2, 0.00, 999.70, 'Set', 0, 0, 1),
	(173, 'LHO172', 'AMILASA', 2, 0.00, 1000.00, 'Set', 1, 0, 1),
	(174, 'LHO173', 'NA-K-Ci', 2, 0.00, 994.00, 'Paquete', 1, 0, 0),
	(175, 'LHO174', 'Magnesio', 2, 0.00, 1000.00, 'Set', 1, 0, 1),
	(176, 'LHO175', 'Calcio', 2, 0.00, 1000.00, 'Set', 1, 0, 1),
	(177, 'LHO176', 'Buffer de lavado T3 Libre', 1, 0.00, 999.65, 'Ml', 0, 0, 0),
	(178, 'LHO177', 'Sustrato T3 Libre', 1, 0.00, 999.90, 'Ml', 0, 0, 0),
	(179, 'LHO178', 'Stop T3 Libre', 1, 0.00, 999.95, 'Ml', 0, 0, 0),
	(180, 'LHO179', 'Buffer de lavado T4 Libre', 2, 0.00, 999.65, 'Ml', 0, 0, 0),
	(181, 'LHO180', 'Sustrato T4 Libre', 2, 0.00, 999.90, 'Ml', 0, 0, 0),
	(182, 'LHO181', 'Stop T4 Libre', 2, 0.00, 999.95, 'Ml', 0, 0, 0),
	(183, 'LHO182', 'Buffer de lavado TSH libre', 2, 0.00, 999.65, 'Ml', 0, 0, 0),
	(184, 'LHO183', 'Sustrato TSH libre', 2, 0.00, 999.90, 'Ml', 0, 0, 0),
	(185, 'LHO184', 'Stop TSH libre', 2, 0.00, 999.95, 'Ml', 0, 0, 0),
	(186, 'LHO185', 'Test Covid-19', 1, 0.00, 1000.00, 'Unit.', 1, 0, 0),
	(187, 'LHO186', 'Creatinina R2', 2, 0.00, 1000.00, 'Set', 0, 0, 1),
	(188, 'LHO187', 'Dextrosa', 2, 0.00, 1000.00, 'Frasco', 1, 0, 0),
	(189, 'LHO188', 'Antiglobulina humana', 2, 0.00, 1000.00, 'Set', 1, 0, 1),
	(190, 'LHO189', 'Protein u&csf', 2, 0.00, 1000.00, 'Set', 1, 0, 1),
	(191, 'LHO190', 'Dengue rapid test cassette', 2, 0.00, 1000.00, 'Unit.', 1, 0, 0),
	(192, 'LHO191', 'Azul de metileno', 2, 0.00, 1000.00, 'Frasco', 1, 0, 0),
	(193, 'LHO192', 'Prueba de embarazo en orina', 2, 0.00, 1000.00, 'Unit.', 1, 0, 0),
	(194, 'LHO193', 'Sangre oculta en heces', 2, 0.00, 1000.00, 'Unit.', 1, 0, 0),
	(195, 'LHO194', 'RPR CARBON', 2, 0.00, 1000.00, 'Set', 1, 0, 1),
	(196, 'LHO195', 'GASES ARTERIALES CASSETTE', 2, 0.00, 999.00, 'Unit.', 1, 0, 0),
	(197, 'LHO196', 'Unidad de sangre A+', 1, 0.00, 4.00, 'Unit.', 1, 1, 0),
	(198, 'LHO197', 'UNIDAD DE SANGRE AB +', 1, 0.00, 5.00, 'Unit.', 1, 1, 0);

-- Volcando estructura para tabla db_hospital_orellana.tbl_insumos_limpieza
CREATE TABLE IF NOT EXISTS `tbl_insumos_limpieza` (
  `idInsumoLimpieza` int(11) NOT NULL AUTO_INCREMENT,
  `codigoInsumoLimpieza` varchar(10) NOT NULL,
  `nombreInsumoLimpieza` varchar(50) NOT NULL,
  `categoriaInsumoLimpieza` varchar(50) NOT NULL,
  `marcaInsumoLimpieza` varchar(50) NOT NULL,
  `unidadInsumoLimpieza` varchar(25) NOT NULL,
  `precioInsumoLimpieza` decimal(9,5) NOT NULL,
  `minimoInsumoLimpieza` int(11) NOT NULL,
  `stockInsumoLimpieza` int(11) NOT NULL,
  `stockPivote` int(11) NOT NULL DEFAULT 1,
  `pivoteInsumoLimpieza` int(11) NOT NULL DEFAULT 1,
  `editable` int(11) NOT NULL DEFAULT 0,
  `fechaPivote` date DEFAULT NULL,
  PRIMARY KEY (`idInsumoLimpieza`)
) ENGINE=InnoDB AUTO_INCREMENT=48 DEFAULT CHARSET=utf8 COLLATE=utf8_spanish_ci;

-- Volcando datos para la tabla db_hospital_orellana.tbl_insumos_limpieza: ~47 rows (aproximadamente)
INSERT INTO `tbl_insumos_limpieza` (`idInsumoLimpieza`, `codigoInsumoLimpieza`, `nombreInsumoLimpieza`, `categoriaInsumoLimpieza`, `marcaInsumoLimpieza`, `unidadInsumoLimpieza`, `precioInsumoLimpieza`, `minimoInsumoLimpieza`, `stockInsumoLimpieza`, `stockPivote`, `pivoteInsumoLimpieza`, `editable`, `fechaPivote`) VALUES
	(1, '1001', 'Rinso industrial', 'Insumos de lavanderia', 'Lariansa', 'Unidad', 2.50000, 3, 235, 0, 1, 0, NULL),
	(2, '1002', 'Jabon para lavar', 'Insumos de lavanderia', 'Surff', 'Unidad', 0.55000, 3, 18, 0, 1, 0, NULL),
	(3, '1003', 'Lejia bolsa', 'Insumos de lavanderia', 'Maxi-Sol', 'Docena', 0.00000, 14, 28, 0, 1, 0, NULL),
	(4, '1004', 'Jabon de manos liquido', 'Insumos de lavanderia', 'Milder', 'Galon', 0.00000, 1, 0, 0, 1, 0, NULL),
	(5, '1005', 'Papel higienico para paquetes(Rollos)', 'Atencion a pacientes', 'Scott', 'Unidad', 0.00000, 5, 356, 0, 1, 0, NULL),
	(6, '1006', 'Papel higienico para dispensador', 'Atencion a pacientes', 'Sanitisu', 'Unidad', 0.00000, 3, 43, 0, 1, 0, NULL),
	(7, '1007', 'Papel toalla para mano', 'Atencion a pacientes', 'Sanitisu', 'Unidad', 0.00000, 5, 25, 0, 1, 0, NULL),
	(8, '1008', 'Detergente liquido Maxi splash', 'Insumos de lavanderia', 'Maxi splash', 'Galon', 0.00000, 5, 16, 0, 1, 0, NULL),
	(9, '1009', 'Limpiador azistin manzana', 'Insumos de lavanderia', 'Azistin', 'Galon', 0.00000, 3, 2, 0, 1, 0, NULL),
	(10, '1010', 'Vasos #6', 'Atencion a pacientes', 'Dipsa', 'Tira', 0.00000, 4, 196, 0, 1, 0, NULL),
	(11, '1011', 'Vasos #10', 'Atencion a pacientes', 'Dipsa', 'Tira', 0.00000, 4, 145, 0, 1, 0, NULL),
	(12, '1012', 'Codipa Azúcar', 'Atencion a pacientes', 'Codipa', 'Bolsa', 0.00000, 5, 7, 0, 1, 0, NULL),
	(13, '1013', 'Maizena surtida', 'Atencion a pacientes', 'Maizena', 'Unidad', 0.00000, 5, 53, 0, 1, 0, NULL),
	(14, '1014', 'Removedores para café', 'Atencion a pacientes', 'Diapack', 'Bolsa', 0.00000, 4, 4, 0, 1, 0, NULL),
	(15, '1015', 'Café', 'Atencion a pacientes', 'Coscafe', 'Libra', 0.00000, 4, 0, 0, 1, 0, NULL),
	(16, '1016', 'Cuchara sopera', 'Atencion a pacientes', 'Roberpack', 'Bolsa', 0.00000, 4, 6, 0, 1, 0, NULL),
	(17, '1017', 'Tenedores', 'Atencion a pacientes', 'Roberpack', 'Bolsa', 0.00000, 4, 17, 0, 1, 0, NULL),
	(18, '1018', 'Conos para caja', 'Atencion a pacientes', 'Diapack', 'Caja', 0.00000, 5, 12, 0, 1, 0, NULL),
	(19, '1019', 'Bolsas transparentes 2 libras', 'Atencion a pacientes', 'Termo encogibles', 'Paquete', 0.00000, 5, -3, 0, 1, 0, NULL),
	(20, '1020', 'Bolsas transparentes 25 libras', 'Atencion a pacientes', 'Termo encogibles', 'Paquete', 0.00000, 5, 0, 0, 1, 0, NULL),
	(21, '1021', 'Cepillos', 'Atencion a pacientes', 'Colgate', 'Unidad', 0.00000, 25, 0, 0, 1, 0, NULL),
	(22, '1022', 'Shampoo', 'Atencion a pacientes', 'Head & Shoulders', 'Unidad', 0.00000, 50, 272, 0, 1, 0, NULL),
	(23, '1023', 'Bolsa negra de gabacha #3', 'Insumos de limpieza', '', 'Paquete', 0.00000, 5, 439, 0, 1, 0, NULL),
	(24, '1024', 'Bolsa negra de jardinera', 'Insumos de limpieza', '', 'Paquete', 0.00000, 5, 92, 0, 1, 0, NULL),
	(25, '1025', 'Bolsa negra 1/2 jardin', 'Insumos de limpieza', '', 'Paquete', 0.00000, 5, 133, 0, 1, 0, NULL),
	(26, '1026', 'Bolsa roja 1/2 jardin', 'Insumos de limpieza', '', 'Paquete', 0.00000, 5, 196, 0, 1, 0, NULL),
	(27, '1027', 'Bolsa roja mini', 'Insumos de limpieza', '', 'Paquete', 0.00000, 5, 94, 0, 1, 0, NULL),
	(28, '1028', 'Aromatizante Aerosol glade', 'Insumos de limpieza', 'Glade ', 'Unidad', 0.00000, 5, 4, 0, 1, 0, NULL),
	(29, '1029', 'Limpiador en polvo', 'Insumos de limpieza', 'Ajax', 'Unidad', 0.00000, 5, 1, 0, 1, 0, NULL),
	(30, '1030', 'Toalla para paquetes', 'Atencion a pacientes', '', 'Unidad', 0.00000, 50, 1, 0, 1, 0, NULL),
	(31, '1031', 'Bolsas para paquetes', 'Atencion a pacientes', '', 'Unidad', 0.00000, 50, 248, 0, 1, 0, NULL),
	(32, '1032', 'Jabon espuma para dispensador', 'Insumos de limpieza', 'Falmer', 'Unidad', 0.00000, 5, 1, 0, 1, 0, NULL),
	(33, '1033', 'Alcohol gel para dispensador', 'Insumos de limpieza', 'Falmer', 'Unidad', 0.00000, 5, 10, 0, 1, 0, NULL),
	(34, '1034', 'Papel aluminio', 'Insumos de limpieza', '', 'Unidad', 0.00000, 1, 11, 0, 1, 0, NULL),
	(35, '1035', 'Jabon de manos para paquetes', 'Atencion a pacientes', '', 'Unidad', 0.00000, 50, 1, 0, 1, 0, NULL),
	(36, '1036', 'Botella de agua pequeña', 'Atencion a pacientes', '', 'Unidad', 0.00000, 50, 185, 0, 1, 0, NULL),
	(37, '1037', 'Botella de agua grande', 'Atencion a pacientes', '', 'Unidad', 0.00000, 50, 336, 0, 1, 0, NULL),
	(38, '1038', 'Botella de agua garrafon', 'Atencion a pacientes', '', 'Unidad', 0.00000, 50, 456, 0, 1, 0, NULL),
	(39, '1039', 'Papel cocina para ultra', 'Atencion a pacientes', '', 'Unidad', 0.00000, 2, 12, 0, 1, 0, NULL),
	(40, '1040', 'Prestobarba', 'Atencion a pacientes', '', 'Unidad', 0.00000, 10, 8, 0, 1, 0, NULL),
	(41, '1041', 'Azucar libra', 'Atencion a pacientes', '', 'Unidad', 0.00000, 5, 48, 0, 1, 0, NULL),
	(42, '1042', 'Jabon para manos pequeño', 'Insumos de limpieza', '', 'Unidad', 0.00000, 5, -5, 0, 1, 0, NULL),
	(43, '1043', 'Bateria AA', 'Atencion a pacientes', '', 'Unidad', 0.00000, 4, 0, 0, 1, 0, NULL),
	(44, '1044', 'Bateria AAA', 'Atencion a pacientes', '', 'Unidad', 0.25000, 4, 19, 0, 1, 0, NULL),
	(45, '1045', 'Bolsa de alcohol gel verde', 'Insumos de limpieza', '', 'Unidad', 1.00000, 0, 4, 0, 1, 0, NULL),
	(46, '1046', 'Bolsa de alcohol gel verde', 'Atencion a pacientes', '', 'Unidad', 0.00000, 0, 0, 0, 0, 0, NULL),
	(47, '1047', 'Bolsa de alcohol gel verde', 'Atencion a pacientes', '', 'Unidad', 0.00000, 0, 0, 0, 0, 0, NULL);

-- Volcando estructura para tabla db_hospital_orellana.tbl_kardex
CREATE TABLE IF NOT EXISTS `tbl_kardex` (
  `idKardex` int(11) NOT NULL AUTO_INCREMENT,
  `idMedicamento` int(11) NOT NULL,
  `precioMedicamento` decimal(9,2) NOT NULL,
  `cantidadMedicamento` int(11) NOT NULL,
  `descripcionMedicamento` varchar(15) NOT NULL,
  `facturaMedicamento` int(11) NOT NULL,
  `tipoProceso` int(11) NOT NULL,
  `transaccion` int(11) NOT NULL,
  `fechaMedicamento` timestamp NOT NULL DEFAULT current_timestamp(),
  `ocupadaPor` varchar(15) NOT NULL,
  PRIMARY KEY (`idKardex`)
) ENGINE=InnoDB AUTO_INCREMENT=552 DEFAULT CHARSET=utf8 COLLATE=utf8_spanish_ci;

-- Volcando datos para la tabla db_hospital_orellana.tbl_kardex: ~330 rows (aproximadamente)
INSERT INTO `tbl_kardex` (`idKardex`, `idMedicamento`, `precioMedicamento`, `cantidadMedicamento`, `descripcionMedicamento`, `facturaMedicamento`, `tipoProceso`, `transaccion`, `fechaMedicamento`, `ocupadaPor`) VALUES
	(3, 400, 1.68, 15, 'Entrada', 1, 1, 3, '2021-02-16 16:00:24', ''),
	(4, 406, 2.00, 25, 'Entrada', 1, 1, 4, '2021-02-16 16:00:24', ''),
	(5, 403, 0.02, 15, 'Entrada', 1, 1, 5, '2021-02-16 16:00:24', ''),
	(6, 2, 5.31, 15, 'Entrada', 2, 1, 6, '2021-02-18 16:07:49', ''),
	(7, 587, 0.50, 25, 'Entrada', 2, 1, 7, '2021-02-18 16:07:49', ''),
	(8, 346, 1.57, 50, 'Entrada', 2, 1, 8, '2021-02-18 16:07:49', ''),
	(9, 472, 1.59, 25, 'Entrada', 3, 1, 9, '2021-03-12 16:24:08', ''),
	(10, 197, 1.95, 1, 'Salida', 38, 2, 41, '2021-04-06 16:29:31', 'Bienestar'),
	(11, 122, 2.76, 1, 'Salida', 38, 2, 42, '2021-04-06 16:29:32', 'Bienestar'),
	(12, 2, 5.31, 35, 'Entrada', 4, 1, 10, '2021-04-06 16:31:23', ''),
	(13, 587, 0.50, 15, 'Entrada', 4, 1, 11, '2021-04-06 16:34:48', ''),
	(14, 443, 0.35, 10, 'Entrada', 5, 1, 12, '2021-05-06 16:36:33', ''),
	(15, 445, 0.35, 10, 'Entrada', 5, 1, 13, '2021-05-06 16:36:33', ''),
	(16, 284, 14.52, 10, 'Entrada', 5, 1, 14, '2021-05-06 16:36:33', ''),
	(17, 3, 0.05, 50, 'Entrada', 6, 1, 15, '2021-06-16 16:41:29', ''),
	(20, 7, 0.18, 2, 'Salida', 1, 2, 3, '2021-06-16 16:55:58', 'Hospital'),
	(21, 4, 0.78, 2, 'Salida', 1, 2, 4, '2021-06-16 16:55:58', 'Hospital'),
	(22, 215, 10.99, 2, 'Salida', 1, 2, 5, '2021-06-16 16:55:58', 'Hospital'),
	(23, 4, 0.78, 5, 'Salida', 1, 2, 6, '2021-06-16 16:58:42', 'Hospital'),
	(25, 3, 0.10, 5, 'Salida', 2, 2, 8, '2021-06-16 17:24:25', 'Hospital'),
	(26, 8, 0.18, 10, 'Salida', 2, 2, 9, '2021-06-16 17:24:25', 'Hospital'),
	(27, 1, 5.24, 1, 'Salida', 2, 2, 10, '2021-06-16 17:26:33', 'Hospital'),
	(28, 1, 5.24, 3, 'Salida', 2, 2, 11, '2021-06-16 17:26:33', 'Hospital'),
	(29, 5, 0.53, 1, 'Salida', 3, 2, 12, '2021-06-18 17:49:06', 'Hospital'),
	(30, 4, 0.78, 1, 'Salida', 3, 2, 13, '2021-06-18 17:49:07', 'Hospital'),
	(31, 3, 0.10, 1, 'Salida', 3, 2, 14, '2021-06-18 17:49:07', 'Hospital'),
	(32, 547, 5.00, 1, 'Salida', 4, 2, 15, '2021-07-16 17:54:51', 'Hospital'),
	(33, 572, 50.00, 1, 'Salida', 4, 2, 16, '2021-07-16 17:54:52', 'Hospital'),
	(34, 7, 0.18, 5, 'Salida', 4, 2, 17, '2021-07-16 17:54:52', 'Hospital'),
	(35, 327, 4.50, 1, 'Salida', 41, 2, 43, '2021-06-18 14:59:56', 'Bienestar'),
	(36, 131, 2.00, 1, 'Salida', 41, 2, 44, '2021-06-18 14:59:56', 'Bienestar'),
	(37, 15, 1.25, 2, 'Salida', 41, 2, 45, '2021-06-18 14:59:56', 'Bienestar'),
	(38, 319, 0.39, 1, 'Salida', 41, 2, 46, '2021-06-18 15:10:38', 'Bienestar'),
	(42, 371, 10.00, 1, 'Salida', 5, 2, 18, '2021-06-19 16:21:33', 'Hospital'),
	(43, 547, 5.00, 1, 'Salida', 5, 2, 19, '2021-06-19 16:21:33', 'Hospital'),
	(44, 291, 1.15, 1, 'Salida', 5, 2, 20, '2021-06-19 16:21:33', 'Hospital'),
	(45, 514, 0.15, 3, 'Salida', 5, 2, 21, '2021-06-19 16:21:33', 'Hospital'),
	(46, 471, 1.05, 1, 'Salida', 5, 2, 22, '2021-06-19 16:21:34', 'Hospital'),
	(47, 712, 10.00, 1, 'Salida', 5, 2, 23, '2021-06-19 16:21:34', 'Hospital'),
	(48, 552, 2.50, 4, 'Salida', 5, 2, 24, '2021-06-19 16:35:46', 'Hospital'),
	(49, 2, 7.50, 1, 'Salida', 6, 2, 25, '2021-06-19 16:56:08', ''),
	(50, 3, 0.10, 1, 'Salida', 6, 2, 26, '2021-06-19 16:56:09', ''),
	(51, 253, 303.96, 1, 'Salida', 6, 2, 27, '2021-06-19 16:56:09', ''),
	(52, 5, 0.53, 1, 'Salida', 6, 2, 28, '2021-06-19 16:56:09', ''),
	(53, 732, 20.00, 5, 'Salida', 9, 2, 29, '2021-06-21 16:57:07', 'Hospital'),
	(54, 738, 34.00, 3, 'Salida', 9, 2, 30, '2021-06-21 16:57:07', 'Hospital'),
	(55, 855, 30.01, 3, 'Salida', 10, 2, 31, '2021-06-21 18:17:36', 'Hospital'),
	(56, 732, 30.00, 1, 'Salida', 15, 2, 32, '2021-06-24 22:20:06', 'Hospital'),
	(57, 672, 4.50, 1, 'Salida', 12, 2, 33, '2021-06-24 22:20:51', 'Hospital'),
	(58, 718, 8.00, 1, 'Salida', 12, 2, 34, '2021-06-24 22:20:52', 'Hospital'),
	(59, 1, 15.00, 1, 'Salida', 13, 2, 35, '2021-06-25 14:06:39', 'Hospital'),
	(60, 10, 12.84, 1, 'Salida', 13, 2, 36, '2021-06-25 14:06:39', 'Hospital'),
	(61, 866, 15.00, 1, 'Salida', 13, 2, 37, '2021-06-25 14:06:39', 'Hospital'),
	(62, 861, 4.00, 1, 'Salida', 13, 2, 38, '2021-06-25 14:06:39', 'Hospital'),
	(66, 2, 5.31, 15, 'Entrada', 7, 1, 16, '2021-06-25 21:49:58', ''),
	(67, 11, 7.07, 10, 'Entrada', 7, 1, 17, '2021-06-25 21:49:58', ''),
	(68, 252, 5.50, 1, 'Salida', 20, 2, 39, '2021-06-26 15:14:45', 'Hospital'),
	(69, 269, 2.10, 2, 'Salida', 20, 2, 40, '2021-06-26 15:14:45', 'Hospital'),
	(70, 430, 4.60, 1, 'Salida', 20, 2, 41, '2021-06-26 15:14:45', 'Hospital'),
	(71, 252, 5.50, 1, 'Salida', 20, 2, 42, '2021-06-26 15:23:18', 'Hospital'),
	(72, 252, 5.50, 1, 'Salida', 20, 2, 43, '2021-06-26 15:24:19', 'Hospital'),
	(73, 2, 7.50, 1, 'Salida', 20, 2, 44, '2021-06-26 15:24:19', 'Hospital'),
	(74, 391, 4.50, 3, 'Salida', 20, 2, 45, '2021-06-26 15:25:20', 'Hospital'),
	(75, 260, 3.50, 5, 'Salida', 20, 2, 46, '2021-06-26 15:27:02', 'Hospital'),
	(77, 1, 5.24, 3, 'Salida', 20, 2, 48, '2021-06-26 15:27:02', 'Hospital'),
	(78, 2, 7.50, 1, 'Salida', 20, 2, 49, '2021-06-26 15:27:02', 'Hospital'),
	(79, 252, 5.50, 1, 'Salida', 20, 2, 50, '2021-06-26 15:27:02', 'Hospital'),
	(80, 572, 75.00, 1, 'Salida', 20, 2, 51, '2021-06-26 15:37:32', 'Hospital'),
	(81, 552, 80.00, 1, 'Salida', 20, 2, 52, '2021-06-26 15:39:10', 'Hospital'),
	(84, 266, 5.75, 1, 'Salida', 20, 2, 55, '2021-06-26 16:08:59', 'Hospital'),
	(85, 391, 0.95, 72, 'Entrada', 8, 1, 18, '2021-06-26 16:16:29', ''),
	(86, 260, 0.92, 1, 'Entrada', 8, 1, 19, '2021-06-26 16:16:29', ''),
	(87, 49, 22.60, 1, 'Entrada', 9, 1, 20, '2021-06-26 16:56:02', ''),
	(93, 672, 4.50, 1, 'Salida', 24, 2, 61, '2021-06-29 17:11:19', ''),
	(94, 808, 20.00, 1, 'Salida', 24, 2, 62, '2021-06-29 17:11:19', ''),
	(95, 687, 8.00, 1, 'Salida', 24, 2, 63, '2021-06-29 17:11:19', ''),
	(96, 672, 4.50, 1, 'Salida', 25, 2, 64, '2021-06-29 17:13:54', ''),
	(97, 808, 20.00, 1, 'Salida', 25, 2, 65, '2021-06-29 17:13:54', ''),
	(98, 687, 8.00, 1, 'Salida', 25, 2, 66, '2021-06-29 17:13:54', ''),
	(99, 2, 7.50, 1, 'Salida', 26, 2, 67, '2021-06-29 17:15:00', ''),
	(100, 3, 0.10, 1, 'Salida', 26, 2, 68, '2021-06-29 17:15:00', ''),
	(101, 253, 303.96, 1, 'Salida', 26, 2, 69, '2021-06-29 17:15:00', ''),
	(102, 5, 0.53, 1, 'Salida', 26, 2, 70, '2021-06-29 17:15:00', ''),
	(107, 854, 23.00, 2, 'Salida', 28, 2, 75, '2021-07-02 14:54:16', 'Hospital'),
	(125, 4, 0.78, 1, 'Salida', 27, 2, 93, '2021-07-06 15:26:52', 'Hospital'),
	(132, 7, 0.20, 11, 'Salida', 27, 2, 100, '2021-07-06 15:46:17', 'Hospital'),
	(135, 1, 5.24, 1, 'Salida', 11, 2, 103, '2021-07-08 16:54:28', 'Hospital'),
	(137, 1, 5.24, 1, 'Salida', 11, 2, 105, '2021-07-08 17:01:25', 'Hospital'),
	(138, 1, 5.24, 2, 'Salida', 19, 2, 106, '2021-07-08 17:36:00', 'Hospital'),
	(141, 2, 7.50, 1, 'Salida', 30, 2, 110, '2021-07-09 17:08:17', ''),
	(142, 3, 0.10, 1, 'Salida', 30, 2, 111, '2021-07-09 17:08:17', ''),
	(143, 5, 0.53, 1, 'Salida', 30, 2, 112, '2021-07-09 17:08:17', ''),
	(144, 856, 80.00, 1, 'Salida', 30, 2, 113, '2021-07-09 17:08:17', ''),
	(145, 406, 10.00, 2, 'Salida', 30, 2, 114, '2021-07-09 17:08:17', ''),
	(146, 16, 1.09, 3, 'Salida', 30, 2, 115, '2021-07-09 17:08:17', ''),
	(147, 265, 7.00, 1, 'Salida', 30, 2, 116, '2021-07-09 17:08:17', ''),
	(148, 6, 19.48, 1, 'Salida', 30, 2, 117, '2021-07-09 17:09:19', 'Hospital'),
	(149, 3, 0.10, 2, 'Salida', 30, 2, 118, '2021-07-09 17:09:34', 'Hospital'),
	(152, 7, 0.18, 1, 'Salida', 31, 2, 121, '2021-07-10 17:22:20', 'Hospital'),
	(153, 3, 0.10, 1, 'Salida', 32, 2, 122, '2021-07-10 17:32:54', ''),
	(154, 2, 7.50, 1, 'Salida', 32, 2, 123, '2021-07-10 17:32:54', ''),
	(155, 5, 0.53, 1, 'Salida', 32, 2, 124, '2021-07-10 17:32:54', ''),
	(156, 253, 303.96, 1, 'Salida', 32, 2, 125, '2021-07-10 17:32:54', ''),
	(180, 335, 7.87, 10, 'Entrada', 10, 1, 44, '2021-07-14 16:57:11', ''),
	(181, 335, 7.87, 10, 'Entrada', 10, 1, 45, '2021-07-14 16:57:11', ''),
	(182, 335, 7.87, 20, 'Entrada', 10, 1, 46, '2021-07-14 16:57:11', ''),
	(183, 335, 7.87, 20, 'Entrada', 10, 1, 47, '2021-07-14 16:57:11', ''),
	(192, 1, 5.00, 14, 'Salida', 31, 2, 132, '2021-07-15 20:37:05', 'Hospital'),
	(193, 0, 7.50, 8, 'Salida', 16, 2, 133, '2021-07-16 13:37:31', 'Hospital'),
	(197, 0, 0.10, 8, 'Salida', 16, 2, 137, '2021-07-16 15:17:51', 'Hospital'),
	(198, 0, 7.50, 4, 'Salida', 16, 2, 138, '2021-07-16 15:24:09', 'Hospital'),
	(199, 0, 5.24, 1, 'Salida', 16, 2, 139, '2021-07-16 15:30:04', 'Hospital'),
	(200, 0, 5.24, 3, 'Salida', 16, 2, 140, '2021-07-16 15:30:34', 'Hospital'),
	(201, 0, 7.50, 8, 'Salida', 16, 2, 141, '2021-07-16 15:38:00', 'Hospital'),
	(202, 3, 7.50, 8, 'Salida', 16, 2, 142, '2021-07-16 15:51:02', 'Hospital'),
	(204, 4, 0.78, 1, 'Salida', 16, 2, 144, '2021-07-16 18:17:29', 'Hospital'),
	(206, 2, 5.24, 8, 'Salida', 16, 2, 146, '2021-07-16 22:03:09', 'Hospital'),
	(208, 2, 5.31, 50, 'Entrada', 11, 1, 49, '2021-07-16 22:08:02', ''),
	(210, 6, 10.00, 101, 'Entrada', 11, 1, 51, '2021-07-16 22:09:35', ''),
	(213, 1, 2.50, 35, 'Entrada', 12, 1, 52, '2021-07-17 14:28:57', ''),
	(225, 33, 7.50, 50, 'Salida', 14, 2, 154, '2021-07-17 16:11:25', 'Hospital'),
	(228, 1, 5.24, 5, 'Salida', 33, 2, 157, '2021-07-19 19:50:45', 'Hospital'),
	(229, 4, 0.78, 2, 'Salida', 17, 2, 158, '2021-07-20 15:58:58', 'Hospital'),
	(230, 1, 5.24, 1, 'Salida', 29, 2, 55, '2021-08-09 20:10:53', 'Bienestar'),
	(236, 856, 174.00, 1, 'Salida', 23, 2, 159, '2021-09-13 15:33:06', 'Hospital'),
	(237, 1, 5.24, 1, 'Salida', 18, 2, 160, '2021-09-24 17:27:19', 'Hospital'),
	(240, 6, 19.48, 1, 'Salida', 18, 2, 163, '2021-09-24 17:34:20', 'Hospital'),
	(252, 2, 7.50, 5, 'Salida', 40, 2, 175, '2021-09-27 15:40:08', 'Hospital'),
	(253, 1, 5.24, 1, 'Salida', 40, 2, 176, '2021-09-27 15:45:33', 'Hospital'),
	(257, 2, 7.50, 1, 'Salida', 41, 2, 180, '2021-09-27 16:23:53', ''),
	(258, 3, 0.10, 1, 'Salida', 41, 2, 181, '2021-09-27 16:23:53', ''),
	(259, 5, 0.53, 1, 'Salida', 41, 2, 182, '2021-09-27 16:23:53', ''),
	(260, 856, 80.00, 1, 'Salida', 41, 2, 183, '2021-09-27 16:23:53', ''),
	(261, 406, 10.00, 2, 'Salida', 41, 2, 184, '2021-09-27 16:23:53', ''),
	(265, 2, 5.31, 1, 'Entrada', 7, 1, 59, '2021-09-27 16:46:44', ''),
	(271, 222, 0.14, 50, 'Entrada', 8, 1, 62, '2021-10-28 16:33:17', ''),
	(272, 333, 7.70, 25, 'Entrada', 8, 1, 63, '2021-10-28 16:33:17', ''),
	(274, 232, 0.55, 75, 'Entrada', 8, 1, 65, '2021-10-28 16:38:02', ''),
	(277, 232, 0.72, 1, 'Salida', 43, 2, 191, '2021-10-28 17:08:29', 'Hospital'),
	(278, 590, 18.00, 1, 'Salida', 43, 2, 192, '2021-10-28 17:08:58', 'Hospital'),
	(279, 333, 12.00, 1, 'Salida', 43, 2, 193, '2021-10-28 17:09:23', 'Hospital'),
	(280, 222, 0.22, 12, 'Salida', 43, 2, 194, '2021-10-28 17:10:00', 'Hospital'),
	(281, 357, 0.27, 5, 'Salida', 43, 2, 195, '2021-10-28 17:10:24', 'Hospital'),
	(282, 28, 6.84, 1, 'Salida', 43, 2, 196, '2021-10-28 17:10:35', 'Hospital'),
	(284, 4, 0.78, 1, 'Salida', 44, 2, 198, '2021-10-29 16:31:46', ''),
	(286, 6, 19.48, 1, 'Salida', 44, 2, 200, '2021-10-29 16:31:46', ''),
	(288, 351, 6.86, 1, 'Salida', 53, 2, 77, '2021-10-29 20:26:54', 'Bienestar'),
	(289, 354, 1.56, 1, 'Salida', 53, 2, 78, '2021-10-29 20:26:54', 'Bienestar'),
	(291, 242, 0.45, 33, 'Salida', 44, 2, 201, '2021-10-29 20:55:49', 'Hospital'),
	(294, 242, 0.45, 88, 'Salida', 44, 2, 202, '2021-10-29 21:00:06', 'Hospital'),
	(302, 5, 0.00, 105, 'Entrada', 8, 1, 68, '2021-10-29 21:24:55', ''),
	(305, 1, 5.24, 21, 'Salida', 45, 2, 209, '2021-11-06 15:33:41', 'Hospital'),
	(315, 1, 2.50, 25, 'Entrada', 13, 1, 69, '2021-11-06 15:55:32', ''),
	(316, 7, 0.25, 30, 'Entrada', 13, 1, 70, '2021-11-06 15:55:32', ''),
	(317, 42, 5.00, 50, 'Entrada', 13, 1, 71, '2021-11-06 15:55:32', ''),
	(318, 237, 0.14, 23, 'Entrada', 13, 1, 72, '2021-11-06 15:55:32', ''),
	(320, 88, 1.70, 10, 'Entrada', 13, 1, 74, '2021-11-06 16:44:56', ''),
	(324, 1, 5.24, 10, 'Salida', 46, 2, 215, '2021-11-10 15:51:33', 'Hospital'),
	(325, 856, 35.00, 1, 'Salida', 47, 2, 216, '2021-11-13 13:57:28', 'Hospital'),
	(326, 856, 35.00, 1, 'Salida', 48, 2, 217, '2021-11-13 13:58:41', 'Hospital'),
	(330, 856, 150.00, 1, 'Salida', 49, 2, 221, '2021-12-06 21:32:44', 'Hospital'),
	(331, 819, 199.00, 1, 'Salida', 50, 2, 222, '2021-12-06 21:34:09', 'Hospital'),
	(332, 856, 50.00, 1, 'Salida', 45, 2, 223, '2021-12-07 17:43:16', 'Hospital'),
	(333, 819, 23.00, 1, 'Salida', 45, 2, 224, '2021-12-07 17:43:21', 'Hospital'),
	(335, 587, 0.50, 100, 'Entrada', 15, 1, 76, '2021-12-22 15:14:51', ''),
	(336, 587, 0.45, 50, 'Entrada', 15, 1, 77, '2021-12-22 15:16:29', ''),
	(337, 2, 5.31, 9, 'Entrada', 15, 1, 78, '2021-12-22 15:41:31', ''),
	(339, 1, 2.50, 3, 'Entrada', 11, 1, 80, '2021-12-23 16:21:25', ''),
	(343, 2, 5.31, 100, 'Entrada', 16, 1, 83, '2022-01-04 21:59:40', ''),
	(346, 850, 25.00, 1, 'Salida', 51, 2, 227, '2022-01-06 15:28:50', 'Hospital'),
	(347, 732, 20.00, 1, 'Salida', 52, 2, 228, '2022-01-06 15:30:02', 'Hospital'),
	(348, 742, 15.00, 1, 'Salida', 53, 2, 229, '2022-01-06 15:31:59', 'Hospital'),
	(349, 732, 20.00, 1, 'Salida', 54, 2, 230, '2022-01-06 15:53:48', 'Hospital'),
	(350, 854, 23.00, 1, 'Salida', 55, 2, 231, '2022-01-06 15:55:12', 'Hospital'),
	(351, 1, 5.24, 5, 'Salida', 55, 2, 232, '2022-01-06 20:56:05', 'Hospital'),
	(353, 1, 5.24, 5, 'Salida', 56, 2, 234, '2022-01-07 15:12:29', 'Hospital'),
	(354, 18, 4.80, 5, 'Salida', 56, 2, 235, '2022-01-07 15:12:30', 'Hospital'),
	(356, 10, 12.84, 1, 'Salida', 56, 2, 237, '2022-01-07 15:13:26', 'Hospital'),
	(357, 856, 25.00, 1, 'Salida', 57, 2, 238, '2022-01-07 20:41:21', 'Hospital'),
	(359, 856, 50.00, 1, 'Salida', 57, 2, 240, '2022-01-07 20:45:41', 'Hospital'),
	(370, 18, 4.80, 4, 'Salida', 59, 2, 251, '2022-01-11 16:35:28', 'Hospital'),
	(371, 887, 7.50, 1, 'Salida', 59, 2, 252, '2022-01-11 16:35:33', 'Hospital'),
	(372, 883, 8.00, 1, 'Salida', 59, 2, 253, '2022-01-11 16:35:34', 'Hospital'),
	(373, 881, 7.00, 1, 'Salida', 59, 2, 254, '2022-01-11 16:35:36', 'Hospital'),
	(374, 732, 20.00, 1, 'Salida', 59, 2, 255, '2022-01-11 16:37:12', 'Hospital'),
	(375, 742, 15.00, 1, 'Salida', 59, 2, 256, '2022-01-11 16:37:20', 'Hospital'),
	(376, 740, 23.43, 1, 'Salida', 59, 2, 257, '2022-01-11 16:37:25', 'Hospital'),
	(377, 851, 65.00, 1, 'Salida', 59, 2, 258, '2022-01-11 16:37:32', 'Hospital'),
	(378, 558, 15.00, 1, 'Salida', 59, 2, 259, '2022-01-11 16:37:55', 'Hospital'),
	(379, 546, 30.00, 1, 'Salida', 59, 2, 260, '2022-01-11 16:38:05', 'Hospital'),
	(380, 559, 30.00, 1, 'Salida', 59, 2, 261, '2022-01-11 16:38:12', 'Hospital'),
	(381, 566, 10.00, 1, 'Salida', 59, 2, 262, '2022-01-11 16:38:20', 'Hospital'),
	(382, 327, 1.00, 1, 'Salida', 59, 2, 263, '2022-01-11 16:38:23', 'Hospital'),
	(383, 1, 5.24, 5, 'Salida', 59, 2, 264, '2022-01-11 16:46:45', 'Hospital'),
	(385, 856, 50.00, 1, 'Salida', 59, 2, 266, '2022-01-11 16:49:35', 'Hospital'),
	(386, 856, 25.00, 1, 'Salida', 58, 2, 267, '2022-01-11 17:02:03', 'Hospital'),
	(387, 2, 7.50, 1, 'Salida', 60, 2, 268, '2022-01-11 17:19:16', ''),
	(388, 253, 303.96, 1, 'Salida', 60, 2, 269, '2022-01-11 17:19:16', ''),
	(389, 558, 15.00, 1, 'Salida', 60, 2, 270, '2022-01-11 17:19:16', ''),
	(390, 546, 30.00, 1, 'Salida', 60, 2, 271, '2022-01-11 17:19:17', ''),
	(391, 559, 30.00, 1, 'Salida', 60, 2, 272, '2022-01-11 17:19:18', ''),
	(392, 657, 4.00, 1, 'Salida', 60, 2, 273, '2022-01-11 17:19:18', ''),
	(393, 398, 5.00, 1, 'Salida', 60, 2, 274, '2022-01-11 17:19:19', ''),
	(394, 269, 2.10, 1, 'Salida', 60, 2, 275, '2022-01-11 17:19:19', ''),
	(395, 271, 2.10, 1, 'Salida', 60, 2, 276, '2022-01-11 17:19:19', ''),
	(396, 418, 10.00, 1, 'Salida', 60, 2, 277, '2022-01-11 17:19:20', ''),
	(397, 283, 0.70, 1, 'Salida', 60, 2, 278, '2022-01-11 17:19:20', ''),
	(398, 269, 2.10, 1, 'Salida', 61, 2, 279, '2022-01-11 17:37:19', 'Hospital'),
	(399, 430, 4.60, 1, 'Salida', 61, 2, 280, '2022-01-11 17:37:32', 'Hospital'),
	(400, 262, 5.50, 1, 'Salida', 61, 2, 281, '2022-01-11 17:37:46', 'Hospital'),
	(401, 85, 2.25, 2, 'Salida', 61, 2, 282, '2022-01-11 17:38:24', 'Hospital'),
	(402, 454, 1.75, 1, 'Salida', 61, 2, 283, '2022-01-11 17:38:32', 'Hospital'),
	(403, 471, 1.05, 1, 'Salida', 61, 2, 284, '2022-01-11 17:38:38', 'Hospital'),
	(404, 514, 0.15, 3, 'Salida', 61, 2, 285, '2022-01-11 17:38:55', 'Hospital'),
	(405, 552, 2.50, 7, 'Salida', 61, 2, 286, '2022-01-11 17:39:04', 'Hospital'),
	(406, 547, 5.00, 1, 'Salida', 61, 2, 287, '2022-01-11 17:39:16', 'Hospital'),
	(407, 579, 5.00, 1, 'Salida', 61, 2, 288, '2022-01-11 17:39:56', 'Hospital'),
	(408, 478, 2.10, 1, 'Salida', 61, 2, 289, '2022-01-11 17:42:27', 'Hospital'),
	(410, 819, 35.00, 1, 'Salida', 62, 2, 291, '2022-01-11 17:48:37', 'Hospital'),
	(411, 856, 19.00, 1, 'Salida', 62, 2, 292, '2022-01-11 17:49:16', 'Hospital'),
	(412, 547, 5.00, 1, 'Salida', 62, 2, 293, '2022-01-11 17:49:28', 'Hospital'),
	(413, 271, 2.10, 1, 'Salida', 62, 2, 294, '2022-01-11 17:49:41', 'Hospital'),
	(414, 100, 2.00, 1, 'Salida', 62, 2, 295, '2022-01-11 17:50:06', 'Hospital'),
	(415, 328, 5.45, 1, 'Salida', 62, 2, 296, '2022-01-11 17:51:06', 'Hospital'),
	(416, 454, 1.75, 2, 'Salida', 62, 2, 297, '2022-01-11 17:51:16', 'Hospital'),
	(417, 13, 1.25, 4, 'Salida', 62, 2, 298, '2022-01-11 17:51:48', 'Hospital'),
	(418, 514, 0.15, 3, 'Salida', 62, 2, 299, '2022-01-11 17:52:00', 'Hospital'),
	(420, 276, 17.17, 1, 'Salida', 57, 2, 92, '2022-01-11 21:51:50', 'Bienestar'),
	(421, 131, 2.00, 1, 'Salida', 57, 2, 93, '2022-01-11 21:51:50', 'Bienestar'),
	(422, 197, 1.95, 1, 'Salida', 57, 2, 94, '2022-01-11 21:51:50', 'Bienestar'),
	(423, 854, 23.00, 1, 'Salida', 66, 2, 301, '2022-01-12 16:08:09', 'Hospital'),
	(424, 856, 25.00, 1, 'Salida', 65, 2, 302, '2022-01-12 18:09:52', 'Hospital'),
	(425, 856, 15.00, 1, 'Salida', 68, 2, 303, '2022-01-13 20:30:54', 'Hospital'),
	(426, 850, 25.00, 1, 'Salida', 76, 2, 304, '2022-01-15 14:39:07', 'Hospital'),
	(428, 854, 23.00, 1, 'Salida', 78, 2, 306, '2022-01-24 20:37:06', 'Hospital'),
	(429, 270, 2.10, 1, 'Salida', 79, 2, 307, '2022-01-24 20:39:26', 'Hospital'),
	(430, 411, 1.15, 1, 'Salida', 79, 2, 308, '2022-01-24 20:39:30', 'Hospital'),
	(431, 430, 4.60, 1, 'Salida', 79, 2, 309, '2022-01-24 20:39:36', 'Hospital'),
	(432, 454, 1.75, 1, 'Salida', 79, 2, 310, '2022-01-24 20:39:40', 'Hospital'),
	(433, 372, 11.30, 1, 'Salida', 79, 2, 311, '2022-01-24 20:39:46', 'Hospital'),
	(434, 353, 1.75, 1, 'Salida', 79, 2, 312, '2022-01-24 20:39:49', 'Hospital'),
	(435, 250, 2.25, 1, 'Salida', 79, 2, 313, '2022-01-24 20:39:55', 'Hospital'),
	(436, 339, 3.46, 1, 'Salida', 79, 2, 314, '2022-01-24 20:39:59', 'Hospital'),
	(437, 558, 15.00, 1, 'Salida', 79, 2, 315, '2022-01-24 20:41:04', 'Hospital'),
	(438, 559, 30.00, 1, 'Salida', 79, 2, 316, '2022-01-24 20:41:06', 'Hospital'),
	(439, 546, 30.00, 1, 'Salida', 79, 2, 317, '2022-01-24 20:41:09', 'Hospital'),
	(440, 566, 10.00, 1, 'Salida', 79, 2, 318, '2022-01-24 20:41:11', 'Hospital'),
	(441, 571, 1.50, 2, 'Salida', 79, 2, 319, '2022-01-24 20:41:23', 'Hospital'),
	(442, 534, 1.50, 2, 'Salida', 79, 2, 320, '2022-01-24 20:41:27', 'Hospital'),
	(443, 443, 2.00, 2, 'Salida', 80, 2, 321, '2022-02-01 15:54:56', 'Hospital'),
	(444, 454, 1.75, 2, 'Salida', 80, 2, 322, '2022-02-01 15:55:33', 'Hospital'),
	(445, 850, 25.00, 1, 'Salida', 77, 2, 323, '2022-02-01 16:25:31', 'Hospital'),
	(446, 291, 1.15, 1, 'Salida', 81, 2, 324, '2022-02-01 16:38:09', 'Hospital'),
	(447, 443, 2.00, 1, 'Salida', 81, 2, 325, '2022-02-01 16:38:52', 'Hospital'),
	(449, 596, 4.00, 1, 'Salida', 81, 2, 327, '2022-02-01 16:39:22', 'Hospital'),
	(450, 3, 0.10, 2, 'Salida', 82, 2, 328, '2022-02-01 19:50:41', 'Hospital'),
	(451, 291, 1.15, 2, 'Salida', 82, 2, 329, '2022-02-01 19:51:17', 'Hospital'),
	(452, 514, 0.15, 1, 'Salida', 82, 2, 330, '2022-02-01 19:51:33', 'Hospital'),
	(453, 443, 2.00, 1, 'Salida', 82, 2, 331, '2022-02-01 19:52:30', 'Hospital'),
	(454, 1, 5.24, 1, 'Salida', 83, 2, 332, '2022-02-01 20:05:02', 'Hospital'),
	(455, 5, 0.53, 1, 'Salida', 83, 2, 333, '2022-02-01 20:05:11', 'Hospital'),
	(456, 3, 0.10, 1, 'Salida', 83, 2, 334, '2022-02-01 20:05:20', 'Hospital'),
	(457, 4, 0.78, 0, 'Salida', 83, 2, 335, '2022-02-01 20:05:24', 'Hospital'),
	(458, 290, 1.15, 0, 'Salida', 83, 2, 336, '2022-02-01 20:05:40', 'Hospital'),
	(459, 267, 11.50, 1, 'Salida', 83, 2, 337, '2022-02-01 20:06:07', 'Hospital'),
	(460, 138, 1.95, 1, 'Salida', 83, 2, 338, '2022-02-01 20:06:47', 'Hospital'),
	(461, 2, 7.50, 1, 'Salida', 84, 2, 339, '2022-02-01 20:26:30', 'Hospital'),
	(462, 454, 1.75, 1, 'Salida', 84, 2, 340, '2022-02-01 20:26:45', 'Hospital'),
	(463, 7, 0.18, 1, 'Salida', 85, 2, 341, '2022-02-01 20:39:37', 'Hospital'),
	(464, 89, 2.12, 1, 'Salida', 85, 2, 342, '2022-02-01 20:50:49', 'Hospital'),
	(465, 268, 2.10, 0, 'Salida', 85, 2, 343, '2022-02-01 20:51:10', 'Hospital'),
	(466, 420, 80.00, 1, 'Salida', 85, 2, 344, '2022-02-01 20:52:00', 'Hospital'),
	(467, 1, 5.24, 1, 'Salida', 86, 2, 345, '2022-02-01 21:01:14', 'Hospital'),
	(468, 3, 0.10, 0, 'Salida', 86, 2, 346, '2022-02-01 21:01:21', 'Hospital'),
	(469, 13, 1.25, 1, 'Salida', 86, 2, 347, '2022-02-01 21:01:47', 'Hospital'),
	(470, 291, 1.15, 1, 'Salida', 86, 2, 348, '2022-02-01 21:02:13', 'Hospital'),
	(471, 269, 2.10, 1, 'Salida', 85, 2, 349, '2022-02-01 21:12:32', 'Hospital'),
	(472, 454, 1.75, 1, 'Salida', 88, 2, 350, '2022-02-01 22:00:24', 'Hospital'),
	(473, 89, 2.12, 0, 'Salida', 88, 2, 351, '2022-02-01 22:00:43', 'Hospital'),
	(474, 698, 5.00, 1, 'Salida', 88, 2, 352, '2022-02-01 22:01:36', 'Hospital'),
	(477, 850, 25.00, 1, 'Salida', 89, 2, 355, '2022-02-12 14:42:22', 'Hospital'),
	(478, 819, 50.00, 1, 'Salida', 90, 2, 356, '2022-02-12 14:46:38', 'Hospital'),
	(479, 1, 5.24, 1, 'Salida', 108, 2, 398, '2022-02-24 14:27:42', 'Hospital'),
	(485, 1, 5.24, 1, 'Salida', 111, 2, 399, '2022-04-04 14:20:35', 'Hospital'),
	(486, 884, 8.00, 1, 'Salida', 111, 2, 400, '2022-04-04 14:20:37', 'Hospital'),
	(487, 45, 0.26, 1, 'Salida', 111, 2, 401, '2022-04-04 14:20:47', 'Hospital'),
	(488, 48, 4.31, 1, 'Salida', 111, 2, 402, '2022-04-04 14:20:48', 'Hospital'),
	(489, 42, 21.61, 1, 'Salida', 111, 2, 403, '2022-04-04 14:20:49', 'Hospital'),
	(490, 957, 19.95, 1, 'Salida', 111, 2, 404, '2022-04-05 16:05:50', 'Hospital'),
	(491, 958, 9.99, 1, 'Salida', 111, 2, 405, '2022-04-05 16:05:50', 'Hospital'),
	(492, 712, 10.00, 1, 'Salida', 111, 2, 406, '2022-04-05 16:05:59', 'Hospital'),
	(493, 672, 4.50, 1, 'Salida', 111, 2, 407, '2022-04-05 16:06:00', 'Hospital'),
	(494, 731, 20.00, 1, 'Salida', 111, 2, 408, '2022-04-05 16:06:06', 'Hospital'),
	(495, 733, 29.00, 1, 'Salida', 111, 2, 409, '2022-04-05 16:06:06', 'Hospital'),
	(499, 1, 0.00, 5, 'Salida', 112, 2, 413, '2022-04-11 22:15:13', 'Hospital'),
	(502, 2, 7.50, 1, 'Salida', 57, 2, 416, '2022-04-12 14:12:36', 'Hospital'),
	(503, 5, 0.53, 1, 'Salida', 57, 2, 417, '2022-04-12 14:12:36', 'Hospital'),
	(504, 8, 0.18, 1, 'Salida', 57, 2, 418, '2022-04-12 14:12:37', 'Hospital'),
	(505, 10, 12.84, 1, 'Salida', 57, 2, 419, '2022-04-12 14:12:38', 'Hospital'),
	(506, 856, 50.00, 1, 'Salida', 57, 2, 420, '2022-04-12 14:12:54', 'Hospital'),
	(507, 819, 25.00, 1, 'Salida', 57, 2, 421, '2022-04-12 14:12:56', 'Hospital'),
	(508, 114, 1.50, 2, 'Salida', 57, 2, 422, '2022-04-12 14:13:04', 'Hospital'),
	(509, 220, 0.39, 10, 'Salida', 57, 2, 423, '2022-04-12 14:13:08', 'Hospital'),
	(510, 280, 25.99, 2, 'Salida', 106, 2, 424, '2022-04-26 16:40:56', 'Hospital'),
	(514, 2, 5.31, 2, 'Entrada', 17, 1, 0, '2022-04-27 15:12:04', ''),
	(515, 2, 5.31, 102, 'Entrada', 17, 1, 0, '2022-04-27 15:30:51', ''),
	(516, 856, 25.00, 1, 'Salida', 112, 2, 428, '2022-05-09 15:47:59', 'Hospital'),
	(517, 1, 5.24, 2, 'Salida', 113, 2, 429, '2022-05-16 20:09:38', 'Hospital'),
	(518, 50, 0.50, 5, 'Salida', 113, 2, 430, '2022-05-16 20:10:43', 'Hospital'),
	(519, 2, 7.50, 5, 'Salida', 113, 2, 431, '2022-05-16 20:11:14', 'Hospital'),
	(520, 682, 1.50, 1, 'Salida', 113, 2, 432, '2022-07-25 21:59:25', 'Hospital'),
	(521, 732, 20.00, 1, 'Salida', 113, 2, 433, '2022-07-25 21:59:47', 'Hospital'),
	(522, 850, 25.00, 1, 'Salida', 113, 2, 434, '2022-07-25 21:59:51', 'Hospital'),
	(523, 853, 38.00, 1, 'Salida', 113, 2, 435, '2022-07-25 21:59:52', 'Hospital'),
	(524, 888, 0.72, 1, 'Salida', 103, 2, 436, '2022-08-09 21:48:32', 'Hospital'),
	(525, 888, 0.72, 2, 'Salida', 103, 2, 437, '2022-08-09 22:00:37', 'Hospital'),
	(527, 888, 0.72, 1, 'Salida', 103, 2, 439, '2022-08-09 22:07:27', 'Hospital'),
	(528, 888, 0.72, 1, 'Salida', 103, 2, 440, '2022-08-09 22:08:25', 'Hospital'),
	(529, 888, 0.72, 1, 'Salida', 103, 2, 441, '2022-08-09 22:09:47', 'Hospital'),
	(538, 764, 150.00, 1, 'Salida', 104, 2, 450, '2022-08-10 21:15:08', 'Hospital'),
	(539, 621, 0.00, 1, 'Entrada', 17, 1, 0, '2022-08-12 20:19:39', ''),
	(540, 856, 150.00, 1, 'Salida', 74, 2, 451, '2023-01-09 18:02:25', 'Hospital'),
	(542, 6, 19.31, 1, 'Salida', 117, 2, 453, '2023-01-14 17:49:23', 'Hospital'),
	(543, 1, 5.24, 1, 'Salida', 117, 2, 454, '2023-03-10 15:40:49', 'Hospital'),
	(546, 2, 7.50, 1, 'Salida', 116, 2, 457, '2023-03-11 15:02:22', 'Hospital'),
	(547, 3, 0.10, 1, 'Salida', 116, 2, 458, '2023-03-11 15:02:23', 'Hospital'),
	(548, 4, 0.78, 1, 'Salida', 116, 2, 459, '2023-03-11 15:02:24', 'Hospital'),
	(549, 1, 2.50, 1, 'Entrada', 17, 1, 0, '2023-06-20 14:36:55', ''),
	(550, 2, 5.31, 5, 'Entrada', 17, 1, 0, '2023-06-20 14:38:08', ''),
	(551, 3, 0.06, 10, 'Entrada', 17, 1, 0, '2023-06-20 14:39:29', '');

-- Volcando estructura para tabla db_hospital_orellana.tbl_kardex_bodega
CREATE TABLE IF NOT EXISTS `tbl_kardex_bodega` (
  `idKardex` int(11) NOT NULL AUTO_INCREMENT,
  `idInsumo` int(11) NOT NULL,
  `cantidadInsumo` int(11) NOT NULL DEFAULT 0,
  `stockActual` int(11) NOT NULL DEFAULT 0,
  `tipoKardex` varchar(10) NOT NULL,
  `filaEntrada` int(11) NOT NULL DEFAULT 0,
  `filaSalida` int(11) NOT NULL DEFAULT 0,
  `creadoKardex` timestamp NOT NULL DEFAULT current_timestamp(),
  PRIMARY KEY (`idKardex`)
) ENGINE=InnoDB AUTO_INCREMENT=12 DEFAULT CHARSET=utf8 COLLATE=utf8_spanish_ci;

-- Volcando datos para la tabla db_hospital_orellana.tbl_kardex_bodega: ~10 rows (aproximadamente)
INSERT INTO `tbl_kardex_bodega` (`idKardex`, `idInsumo`, `cantidadInsumo`, `stockActual`, `tipoKardex`, `filaEntrada`, `filaSalida`, `creadoKardex`) VALUES
	(2, 1, 10, 40, 'Entrada', 17, 0, '2023-05-30 18:12:00'),
	(3, 1, 0, 240, 'Eliminado', 18, 0, '2023-05-30 18:16:55'),
	(4, 1, 0, 240, 'Eliminado', 19, 0, '2023-05-30 18:18:50'),
	(5, 2, 20, 20, 'Entrada', 20, 0, '2023-05-30 19:50:11'),
	(6, 2, 0, 20, 'Eliminado', 21, 0, '2023-05-30 19:51:07'),
	(7, 1, 0, 240, 'Eliminado', 0, 11, '2023-05-30 19:53:24'),
	(8, 2, 0, 20, 'Eliminado', 0, 12, '2023-05-30 19:53:26'),
	(9, 1, 5, 235, 'Salida', 0, 13, '2023-05-30 21:15:29'),
	(10, 2, 2, 18, 'Salida', 0, 14, '2023-05-30 21:15:34'),
	(11, 1, 0, 239, 'Eliminado', 0, 15, '2023-05-30 21:17:02');

-- Volcando estructura para tabla db_hospital_orellana.tbl_kardex_botiquin
CREATE TABLE IF NOT EXISTS `tbl_kardex_botiquin` (
  `idKardex` int(11) NOT NULL AUTO_INCREMENT,
  `idInsumo` int(11) NOT NULL,
  `cantidadInsumo` int(11) NOT NULL DEFAULT 0,
  `stockActual` int(11) NOT NULL DEFAULT 0,
  `tipoKardex` varchar(10) NOT NULL,
  `filaEntrada` int(11) NOT NULL DEFAULT 0,
  `filaSalida` int(11) NOT NULL DEFAULT 0,
  `filaEmpleado` int(11) NOT NULL DEFAULT 0,
  `conceptoKardex` text NOT NULL,
  `movimientoPor` int(11) NOT NULL,
  `creadoKardex` timestamp NOT NULL DEFAULT current_timestamp(),
  PRIMARY KEY (`idKardex`)
) ENGINE=InnoDB AUTO_INCREMENT=217 DEFAULT CHARSET=utf8 COLLATE=utf8_spanish_ci;

-- Volcando datos para la tabla db_hospital_orellana.tbl_kardex_botiquin: ~131 rows (aproximadamente)
INSERT INTO `tbl_kardex_botiquin` (`idKardex`, `idInsumo`, `cantidadInsumo`, `stockActual`, `tipoKardex`, `filaEntrada`, `filaSalida`, `filaEmpleado`, `conceptoKardex`, `movimientoPor`, `creadoKardex`) VALUES
	(76, 403, 1, 5, 'Salida', 0, 1, 0, 'Usado en Sala de operaciones', 1, '2023-10-05 15:45:01'),
	(77, 404, 1, 11, 'Salida', 0, 2, 0, 'Usado en Sala de operaciones', 1, '2023-10-05 16:14:17'),
	(78, 404, 0, 100, 'Eliminado', 0, 522, 0, '', 0, '2023-10-05 16:14:17'),
	(79, 402, 3, 31, 'Salida', 0, 3, 0, 'Usado en Sala de operaciones', 1, '2023-10-05 17:59:18'),
	(80, 402, 0, 100, 'Eliminado', 0, 523, 0, '', 0, '2023-10-05 17:59:18'),
	(81, 403, 8, 18, 'Salida', 0, 4, 0, 'Usado en Sala de operaciones', 1, '2023-10-05 18:00:03'),
	(82, 403, 0, 115, 'Eliminado', 0, 524, 0, '', 0, '2023-10-05 18:00:03'),
	(83, 404, 1, 99, 'Salida', 0, 525, 0, '', 0, '2023-10-09 21:51:25'),
	(84, 402, 3, 97, 'Salida', 0, 526, 0, '', 0, '2023-10-09 21:51:25'),
	(85, 403, 4, 111, 'Salida', 0, 527, 0, '', 0, '2023-10-09 21:51:25'),
	(86, 1, 2, 189, 'Salida', 0, 528, 0, 'Usado en cuantas privadas', 0, '2023-10-10 14:57:57'),
	(87, 403, 5, 106, 'Salida', 0, 529, 0, 'Usado en cuantas privadas', 0, '2023-10-10 14:59:02'),
	(88, 402, 0, 6, 'Eliminado', 0, 5, 0, 'Usado en Sala de operaciones', 1, '2023-10-10 17:32:53'),
	(89, 403, 0, 6, 'Eliminado', 0, 6, 0, 'Usado en Sala de operaciones', 1, '2023-10-10 17:32:56'),
	(90, 404, 0, 8, 'Eliminado', 0, 7, 0, 'Usado en Sala de operaciones', 1, '2023-10-10 17:33:05'),
	(91, 403, 0, 6, 'Eliminado', 0, 8, 0, 'Usado en Sala de operaciones', 1, '2023-10-10 17:51:47'),
	(92, 402, 0, 6, 'Eliminado', 0, 9, 0, 'Usado en Sala de operaciones', 1, '2023-10-10 17:51:49'),
	(93, 404, 0, 8, 'Eliminado', 0, 10, 0, 'Usado en Sala de operaciones', 1, '2023-10-10 17:52:02'),
	(94, 402, 0, 6, 'Eliminado', 0, 11, 0, 'Usado en Sala de operaciones', 1, '2023-10-10 17:53:48'),
	(95, 403, 0, 6, 'Eliminado', 0, 12, 0, 'Usado en Sala de operaciones', 1, '2023-10-10 17:54:01'),
	(96, 404, 0, 8, 'Eliminado', 0, 13, 0, 'Usado en Sala de operaciones', 1, '2023-10-10 17:54:05'),
	(97, 402, 3, 31, 'Salida', 0, 14, 0, 'Usado en Sala de operaciones', 1, '2023-10-10 17:55:45'),
	(98, 403, 4, 18, 'Salida', 0, 15, 0, 'Usado en Sala de operaciones', 1, '2023-10-10 17:55:48'),
	(99, 404, 1, 11, 'Salida', 0, 16, 0, 'Usado en Sala de operaciones', 1, '2023-10-10 17:56:12'),
	(100, 404, 1, 11, 'Salida', 0, 2, 0, 'Usado en botiquin secundario', 1, '2023-10-10 18:00:26'),
	(101, 404, 1, 11, 'Salida', 0, 2, 0, 'Usado en botiquin secundario', 1, '2023-10-10 18:00:26'),
	(102, 404, 1, 11, 'Salida', 0, 2, 0, 'Usado en botiquin secundario', 1, '2023-10-10 18:00:26'),
	(103, 402, 1, 96, 'Salida', 0, 533, 0, 'Usado en cuantas privadas', 0, '2023-10-10 18:01:06'),
	(104, 404, 1, 11, 'Salida', 0, 2, 0, 'Usado en botiquin secundario', 2, '2023-10-10 20:21:05'),
	(105, 404, 1, 11, 'Salida', 0, 2, 0, 'Usado en botiquin secundario', 2, '2023-10-10 20:21:05'),
	(106, 404, 1, 11, 'Salida', 0, 2, 0, 'Usado en botiquin secundario', 2, '2023-10-10 20:21:05'),
	(107, 403, 0, 21, 'Eliminado', 0, 17, 0, 'Usado en Sala de operaciones', 2, '2023-10-11 20:31:30'),
	(108, 404, 4, 11, 'Salida', 0, 18, 0, 'Usado en Sala de operaciones', 2, '2023-10-11 20:31:37'),
	(109, 404, 1, 11, 'Salida', 0, 2, 0, 'Usado en botiquin secundario', 2, '2023-10-11 20:34:39'),
	(110, 404, 1, 11, 'Salida', 0, 2, 0, 'Usado en botiquin secundario', 2, '2023-10-11 20:34:39'),
	(111, 402, 0, 31, 'Eliminado', 0, 19, 0, 'Usado en Sala de operaciones', 2, '2023-10-11 20:46:55'),
	(112, 403, 0, 21, 'Eliminado', 0, 20, 0, 'Usado en Sala de operaciones', 2, '2023-10-11 20:54:15'),
	(113, 856, 1, 100, 'Salida', 0, 539, 0, 'Usado en cuantas privadas', 0, '2023-10-12 15:35:01'),
	(114, 819, 1, 91, 'Salida', 0, 540, 0, 'Usado en cuantas privadas', 0, '2023-10-12 15:35:16'),
	(115, 856, 1, 99, 'Salida', 0, 541, 0, 'Usado en cuantas privadas', 0, '2023-10-12 16:44:49'),
	(116, 819, 1, 90, 'Salida', 0, 542, 0, 'Usado en cuantas privadas', 0, '2023-10-12 16:45:41'),
	(117, 856, 1, 98, 'Salida', 0, 543, 0, 'Usado en cuantas privadas', 0, '2023-10-13 15:35:46'),
	(118, 856, 1, 97, 'Salida', 0, 544, 0, 'Usado en cuantas privadas', 0, '2023-10-17 17:25:33'),
	(119, 856, 1, 96, 'Salida', 0, 545, 0, 'Usado en cuantas privadas', 0, '2023-10-17 21:13:37'),
	(120, 819, 1, 89, 'Salida', 0, 546, 0, 'Usado en cuantas privadas', 0, '2023-10-17 21:16:09'),
	(121, 765, 1, 99, 'Salida', 0, 547, 0, 'Usado en cuantas privadas', 0, '2023-10-18 17:33:20'),
	(122, 819, 1, 88, 'Salida', 0, 548, 0, 'Usado en cuantas privadas', 0, '2023-10-18 17:38:09'),
	(123, 2, 0, 485, 'Salida', 0, 549, 0, 'Usado en cuentas privadas', 0, '2023-10-19 14:36:09'),
	(124, 1, 0, 189, 'Salida', 0, 550, 0, 'Usado en cuentas privadas', 0, '2023-10-19 14:45:46'),
	(125, 1, 1, 188, 'Salida', 0, 551, 0, 'Usado en cuentas privadas', 0, '2023-10-19 14:59:01'),
	(126, 2, 1, 484, 'Salida', 0, 552, 0, 'Usado en cuentas privadas', 0, '2023-10-19 15:12:24'),
	(127, 3, 1, 129, 'Salida', 0, 553, 0, 'Usado en cuentas privadas', 0, '2023-10-19 15:12:24'),
	(128, 4, 1, 90, 'Salida', 0, 554, 0, 'Usado en cuentas privadas', 0, '2023-10-19 15:12:25'),
	(129, 1, 1, 188, 'Salida', 0, 555, 0, 'Usado en cuentas privadas', 0, '2023-10-19 15:21:34'),
	(130, 1, 0, 189, 'Eliminado', 0, 556, 0, '-', 0, '2023-10-19 15:22:58'),
	(131, 1, 0, 189, 'Eliminado', 0, 557, 0, '-', 0, '2023-10-19 15:35:09'),
	(132, 2, 0, 485, 'Eliminado', 0, 558, 0, '-', 0, '2023-10-19 15:35:09'),
	(133, 3, 0, 130, 'Eliminado', 0, 559, 0, '-', 0, '2023-10-19 15:35:09'),
	(134, 4, 0, 91, 'Eliminado', 0, 560, 0, '-', 0, '2023-10-19 15:35:09'),
	(135, 1, 0, 189, 'Eliminado', 0, 0, 57, 'Entregado EHL', 2, '2023-10-19 15:49:41'),
	(136, 2, 0, 485, 'Eliminado', 0, 0, 58, 'Entregado EHL', 2, '2023-10-19 15:51:55'),
	(137, 1, 0, 189, 'Eliminado', 0, 0, 59, '-', 2, '2023-10-19 15:53:25'),
	(138, 2, 0, 485, 'Eliminado', 0, 0, 60, '-', 2, '2023-10-19 15:53:25'),
	(139, 1, 0, 189, 'Eliminado', 0, 561, 0, '-', 0, '2023-10-21 17:26:21'),
	(140, 1, 0, 189, 'Eliminado', 0, 562, 0, '-', 0, '2023-10-21 17:29:53'),
	(141, 1, 1, 188, 'Salida', 0, 563, 0, 'Usado en cuentas privadas', 0, '2023-10-23 20:02:57'),
	(142, 856, 1, 95, 'Salida', 0, 564, 0, 'Usado en cuentas privadas', 0, '2023-10-24 14:58:30'),
	(143, 819, 1, 87, 'Salida', 0, 565, 0, 'Usado en cuentas privadas', 0, '2023-10-24 15:16:39'),
	(144, 765, 1, 98, 'Salida', 0, 566, 0, 'Usado en cuentas privadas', 0, '2023-10-24 15:17:42'),
	(145, 856, 1, 94, 'Salida', 0, 567, 0, 'Usado en cuentas privadas', 0, '2023-10-24 15:19:36'),
	(146, 765, 1, 97, 'Salida', 0, 568, 0, 'Usado en cuentas privadas', 0, '2023-10-25 16:59:33'),
	(147, 856, 1, 93, 'Salida', 0, 569, 0, 'Usado en cuentas privadas', 0, '2023-10-26 14:30:17'),
	(148, 1, 1, 187, 'Salida', 0, 570, 0, 'Usado en cuentas privadas', 0, '2023-10-31 17:01:28'),
	(149, 1, 1, 186, 'Salida', 0, 572, 0, 'Usado en cuentas privadas', 0, '2023-11-28 14:19:51'),
	(150, 2, 1, 484, 'Salida', 0, 573, 0, 'Usado en cuentas privadas', 0, '2023-11-28 14:19:51'),
	(151, 1, 1, 185, 'Salida', 0, 574, 0, 'Usado en cuentas privadas', 0, '2023-11-28 14:21:54'),
	(152, 2, 1, 483, 'Salida', 0, 575, 0, 'Usado en cuentas privadas', 0, '2023-11-28 14:21:54'),
	(153, 1, 1, 184, 'Salida', 0, 576, 0, 'Usado en cuentas privadas', 0, '2023-11-29 17:40:59'),
	(154, 2, 1, 482, 'Salida', 0, 577, 0, 'Usado en cuentas privadas', 0, '2023-11-29 17:40:59'),
	(155, 1, 1, 183, 'Salida', 0, 578, 0, 'Usado en cuentas privadas', 0, '2023-11-29 17:41:17'),
	(156, 2, 1, 481, 'Salida', 0, 579, 0, 'Usado en cuentas privadas', 0, '2023-11-29 17:41:17'),
	(157, 742, 1, 97, 'Salida', 0, 580, 0, 'Usado en cuentas privadas', 0, '2023-12-04 17:08:07'),
	(158, 854, 1, 94, 'Salida', 0, 581, 0, 'Usado en cuentas privadas', 0, '2023-12-04 17:08:07'),
	(159, 3, 10, 120, 'Salida', 0, 582, 0, 'Usado en cuentas privadas', 0, '2023-12-04 17:15:18'),
	(160, 856, 1, 92, 'Salida', 0, 583, 0, 'Usado en cuentas privadas', 0, '2023-12-04 17:41:24'),
	(161, 819, 1, 86, 'Salida', 0, 584, 0, 'Usado en cuentas privadas', 0, '2023-12-04 17:43:04'),
	(162, 360, 1, 4, 'Salida', 0, 5, 0, 'Usado en cuentas privadas', 4, '2023-12-11 17:40:47'),
	(164, 88, 1, 9, 'Salida', 0, 6, 0, 'Usado en cuentas privadas', 4, '2023-12-11 17:44:25'),
	(166, 360, 1, 3, 'Salida', 0, 7, 0, 'Usado en cuentas privadas', 4, '2023-12-11 17:56:33'),
	(167, 360, 2, 98, 'Salida', 0, 588, 0, 'Usado en cuentas privadas', 0, '2023-12-11 18:07:05'),
	(168, 191, 1, 5, 'Salida', 0, 8, 0, 'Usado en cuentas privadas', 1, '2023-12-11 20:07:50'),
	(169, 173, 1, 2, 'Salida', 0, 9, 0, 'Usado en cuentas privadas', 1, '2023-12-11 20:07:51'),
	(170, 88, 1, 3, 'Salida', 0, 591, 0, 'Usado en cuentas privadas CP-1', 1, '2023-12-11 20:39:06'),
	(171, 191, 0, 5, 'Eliminado', 0, 592, 0, '-', 1, '2023-12-11 20:55:40'),
	(172, 191, 1, 99, 'Salida', 0, 593, 0, 'Usado en cuentas privadas', 0, '2023-12-11 20:56:26'),
	(173, 88, 0, 5, 'Eliminado', 0, 594, 0, '-', 2, '2023-12-12 14:48:55'),
	(174, 88, 0, 8, 'Eliminado', 0, 595, 0, '-', 1, '2023-12-12 14:49:47'),
	(175, 88, 0, 110, 'Eliminado', 0, 596, 0, '-', 0, '2023-12-12 14:49:52'),
	(176, 360, 2, 18, 'Salida', 0, 597, 0, 'Usado en cuentas privadas CP-1', 3, '2023-12-12 15:13:04'),
	(177, 360, 1, 2, 'Salida', 0, 598, 0, 'Usado en cuentas privadas CP-1', 1, '2023-12-12 15:28:19'),
	(178, 360, 1, 5, 'Salida', 0, 599, 0, 'Usado en cuentas privadas CP-1', 2, '2023-12-12 15:28:24'),
	(179, 1, 1, 182, 'Salida', 0, 600, 0, 'Usado en cuentas privadas', 0, '2023-12-12 15:28:42'),
	(180, 360, 3, 95, 'Salida', 0, 0, 0, 'Usado Reintegro al stock: Caja de Paro 1', 0, '2023-12-14 16:24:50'),
	(181, 88, 2, 108, 'Salida', 0, 0, 0, 'Usado Reintegro al stock: Caja de Paro 1', 0, '2023-12-14 16:24:50'),
	(182, 191, 1, 98, 'Salida', 0, 0, 0, 'Usado Reintegro al stock: Caja de Paro 1', 0, '2023-12-14 16:24:50'),
	(183, 173, 1, 99, 'Salida', 0, 0, 0, 'Usado Reintegro al stock: Caja de Paro 1', 0, '2023-12-14 16:24:50'),
	(184, 88, 1, 9, 'Salida', 0, 601, 0, 'Usado en cuentas privadas CP-1', 1, '2023-12-14 17:53:59'),
	(185, 191, 3, 2, 'Salida', 0, 602, 0, 'Usado en cuentas privadas CP-1', 1, '2023-12-14 17:54:00'),
	(186, 88, 1, 8, 'Salida', 0, 603, 0, 'Usado en cuentas privadas CP-1', 1, '2023-12-14 17:54:38'),
	(187, 88, 2, 106, 'Salida', 0, 0, 0, 'Usado Reintegro al stock: Caja de Paro 1', 0, '2023-12-14 17:56:46'),
	(188, 191, 3, 95, 'Salida', 0, 0, 0, 'Usado Reintegro al stock: Caja de Paro 1', 0, '2023-12-14 17:56:46'),
	(189, 360, 1, 4, 'Salida', 0, 604, 0, 'Usado en cuentas privadas CP-1', 1, '2023-12-14 18:06:55'),
	(190, 360, 1, 94, 'Salida', 0, 0, 0, 'Usado Reintegro al stock: Caja de Paro 1', 0, '2023-12-14 18:09:00'),
	(191, 360, 1, 93, 'Salida', 0, 0, 0, 'Usado Reintegro al stock: Caja de Paro 2', 0, '2023-12-18 21:52:03'),
	(192, 360, 2, 91, 'Salida', 0, 0, 0, 'Usado Reintegro al stock: Caja de Paro 3', 0, '2023-12-18 21:52:17'),
	(193, 88, 0, 5, 'Eliminado', 0, 605, 0, '-', 2, '2023-12-19 20:31:47'),
	(194, 88, 0, 10, 'Eliminado', 0, 606, 0, '-', 3, '2023-12-19 20:57:41'),
	(195, 360, 3, 1, 'Salida', 0, 607, 0, 'Usado en cuentas privadas CP-1', 1, '2023-12-19 21:00:36'),
	(196, 360, 2, 3, 'Salida', 0, 608, 0, 'Usado en cuentas privadas CP-1', 2, '2023-12-19 21:00:43'),
	(197, 360, 4, 15, 'Salida', 0, 609, 0, 'Usado en cuentas privadas CP-1', 3, '2023-12-19 21:00:47'),
	(198, 360, 10, 81, 'Salida', 0, 610, 0, 'Usado en cuentas privadas', 0, '2023-12-19 21:02:51'),
	(199, 360, 1, 6, 'Salida', 0, 611, 0, 'Usado en cuentas privadas CP-1', 4, '2024-01-02 17:28:50'),
	(200, 191, 3, 2, 'Salida', 0, 612, 0, 'Usado en cuentas privadas CP-1', 5, '2024-01-02 17:32:35'),
	(201, 360, 3, 78, 'Salida', 0, 0, 0, 'Usado Reintegro al stock: Caja de Paro 1', 0, '2024-01-02 18:13:10'),
	(202, 360, 2, 76, 'Salida', 0, 0, 0, 'Usado Reintegro al stock: Caja de Paro 2', 0, '2024-01-02 18:31:26'),
	(203, 8, 0, 50, 'Eliminado', 101, 0, 0, '', 0, '2024-01-29 14:30:18'),
	(204, 8, 50, 100, 'Entrada', 102, 0, 0, '', 0, '2024-01-29 16:04:58'),
	(205, 1, 15, 197, 'Entrada', 103, 0, 0, '', 0, '2024-01-29 16:09:29'),
	(206, 1, 0, 197, 'Eliminado', 0, 613, 0, '-', 0, '2024-02-29 21:38:28'),
	(207, 2, 0, 481, 'Eliminado', 0, 614, 0, '-', 0, '2024-02-29 21:38:38'),
	(208, 856, 1, 91, 'Salida', 0, 615, 0, 'Usado en cuentas privadas', 0, '2024-02-29 21:40:57'),
	(209, 732, 0, 90, 'Eliminado', 0, 616, 0, '-', 0, '2024-03-19 15:25:55'),
	(210, 742, 0, 97, 'Eliminado', 0, 617, 0, '-', 0, '2024-03-19 15:27:58'),
	(211, 742, 0, 97, 'Eliminado', 0, 618, 0, '-', 0, '2024-03-19 15:30:05'),
	(212, 742, 1, 96, 'Salida', 0, 619, 0, 'Usado en cuentas privadas', 0, '2024-03-19 15:34:07'),
	(213, 740, 1, 98, 'Salida', 0, 620, 0, 'Usado en cuentas privadas', 0, '2024-03-19 15:34:18'),
	(214, 754, 1, 99, 'Salida', 0, 621, 0, 'Usado en cuentas privadas', 0, '2024-03-19 15:35:22'),
	(215, 732, 1, 89, 'Salida', 0, 622, 0, 'Usado en cuentas privadas', 0, '2024-04-01 14:54:22'),
	(216, 732, 1, 88, 'Salida', 0, 623, 0, 'Usado en cuentas privadas', 0, '2024-04-05 20:46:17');

-- Volcando estructura para tabla db_hospital_orellana.tbl_kardex_hemo
CREATE TABLE IF NOT EXISTS `tbl_kardex_hemo` (
  `idKardex` int(11) NOT NULL AUTO_INCREMENT,
  `idInsumo` int(11) NOT NULL,
  `cantidadInsumo` int(11) NOT NULL DEFAULT 0,
  `stockActual` int(11) NOT NULL DEFAULT 0,
  `tipoKardex` varchar(10) NOT NULL,
  `filaEntrada` int(11) NOT NULL DEFAULT 0,
  `filaSalida` int(11) NOT NULL DEFAULT 0,
  `creadoKardex` timestamp NOT NULL DEFAULT current_timestamp(),
  PRIMARY KEY (`idKardex`)
) ENGINE=InnoDB AUTO_INCREMENT=7 DEFAULT CHARSET=utf8 COLLATE=utf8_spanish_ci;

-- Volcando datos para la tabla db_hospital_orellana.tbl_kardex_hemo: ~6 rows (aproximadamente)
INSERT INTO `tbl_kardex_hemo` (`idKardex`, `idInsumo`, `cantidadInsumo`, `stockActual`, `tipoKardex`, `filaEntrada`, `filaSalida`, `creadoKardex`) VALUES
	(1, 1, 15, 85, 'Salida', 0, 9, '2023-06-05 14:43:39'),
	(2, 2, 5, 94, 'Salida', 0, 10, '2023-06-05 14:47:18'),
	(3, 1, 0, 85, 'Eliminado', 0, 11, '2023-06-05 15:00:36'),
	(4, 1, 15, 100, 'Entrada', 5, 0, '2023-06-05 15:12:46'),
	(5, 1, 0, 100, 'Eliminado', 6, 0, '2023-06-05 17:12:35'),
	(6, 5, 0, 99, 'Eliminado', 7, 0, '2023-06-05 17:29:22');

-- Volcando estructura para tabla db_hospital_orellana.tbl_kardex_lab
CREATE TABLE IF NOT EXISTS `tbl_kardex_lab` (
  `idKardex` int(11) NOT NULL AUTO_INCREMENT,
  `idInsumo` int(11) NOT NULL,
  `cantidadInsumo` int(11) NOT NULL DEFAULT 0,
  `stockActual` int(11) NOT NULL DEFAULT 0,
  `tipoKardex` varchar(10) NOT NULL,
  `filaEntrada` int(11) NOT NULL DEFAULT 0,
  `filaSalida` int(11) NOT NULL DEFAULT 0,
  `creadoKardex` timestamp NOT NULL DEFAULT current_timestamp(),
  PRIMARY KEY (`idKardex`)
) ENGINE=InnoDB AUTO_INCREMENT=7 DEFAULT CHARSET=utf8 COLLATE=utf8_spanish_ci;

-- Volcando datos para la tabla db_hospital_orellana.tbl_kardex_lab: ~6 rows (aproximadamente)
INSERT INTO `tbl_kardex_lab` (`idKardex`, `idInsumo`, `cantidadInsumo`, `stockActual`, `tipoKardex`, `filaEntrada`, `filaSalida`, `creadoKardex`) VALUES
	(1, 1, 15, 84, 'Salida', 0, 63, '2023-06-05 20:37:07'),
	(2, 10, 5, 20, 'Salida', 0, 64, '2023-06-05 20:40:28'),
	(3, 10, 0, 20, 'Eliminado', 0, 65, '2023-06-05 20:40:37'),
	(4, 1, 16, 100, 'Entrada', 10, 0, '2023-06-05 21:42:32'),
	(5, 10, 25, 45, 'Entrada', 11, 0, '2023-06-05 21:43:16'),
	(6, 101, 0, -1, 'Eliminado', 12, 0, '2023-06-05 21:44:23');

-- Volcando estructura para tabla db_hospital_orellana.tbl_liquidaciones_caja
CREATE TABLE IF NOT EXISTS `tbl_liquidaciones_caja` (
  `idLiquidacion` int(11) NOT NULL AUTO_INCREMENT,
  `inicioLiquidacion` int(11) NOT NULL,
  `finLiquidacion` int(11) NOT NULL,
  `cajeraLiquidacion` int(11) NOT NULL,
  `fechaLiquidacion` date NOT NULL,
  `creadoLiquidacion` timestamp NOT NULL DEFAULT current_timestamp(),
  PRIMARY KEY (`idLiquidacion`)
) ENGINE=InnoDB AUTO_INCREMENT=63 DEFAULT CHARSET=utf8 COLLATE=utf8_spanish_ci;

-- Volcando datos para la tabla db_hospital_orellana.tbl_liquidaciones_caja: ~27 rows (aproximadamente)
INSERT INTO `tbl_liquidaciones_caja` (`idLiquidacion`, `inicioLiquidacion`, `finLiquidacion`, `cajeraLiquidacion`, `fechaLiquidacion`, `creadoLiquidacion`) VALUES
	(36, 1, 50, 1, '2023-10-18', '2023-10-18 17:04:25'),
	(37, 1, 50, 1, '2023-10-18', '2023-10-18 17:20:43'),
	(38, 1, 50, 1, '2023-10-18', '2023-10-18 17:23:00'),
	(39, 1, 50, 1, '2023-10-18', '2023-10-18 17:23:29'),
	(40, 1, 50, 1, '2023-10-18', '2023-10-18 17:23:29'),
	(41, 1, 50, 1, '2023-10-18', '2023-10-18 17:24:16'),
	(42, 1, 50, 1, '2023-10-18', '2023-10-18 17:25:28'),
	(43, 1, 50, 1, '2023-10-18', '2023-10-18 17:25:37'),
	(44, 1, 50, 1, '2023-10-18', '2023-10-18 17:26:23'),
	(45, 1, 50, 1, '2023-10-18', '2023-10-18 17:27:08'),
	(46, 51, 70, 1, '2023-10-18', '2023-10-18 17:29:55'),
	(47, 1, 70, 1, '2023-10-18', '2023-10-18 17:29:58'),
	(48, 50, 70, 1, '2023-10-18', '2023-10-18 17:35:22'),
	(49, 71, 73, 1, '2023-10-18', '2023-10-18 17:40:13'),
	(50, 1, 73, 1, '2023-10-18', '2023-10-18 17:49:03'),
	(51, 1, 73, 1, '2023-10-18', '2023-10-18 17:50:53'),
	(52, 1, 73, 1, '2023-10-18', '2023-10-18 17:51:00'),
	(53, 1, 73, 1, '2023-10-17', '2023-10-18 18:43:04'),
	(54, 1, 73, 1, '2023-10-23', '2023-10-23 20:00:29'),
	(55, 1, 73, 1, '2023-10-23', '2023-10-23 20:02:39'),
	(56, 73, 74, 1, '2023-10-22', '2023-10-23 20:03:22'),
	(57, 75, 84, 1, '2023-10-26', '2023-10-26 14:38:39'),
	(58, 1, 84, 1, '2023-10-26', '2023-10-26 21:58:21'),
	(59, 59, 84, 1, '2023-10-26', '2023-10-26 22:03:36'),
	(60, 59, 84, 1, '2023-10-27', '2023-10-27 13:58:49'),
	(61, 59, 84, 1, '2023-10-27', '2023-10-27 14:55:36'),
	(62, 59, 84, 1, '2023-10-27', '2023-10-27 16:01:31');

-- Volcando estructura para tabla db_hospital_orellana.tbl_llegada_pacientes
CREATE TABLE IF NOT EXISTS `tbl_llegada_pacientes` (
  `idLlegada` int(11) NOT NULL AUTO_INCREMENT,
  `numeroLlegada` int(11) NOT NULL,
  `pacienteLlegada` text NOT NULL,
  `edadLlegada` int(11) NOT NULL,
  `codigoLlegada` varchar(10) NOT NULL,
  `destinoLlegada` int(11) NOT NULL,
  `estadoLlegada` int(11) NOT NULL,
  `fechaLlegada` date NOT NULL,
  `idHoja` int(11) NOT NULL,
  `turno` int(11) NOT NULL,
  `fecha` timestamp NOT NULL DEFAULT current_timestamp(),
  PRIMARY KEY (`idLlegada`)
) ENGINE=InnoDB AUTO_INCREMENT=47 DEFAULT CHARSET=utf8 COLLATE=utf8_spanish_ci;

-- Volcando datos para la tabla db_hospital_orellana.tbl_llegada_pacientes: ~44 rows (aproximadamente)
INSERT INTO `tbl_llegada_pacientes` (`idLlegada`, `numeroLlegada`, `pacienteLlegada`, `edadLlegada`, `codigoLlegada`, `destinoLlegada`, `estadoLlegada`, `fechaLlegada`, `idHoja`, `turno`, `fecha`) VALUES
	(1, 1, 'Marcus Santoro', 25, 'AM01', 2, 1, '2022-01-14', 71, 1, '2022-01-14 14:05:01'),
	(2, 2, 'Martha Alicia Caceres Elizondo', 25, 'AM01', 2, 1, '2022-01-14', 72, 1, '2022-01-14 14:05:25'),
	(3, 1, 'Carla Acevedo', 60, 'AM01', 2, 1, '2022-01-14', 74, 2, '2022-01-14 16:26:58'),
	(4, 3, 'Carina Alejandra Gomez Lazo', 25, 'AM01', 2, 1, '2022-01-14', 75, 1, '2022-01-14 14:30:40'),
	(5, 1, 'KAREN AZUCENA ZELAYA', 20, 'AM01', 2, 1, '2022-01-15', 76, 1, '2022-01-15 14:37:59'),
	(6, 2, 'Marica Caballero', 25, 'AM01', 2, 1, '2022-01-15', 77, 1, '2022-01-15 14:39:34'),
	(7, 3, 'ANA LUSIA CHICAS', 0, 'IN01', 2, 1, '2022-01-15', 0, 1, '2022-01-15 14:40:03'),
	(9, 4, 'JERSON JHONATAN AYALA POZO', 0, 'CA01', 2, 1, '2022-01-15', 0, 1, '2022-01-15 14:40:33'),
	(11, 1, 'JACKELINE STEFFANY AMAYA FLORES', 31, 'AM02', 2, 1, '2022-01-15', 0, 2, '2022-01-15 15:19:35'),
	(12, 5, 'ALBA ROSA  RAMIREZ VASQUEZ', 29, 'AM02', 2, 1, '2022-01-15', 0, 1, '2022-01-15 15:19:52'),
	(13, 2, 'NICOLAS CRUZ', 0, 'IN02', 2, 1, '2022-01-15', 0, 2, '2022-01-15 15:20:05'),
	(14, 6, 'VIRGILIO MAJANO CAMPOS ', 0, 'IN01', 2, 1, '2022-01-15', 0, 1, '2022-01-15 15:20:16'),
	(15, 3, 'CATALINA ARGUETA DE ROMERO', 0, 'IN01P', 2, 1, '2022-01-15', 0, 2, '2022-01-15 15:22:08'),
	(16, 1, 'Efrain Burgos', 35, 'AM01', 2, 1, '2022-01-24', 78, 2, '2022-01-24 20:36:57'),
	(17, 1, 'veronica Ramirez', 37, 'AM01', 5, 1, '2022-02-01', 80, 1, '2022-02-01 15:52:52'),
	(18, 1, 'alba beltran', 32, 'AM01', 5, 1, '2022-02-01', 81, 2, '2022-02-01 16:37:41'),
	(19, 2, 'veronica vasquez', 32, 'AM01', 5, 1, '2022-02-01', 82, 2, '2022-02-01 19:49:08'),
	(20, 3, 'VICTOR AMAYA', 24, 'AM01', 5, 1, '2022-02-01', 83, 2, '2022-02-01 20:04:28'),
	(21, 4, 'HERNAN BLANCO', 54, 'AM01', 5, 1, '2022-02-01', 84, 2, '2022-02-01 20:25:31'),
	(22, 5, 'ERMELINDA CARRANZA', 43, 'AM01', 5, 1, '2022-02-01', 85, 2, '2022-02-01 20:35:32'),
	(23, 6, 'ODAIR QUINTANA', 24, 'AM01', 5, 1, '2022-02-01', 86, 2, '2022-02-01 20:59:01'),
	(24, 7, 'TANIA DIAZ', 32, 'AM01', 5, 1, '2022-02-01', 87, 2, '2022-02-01 21:22:38'),
	(25, 8, 'CARMEN GAYTAN', 23, 'AM01', 5, 1, '2022-02-01', 88, 2, '2022-02-01 21:56:27'),
	(26, 1, 'Efrain Esau Cabrera', 14, 'AM01', 1, 1, '2022-02-12', 89, 1, '2022-02-12 14:40:46'),
	(27, 1, 'Pibe Valderrama', 56, 'AM01', 1, 1, '2022-02-28', 111, 1, '2022-02-28 16:02:13'),
	(28, 1, 'JAIRO ALEXANDER CALDERÓN HIDALGO', 43, 'AM02', 2, 1, '2022-03-25', 0, 2, '2022-03-24 15:48:49'),
	(29, 1, 'Juan Camaney', 25, 'AM01', 1, 1, '2022-04-11', 112, 2, '2022-04-11 22:14:55'),
	(30, 1, 'Fabricio Esau Contreras', 25, 'AM01', 1, 1, '2022-05-16', 113, 2, '2022-05-16 20:09:22'),
	(31, 1, 'Pogba Antonio Perez', 32, 'AM01', 1, 1, '2022-08-24', 114, 1, '2022-08-24 14:54:14'),
	(32, 1, 'Edward Maya', 35, 'AM01', 1, 1, '2022-08-27', 115, 2, '2022-08-27 16:16:47'),
	(33, 2, 'Antonio Ronaldo', 45, 'AM01', 1, 1, '2022-08-27', 116, 2, '2022-08-27 16:17:34'),
	(34, 1, 'Juan Camaney', 25, 'AM01', 1, 1, '2023-01-14', 117, 2, '2023-01-14 17:44:32'),
	(35, 1, 'WENDY DEL CARMEN SERPAS', 27, 'AM01', 1, 1, '2023-06-07', 120, 1, '2023-06-07 14:03:06'),
	(36, 2, 'Peche andrade', 25, 'AM01', 1, 1, '2023-06-07', 121, 1, '2023-06-07 14:21:58'),
	(37, 1, 'Josselyne Sorto dePerez', 29, 'AM01', 1, 1, '2023-06-22', 123, 1, '2023-06-22 14:35:45'),
	(38, 2, 'Pipo Beltran', 85, 'AM01', 1, 1, '2023-06-22', 124, 1, '2023-06-22 15:01:27'),
	(39, 1, 'Paco Flores', 17, 'AM01', 1, 1, '2023-06-27', 129, 2, '2023-06-27 20:22:08'),
	(40, 1, 'Carmen Alicia Campos', 25, 'AM01', 1, 1, '2023-06-29', 130, 2, '2023-06-29 19:58:21'),
	(41, 2, 'Pedro Pablo Funes', 56, 'AM01', 1, 1, '2023-06-29', 131, 2, '2023-06-29 22:24:53'),
	(42, 1, 'Francisco el mero Flores', 56, 'AM01', 1, 1, '2023-07-10', 133, 2, '2023-07-10 17:06:25'),
	(43, 1, 'Roberto Maradona Lopez', 50, 'AM01', 1, 1, '2023-07-25', 134, 1, '2023-07-25 14:13:35'),
	(44, 1, 'Patrick Valdano Flores', 10, 'AM01', 1, 1, '2023-07-25', 135, 2, '2023-07-25 21:51:25'),
	(45, 1, 'Patricia Leonor Funes', 30, 'AM01', 1, 1, '2023-09-01', 136, 1, '2023-09-01 14:06:50'),
	(46, 1, 'Edwin Orantes', 31, 'AM01', 1, 1, '2023-09-26', 141, 1, '2023-09-26 14:54:31');

-- Volcando estructura para tabla db_hospital_orellana.tbl_medicamentos
CREATE TABLE IF NOT EXISTS `tbl_medicamentos` (
  `idMedicamento` int(11) NOT NULL AUTO_INCREMENT,
  `idBM` int(11) NOT NULL,
  `codigoMedicamento` int(11) NOT NULL,
  `nombreMedicamento` varchar(100) NOT NULL,
  `idProveedorMedicamento` int(11) NOT NULL,
  `precioCMedicamento` decimal(9,2) NOT NULL,
  `precioVMedicamento` decimal(9,2) NOT NULL,
  `tipoMedicamento` varchar(25) NOT NULL,
  `idClasificacionMedicamento` int(11) NOT NULL,
  `stockMedicamento` int(11) NOT NULL,
  `usadosMedicamento` int(11) NOT NULL,
  `pivoteMedicamento` int(11) NOT NULL,
  `minimoMedicamento` int(11) NOT NULL,
  `ocultarMedicamento` int(11) NOT NULL,
  `feriadoMedicamento` decimal(9,2) NOT NULL DEFAULT 0.00,
  `stockSala` int(11) NOT NULL DEFAULT 0,
  `debeSala` int(11) NOT NULL DEFAULT 0,
  `fechaVencimiento` date DEFAULT NULL,
  PRIMARY KEY (`idMedicamento`),
  KEY `idClasificacionMedicamento` (`idClasificacionMedicamento`),
  KEY `idProveedorMedicamento` (`idProveedorMedicamento`)
) ENGINE=InnoDB AUTO_INCREMENT=969 DEFAULT CHARSET=utf8 COLLATE=utf8_spanish_ci;

-- Volcando datos para la tabla db_hospital_orellana.tbl_medicamentos: ~843 rows (aproximadamente)
INSERT INTO `tbl_medicamentos` (`idMedicamento`, `idBM`, `codigoMedicamento`, `nombreMedicamento`, `idProveedorMedicamento`, `precioCMedicamento`, `precioVMedicamento`, `tipoMedicamento`, `idClasificacionMedicamento`, `stockMedicamento`, `usadosMedicamento`, `pivoteMedicamento`, `minimoMedicamento`, `ocultarMedicamento`, `feriadoMedicamento`, `stockSala`, `debeSala`, `fechaVencimiento`) VALUES
	(1, 1, 1001, 'Verolax Gotas', 1, 2.50, 5.24, 'Medicamentos', 16, 197, 69, 0, 12, 0, 5.24, 0, 0, '2024-10-18'),
	(2, 2, 1002, 'Acetaminofen Medikem 120mg/5ml Jarabe 120 ml', 1, 5.31, 7.50, 'Medicamentos', 1, 481, 44, 0, 10, 0, 0.00, 0, 0, NULL),
	(3, 3, 1003, 'Acetaminofen MK 500 mg', 1, 0.06, 0.10, 'Medicamentos', 1, 120, 16, 0, 10, 0, 0.00, 0, 0, NULL),
	(4, 4, 1004, 'Para- Denk 250mg', 1, 0.25, 0.78, 'Medicamentos', 16, 91, 16, 0, 10, 0, 0.00, 0, 0, NULL),
	(5, 5, 1005, 'Aciclovirax 200mg ', 1, 0.00, 0.53, 'Medicamentos', 6, 190, 9, 0, 10, 0, 0.00, 0, 0, NULL),
	(6, 6, 1006, 'Nor Clovir 200mg/5ml', 1, 10.00, 19.48, 'Medicamentos', 16, 196, 5, 0, 10, 0, 0.00, 0, 0, NULL),
	(7, 8, 1008, 'Vitaminan C MK 500 MG ', 1, 0.25, 0.18, 'Medicamentos', 16, 104, 26, 0, 10, 0, 0.00, 0, 0, NULL),
	(8, 10, 1010, 'Megafol-9 5mg tableta', 1, 0.00, 0.18, 'Medicamentos', 16, 100, 44, 0, 10, 0, 0.18, 0, 0, '2024-01-31'),
	(9, 11, 1011, 'Fucidin Leo 2% crema', 1, 0.00, 15.50, 'Medicamentos', 16, 94, 6, 0, 10, 0, 0.00, 0, 0, NULL),
	(10, 12, 1012, 'Lacritir 0.2 % Gel ', 1, 0.00, 12.84, 'Medicamentos', 16, 95, 4, 0, 10, 0, 0.00, 0, 0, NULL),
	(11, 13, 1013, 'Acido Valproico PL 200mg ', 1, 7.07, 15.00, 'Medicamentos', 1, 110, 5, 0, 10, 0, 0.00, 0, 0, NULL),
	(12, 14, 1014, 'Epival 500 mg ', 1, 0.00, 0.90, 'Medicamentos', 16, 99, 4, 0, 10, 0, 0.00, 0, 0, NULL),
	(13, 15, 1015, 'Agua Bidestilada esteril PL 10 ML', 1, 0.29, 1.25, 'Materiales médicos', 16, 90, 10, 0, 10, 0, 0.00, 0, 0, NULL),
	(14, 16, 1016, 'Agua Destilada  bolsa de 1000ml', 1, 0.00, 6.00, 'Medicamentos', 16, 96, 4, 0, 10, 0, 0.00, 0, 0, NULL),
	(15, 17, 1017, 'Albendazol Mk 400mg/10ml', 1, 2.26, 3.75, 'Medicamentos', 12, 93, 7, 0, 10, 0, 0.00, 0, 0, NULL),
	(16, 18, 1018, 'Albendazol MK 200mg Tableta', 1, 0.65, 1.09, 'Medicamentos', 12, 97, 3, 0, 10, 0, 0.00, 0, 0, NULL),
	(17, 20, 1020, 'Alopurinol 300 mg tableta', 1, 0.25, 0.50, 'Medicamentos', 16, 100, 0, 0, 10, 0, 0.00, 0, 0, NULL),
	(18, 22, 1022, 'Ambroxol PL 15mg', 1, 0.00, 4.80, 'Medicamentos', 1, 91, 9, 0, 10, 0, 0.00, 0, 0, NULL),
	(19, 24, 1024, 'Bio-Mikin 500mg/2ml ', 1, 3.01, 4.46, 'Medicamentos', 6, 100, 0, 0, 10, 0, 0.00, 0, 0, NULL),
	(20, 25, 1025, 'Aminofilina PL 25mg', 1, 0.61, 2.00, 'Medicamentos', 18, 100, 0, 0, 10, 0, 0.00, 0, 0, NULL),
	(21, 26, 1026, 'Terabiol 1g+ 0.5 g', 1, 7.50, 8.62, 'Medicamentos', 6, 100, 0, 0, 10, 0, 0.00, 0, 0, NULL),
	(22, 27, 1027, 'Gabrosidina 125mg ', 1, 4.04, 5.72, 'Medicamentos', 6, 100, 0, 0, 10, 0, 0.00, 0, 0, NULL),
	(23, 28, 1028, 'Gabrosidina 250mg tableta', 1, 0.36, 0.52, 'Medicamentos', 16, 100, 0, 0, 10, 0, 0.00, 0, 0, NULL),
	(24, 29, 1029, 'Atlansil 150 mg/3ml amp', 1, 1.15, 2.81, 'Medicamentos', 16, 100, 0, 0, 10, 0, 0.00, 0, 0, NULL),
	(25, 30, 1030, 'Amiodarona 200mg MK Tableta', 1, 0.30, 0.47, 'Medicamentos', 8, 100, 0, 0, 10, 0, 0.00, 0, 0, NULL),
	(26, 31, 1031, 'Amitriptilina Clorhidrato 25mg Tableta', 1, 0.00, 0.27, 'Medicamentos', 16, 100, 0, 0, 10, 0, 0.00, 0, 0, NULL),
	(27, 32, 1032, 'Amlodipino Mk 5mg Tableta', 1, 0.15, 0.25, 'Medicamentos', 8, 100, 0, 0, 10, 0, 0.00, 0, 0, NULL),
	(28, 34, 1034, 'Amoxicilina Mk 250mg suspensión', 1, 4.11, 6.84, 'Medicamentos', 6, 99, 1, 0, 10, 0, 0.00, 0, 0, NULL),
	(29, 35, 1035, 'Amoxicilina Mk 500mg Capsula', 1, 0.16, 0.34, 'Medicamentos', 6, 100, 0, 0, 10, 0, 0.00, 0, 0, NULL),
	(30, 36, 1036, 'Clavulin 250 mgs Suspencion ', 1, 11.52, 17.92, 'Medicamentos', 6, 100, 0, 0, 10, 0, 0.00, 0, 0, NULL),
	(31, 37, 1037, 'Clavulin 500/125 MG tableta', 1, 0.00, 1.67, 'Medicamentos', 16, 100, 0, 0, 10, 0, 0.00, 0, 0, NULL),
	(32, 38, 1038, 'Meprizina 1g ', 1, 0.45, 0.71, 'Medicamentos', 6, 100, 0, 0, 10, 0, 0.00, 0, 0, NULL),
	(33, 39, 1039, 'Aspirina Para Niños 100mg Tableta', 1, 0.00, 0.37, 'Medicamentos', 1, 50, 50, 0, 10, 0, 0.00, 0, 0, NULL),
	(34, 40, 1040, 'Atenolol PL100 mg tabletas', 1, 0.31, 0.45, 'Medicamentos', 21, 100, 0, 0, 10, 0, 0.00, 0, 0, NULL),
	(35, 42, 1042, 'Azitromicina MK 500 MG tableta', 1, 2.63, 4.37, 'Medicamentos', 6, 100, 0, 0, 10, 0, 0.00, 0, 0, NULL),
	(36, 43, 1043, 'Azthomac 200mg/5ml suspensión', 1, 0.00, 9.00, 'Medicamentos', 16, 100, 0, 0, 10, 0, 0.00, 0, 0, NULL),
	(37, 44, 1044, 'Beclobronc 50mcg Aerosol', 1, 0.00, 14.23, 'Medicamentos', 16, 100, 0, 0, 10, 0, 0.00, 0, 0, NULL),
	(38, 46, 1046, 'Valesone Crema', 1, 0.00, 3.52, 'Medicamentos', 16, 100, 0, 0, 10, 0, 0.00, 0, 0, NULL),
	(39, 47, 1047, 'DDF-3 Crema 30g', 1, 0.00, 11.79, 'Medicamentos', 16, 100, 0, 0, 10, 0, 0.00, 0, 0, NULL),
	(40, 48, 1048, 'Anso Pomada', 1, 0.00, 7.51, 'Medicamentos', 16, 100, 0, 0, 10, 0, 0.00, 0, 0, NULL),
	(41, 49, 1049, 'Betacrono-Doce 3mg/3mg/ml', 1, 0.00, 6.86, 'Medicamentos', 16, 100, 0, 0, 10, 0, 0.00, 0, 0, NULL),
	(42, 51, 1050, 'Betoptic-s Suspensión Oftalmica', 1, 5.00, 21.61, 'Medicamentos', 16, 149, 1, 0, 10, 0, 0.00, 0, 0, NULL),
	(43, 52, 1051, 'Bicarbonato de Sodio PL 75mg', 1, 11.94, 25.00, 'Medicamentos', 16, 100, 0, 0, 10, 0, 0.00, 0, 0, NULL),
	(44, 53, 1052, 'Biperideno 2mg tableta', 1, 0.00, 0.25, 'Medicamentos', 16, 100, 0, 0, 10, 0, 0.00, 0, 0, NULL),
	(45, 54, 1053, 'Bromacepam MK 3MG', 1, 0.20, 0.26, 'Medicamentos', 16, 99, 1, 0, 10, 0, 0.00, 0, 0, NULL),
	(46, 55, 1054, 'Colitran Grageas', 1, 0.00, 0.39, 'Medicamentos', 16, 95, 5, 0, 10, 0, 0.00, 0, 0, NULL),
	(47, 56, 1055, 'Budena 200mcg Aerosol', 1, 0.00, 24.95, 'Medicamentos', 16, 100, 0, 0, 10, 0, 0.00, 0, 0, NULL),
	(48, 57, 1056, 'Budesonida Pisa 0.5mg/ml', 1, 0.00, 4.31, 'Medicamentos', 16, 99, 1, 0, 10, 0, 0.00, 0, 0, NULL),
	(49, 58, 1057, 'Budegen 50mcgs Aerosol', 1, 22.60, 25.42, 'Medicamentos', 24, 101, 0, 0, 10, 0, 0.00, 0, 0, NULL),
	(50, 59, 1058, 'Aluboro Polvo para solución 36.45%+51.8%', 1, 0.00, 0.50, 'Medicamentos', 16, 95, 5, 0, 10, 0, 0.00, 0, 0, NULL),
	(51, 60, 1059, 'Kalman 240mg capsula', 1, 0.00, 0.47, 'Medicamentos', 16, 100, 0, 0, 10, 0, 0.00, 0, 0, NULL),
	(52, 61, 1060, 'Gluconato de Calcio PL', 1, 1.06, 2.00, 'Medicamentos', 16, 100, 0, 0, 10, 0, 0.00, 0, 0, NULL),
	(53, 62, 1061, 'Medillosan Solucion', 1, 0.00, 10.76, 'Medicamentos', 16, 100, 0, 0, 10, 0, 0.00, 0, 0, NULL),
	(54, 63, 1062, 'Captopril 25mg tableta', 1, 0.50, 1.00, 'Medicamentos', 16, 100, 0, 0, 10, 0, 0.00, 0, 0, NULL),
	(55, 64, 1063, 'Tegretol CR 400MG', 1, 0.00, 1.14, 'Medicamentos', 16, 100, 0, 0, 10, 0, 0.00, 0, 0, NULL),
	(56, 67, 1066, 'Coryol 12.5 mg tableta', 1, 0.25, 0.63, 'Medicamentos', 16, 100, 0, 0, 10, 0, 0.00, 0, 0, NULL),
	(57, 68, 1067, 'Telbac 250mg/5ml suspensión', 1, 0.00, 11.49, 'Medicamentos', 16, 100, 0, 0, 10, 0, 0.00, 0, 0, NULL),
	(58, 69, 1068, 'Cedoxyl 500MG capsula', 1, 0.00, 0.79, 'Medicamentos', 16, 100, 0, 0, 10, 0, 0.00, 0, 0, NULL),
	(59, 70, 1069, 'Cefalexina MK 500MG', 1, 0.39, 0.64, 'Medicamentos', 6, 100, 0, 0, 10, 0, 0.00, 0, 0, NULL),
	(60, 71, 1070, 'Cefalexina MK 250mg/5ml', 1, 0.00, 7.63, 'Medicamentos', 16, 100, 0, 0, 10, 0, 0.00, 0, 0, NULL),
	(61, 73, 1072, 'Cefazolina 1g ', 1, 0.90, 1.33, 'Medicamentos', 6, 100, 0, 0, 10, 0, 0.00, 0, 0, NULL),
	(62, 74, 1073, 'Cefepima 1g', 1, 3.59, 4.66, 'Medicamentos', 16, 100, 0, 0, 10, 0, 0.00, 0, 0, NULL),
	(63, 75, 1074, 'Fotexina i.v 1g', 1, 0.00, 9.31, 'Medicamentos', 16, 100, 0, 0, 10, 0, 0.00, 0, 0, NULL),
	(64, 76, 1075, 'Artar 1.0 g I.V', 1, 3.00, 10.52, 'Medicamentos', 16, 100, 0, 0, 10, 0, 0.00, 0, 0, NULL),
	(65, 77, 1076, 'Axtar 0.5 g IV', 1, 0.00, 9.10, 'Medicamentos', 16, 100, 0, 0, 10, 0, 0.00, 0, 0, NULL),
	(66, 79, 1078, 'Rojamina 1000 mcg', 1, 0.00, 3.62, 'Medicamentos', 16, 100, 0, 0, 10, 0, 0.00, 0, 0, NULL),
	(67, 80, 1079, 'Cinarizina Pisa 75 mg Tableta', 1, 0.00, 0.29, 'Medicamentos', 16, 100, 0, 0, 10, 0, 0.00, 0, 0, NULL),
	(68, 81, 1080, 'Ciprofloxacino MK 500MG tableta', 1, 1.08, 1.52, 'Medicamentos', 6, 100, 0, 0, 10, 0, 0.00, 0, 0, NULL),
	(69, 82, 1081, 'Ciproval 0.3% oftalmico', 1, 0.00, 8.04, 'Medicamentos', 16, 100, 0, 0, 10, 0, 0.00, 0, 0, NULL),
	(70, 83, 1082, 'Ciprofloxacino Normon 2mg/ml', 1, 2.84, 20.64, 'Medicamentos', 16, 97, 3, 0, 10, 0, 0.00, 0, 0, NULL),
	(71, 84, 1083, 'Sertralina Normon 50mg', 1, 0.00, 1.12, 'Medicamentos', 16, 100, 0, 0, 10, 0, 0.00, 0, 0, NULL),
	(72, 86, 1085, 'Claritromicina MK 500mg', 1, 0.94, 1.57, 'Medicamentos', 6, 97, 3, 0, 10, 0, 0.00, 0, 0, NULL),
	(73, 87, 1086, 'Claritromicina MK 250mg/5ml suspensión', 1, 11.88, 19.74, 'Medicamentos', 6, 89, 11, 0, 10, 0, 0.00, 0, 0, NULL),
	(74, 88, 1087, 'Clindacrem 2% crema vaginal', 1, 0.00, 12.39, 'Medicamentos', 16, 100, 0, 0, 10, 0, 0.00, 0, 0, NULL),
	(75, 89, 1088, 'Euroclin 600mg amp', 1, 3.53, 4.54, 'Medicamentos', 16, 100, 0, 0, 10, 0, 0.00, 0, 0, NULL),
	(76, 90, 1089, 'Euroclin 300mg Capsulas', 1, 0.00, 0.77, 'Medicamentos', 16, 100, 0, 0, 10, 0, 0.00, 0, 0, NULL),
	(77, 93, 1092, 'Rivotril 2mg tableta', 1, 0.53, 0.37, 'Medicamentos', 16, 94, 6, 0, 10, 0, 0.00, 0, 0, NULL),
	(78, 94, 1093, 'Cloranfenicol 0.5% solucion oftalmica', 1, 0.00, 2.26, 'Medicamentos', 16, 100, 0, 0, 10, 0, 0.00, 0, 0, NULL),
	(79, 95, 1094, 'Cloramicol p ', 1, 0.00, 8.22, 'Medicamentos', 16, 100, 0, 0, 10, 0, 0.00, 0, 0, NULL),
	(80, 97, 1096, 'Oftisol Clodex Solucion Oftalmica', 1, 0.00, 5.96, 'Medicamentos', 16, 96, 4, 0, 10, 0, 0.00, 0, 0, NULL),
	(81, 98, 1097, 'Clorfeniramina FD 2.5mg/5ml Jarabe', 1, 0.00, 5.78, 'Medicamentos', 16, 100, 0, 0, 10, 0, 0.00, 0, 0, NULL),
	(82, 100, 1098, 'Clorfeniramina PL 10mg/ml', 1, 0.00, 3.40, 'Medicamentos', 16, 97, 3, 0, 10, 0, 0.00, 0, 0, NULL),
	(83, 101, 1099, 'Hitrin 5mg tableta', 1, 0.00, 1.95, 'Medicamentos', 16, 100, 0, 0, 10, 0, 0.00, 0, 0, NULL),
	(84, 103, 1101, 'Pyridium 100mg Tableta', 1, 0.00, 0.27, 'Medicamentos', 16, 98, 2, 0, 10, 0, 0.00, 0, 0, NULL),
	(85, 104, 1102, 'Cloruro de Sodio PL 0.2g/ml', 1, 1.10, 2.25, 'Medicamentos', 16, 98, 2, 0, 10, 0, 0.00, 0, 0, NULL),
	(86, 108, 1106, 'Vagil Crema', 1, 0.00, 24.01, 'Medicamentos', 16, 100, 0, 0, 10, 0, 0.00, 0, 0, NULL),
	(87, 111, 1109, 'Dexa doceplex amp 3ml 4mgs.250mg.100mg.5mg', 1, 4.29, 6.06, 'Medicamentos', 1, 97, 3, 0, 10, 0, 0.00, 0, 0, NULL),
	(88, 113, 1111, 'Solucion Dextrosa 5% 1000ml', 1, 1.70, 6.00, 'Medicamentos', 16, 106, 0, 0, 10, 0, 0.00, 0, 0, NULL),
	(89, 114, 1112, 'Solucion Dextrosa 5% 250ml', 1, 1.70, 2.12, 'Medicamentos', 16, 99, 1, 0, 10, 0, 0.00, 0, 0, NULL),
	(90, 116, 1114, 'Dextrosa al 10% de 250ml', 1, 0.80, 4.00, 'Medicamentos', 16, 100, 0, 0, 10, 0, 0.00, 0, 0, NULL),
	(91, 117, 1115, 'Dextrosa PL 50%', 1, 6.32, 10.00, 'Medicamentos', 16, 95, 5, 0, 10, 0, 0.00, 0, 0, NULL),
	(92, 119, 1117, 'Paxium 10mg amp', 1, 1.71, 8.00, 'Medicamentos', 16, 100, 0, 0, 10, 0, 0.00, 0, 0, NULL),
	(93, 120, 1118, 'Flamidol 9mg/5ml suspensión', 1, 0.00, 6.56, 'Medicamentos', 16, 100, 0, 0, 10, 0, 0.00, 0, 0, NULL),
	(94, 121, 1119, 'Diclofenaco MK 50mg Tableta', 1, 0.31, 0.53, 'Medicamentos', 20, 100, 0, 0, 10, 0, 0.00, 0, 0, NULL),
	(95, 122, 1120, 'Flamydol 75mg/2ml amp ', 1, 0.40, 2.76, 'Medicamentos', 1, 95, 5, 0, 10, 0, 0.00, 0, 0, NULL),
	(96, 125, 1123, 'Dilaxin 250mg/5ml Suspensión', 1, 0.00, 11.18, 'Medicamentos', 16, 100, 0, 0, 10, 0, 0.00, 0, 0, NULL),
	(97, 128, 1126, 'Digoxina 0.5 mg/2ml Amp', 1, 1.05, 1.63, 'Medicamentos', 16, 100, 0, 0, 10, 0, 0.00, 0, 0, NULL),
	(98, 129, 1127, 'Digoxina 0.25 mg Tableta', 1, 0.00, 0.23, 'Medicamentos', 16, 98, 2, 0, 10, 0, 0.00, 0, 0, NULL),
	(99, 130, 1128, 'Dramanyl 50mg capsula', 1, 0.00, 0.12, 'Medicamentos', 16, 100, 0, 0, 10, 0, 0.00, 0, 0, NULL),
	(100, 131, 1129, 'Dramany 50ml/2ml amp', 1, 0.00, 2.00, 'Medicamentos', 16, 97, 3, 0, 10, 0, 0.00, 0, 0, NULL),
	(101, 132, 1130, 'Espaven  Gotas', 1, 3.00, 4.17, 'Medicamentos', 12, 100, 0, 0, 10, 0, 0.00, 0, 0, NULL),
	(102, 133, 1131, 'Dobutamina PL 12.5mg/ml iv', 1, 8.00, 15.00, 'Medicamentos', 16, 100, 0, 0, 10, 0, 0.00, 0, 0, NULL),
	(103, 134, 1132, 'Dopamina PL 40mg/ml', 1, 3.00, 22.00, 'Medicamentos', 16, 100, 0, 0, 10, 0, 0.00, 0, 0, NULL),
	(104, 135, 1133, 'Doxi-100 capsulas', 1, 0.00, 0.70, 'Medicamentos', 16, 100, 0, 0, 10, 0, 0.00, 0, 0, NULL),
	(105, 136, 1134, 'Efedrina Sulfato 50mg/ml', 1, 3.53, 6.30, 'Medicamentos', 16, 100, 0, 0, 10, 0, 0.00, 0, 0, NULL),
	(106, 137, 1135, 'Eneflat-DB Enema', 1, 0.00, 6.61, 'Medicamentos', 16, 100, 0, 0, 10, 0, 0.00, 0, 0, NULL),
	(107, 138, 1136, 'ENZYPRIDE Grageas', 1, 0.00, 0.42, 'Medicamentos', 16, 100, 0, 0, 10, 0, 0.00, 0, 0, NULL),
	(108, 140, 1138, 'Aldactone A 25mg tableta', 1, 0.00, 0.59, 'Medicamentos', 16, 100, 0, 0, 10, 0, 0.00, 0, 0, NULL),
	(109, 142, 1140, 'Unitinase 1.500.000UI', 1, 268.00, 380.94, 'Medicamentos', 16, 100, 0, 0, 10, 0, 0.00, 0, 0, NULL),
	(110, 148, 1145, 'Fenitoina Sodica100mg capsula', 1, 0.00, 0.13, 'Medicamentos', 16, 100, 0, 0, 10, 0, 0.00, 0, 0, NULL),
	(111, 149, 1146, 'Fenitoina PL 50mg/ml ', 1, 0.00, 13.36, 'Medicamentos', 16, 100, 0, 0, 10, 0, 0.00, 0, 0, NULL),
	(112, 153, 1150, 'Partoten 0.5 mg/10ml amp', 1, 2.00, 7.14, 'Medicamentos', 16, 100, 0, 0, 10, 0, 0.00, 0, 0, NULL),
	(113, 154, 1151, 'Citrato de Fentanilo Martidale 50mcg/ml', 1, 0.00, 1.75, 'Medicamentos', 16, 100, 0, 0, 10, 0, 0.00, 0, 0, NULL),
	(114, 155, 1152, 'Vitamina K PL 10mg/ml', 1, 0.53, 1.50, 'Medicamentos', 16, 98, 2, 0, 10, 0, 0.00, 0, 0, NULL),
	(115, 157, 1154, 'Baten 150mg Capsula', 1, 0.00, 12.70, 'Medicamentos', 16, 100, 0, 0, 10, 0, 0.00, 0, 0, NULL),
	(116, 158, 1155, 'Fluconazol PL 2MG/ml', 1, 8.71, 47.63, 'Medicamentos', 16, 100, 0, 0, 10, 0, 0.00, 0, 0, NULL),
	(117, 160, 1157, 'Flunarizina PL 10mg Tableta', 1, 0.00, 0.67, 'Medicamentos', 16, 100, 0, 0, 10, 0, 0.00, 0, 0, NULL),
	(118, 163, 1160, 'Cutivate 0.05% Crema', 1, 0.00, 14.78, 'Medicamentos', 16, 100, 0, 0, 10, 0, 0.00, 0, 0, NULL),
	(119, 167, 1163, 'Prednefrin Forte1% ', 1, 0.00, 9.82, 'Medicamentos', 16, 100, 0, 0, 10, 0, 0.00, 0, 0, NULL),
	(120, 170, 1164, 'Furosemida PL 10mg/ ml amp', 1, 0.50, 1.17, 'Medicamentos', 16, 100, 0, 0, 10, 0, 0.00, 0, 0, NULL),
	(121, 171, 1165, 'Furosemida Saimed 40mg tableta', 1, 0.00, 0.13, 'Medicamentos', 16, 100, 0, 0, 10, 0, 0.00, 0, 0, NULL),
	(122, 172, 1166, 'Gabapentina Normon 300 mg Capsula', 1, 1.00, 2.00, 'Medicamentos', 1, 100, 0, 0, 10, 0, 0.00, 0, 0, NULL),
	(123, 173, 1167, 'Duoderm gel', 1, 11.00, 20.00, 'Medicamentos', 6, 100, 0, 0, 10, 0, 0.00, 0, 0, NULL),
	(124, 176, 1170, 'Biogenta Oftalmica 0.3%', 1, 3.11, 4.60, 'Medicamentos', 16, 100, 0, 0, 10, 0, 0.00, 0, 0, NULL),
	(125, 177, 1171, 'GENTAMICINA', 1, 0.00, 4.60, 'Medicamentos', 16, 100, 0, 0, 10, 0, 0.00, 0, 0, NULL),
	(126, 179, 1173, 'Glibenclamida Real 5 mg tableta', 1, 0.00, 0.16, 'Medicamentos', 16, 100, 0, 0, 10, 0, 0.00, 0, 0, NULL),
	(127, 180, 1174, 'Glicerina Gamma Gotas Oticas', 1, 0.00, 3.56, 'Medicamentos', 16, 100, 0, 0, 10, 0, 0.00, 0, 0, NULL),
	(128, 181, 1175, 'Haloperidol Biosano 5mg/1ml', 1, 2.50, 3.94, 'Medicamentos', 19, 100, 0, 0, 10, 0, 0.00, 0, 0, NULL),
	(129, 183, 1177, 'Badyket 2.500', 1, 8.59, 12.14, 'Medicamentos', 16, 100, 0, 0, 10, 0, 0.00, 0, 0, NULL),
	(130, 184, 1178, 'Inhepar 5000 UI/ml', 1, 1.00, 7.88, 'Medicamentos', 16, 100, 0, 0, 10, 0, 0.00, 0, 0, NULL),
	(131, 185, 1179, 'Oral-dent 100mg mk', 1, 3.57, 5.98, 'Medicamentos', 1, 100, 0, 0, 10, 0, 0.00, 0, 0, NULL),
	(132, 186, 1180, 'Hidralazina HCI 20mg/ml', 1, 8.57, 11.14, 'Medicamentos', 16, 100, 0, 0, 10, 0, 0.00, 0, 0, NULL),
	(133, 187, 1181, 'Nor-Tiazida 25mg tableta', 1, 0.00, 0.12, 'Medicamentos', 16, 100, 0, 0, 10, 0, 0.00, 0, 0, NULL),
	(134, 189, 1182, 'Solu-Cortef 500mg', 1, 8.92, 10.29, 'Medicamentos', 16, 100, 0, 0, 10, 0, 0.00, 0, 0, NULL),
	(135, 193, 1186, 'Ferbio 100mg/5ml', 1, 0.00, 12.03, 'Medicamentos', 16, 100, 0, 0, 10, 0, 0.00, 0, 0, NULL),
	(136, 194, 1187, 'Ferrolent Gotas', 1, 0.00, 4.13, 'Medicamentos', 16, 100, 0, 0, 10, 0, 0.00, 0, 0, NULL),
	(137, 196, 1189, 'Meropenem 500mg ', 1, 8.00, 36.09, 'Medicamentos', 16, 100, 0, 0, 10, 0, 0.00, 0, 0, NULL),
	(138, 197, 1190, 'Hioscina PL 20mg/ml', 1, 0.00, 1.95, 'Medicamentos', 16, 97, 3, 0, 10, 0, 0.00, 0, 0, NULL),
	(139, 198, 1191, 'Buscapina Compositum Grageas', 1, 0.00, 0.45, 'Medicamentos', 16, 100, 0, 0, 10, 0, 0.00, 0, 0, NULL),
	(140, 199, 1192, 'Ibuprofeno MK 400 mg tableta', 1, 0.11, 0.18, 'Medicamentos', 6, 100, 0, 0, 10, 0, 0.00, 0, 0, NULL),
	(141, 200, 1193, 'Ibuprofeno MK 100MG/5ML Suspensión', 1, 4.00, 7.88, 'Medicamentos', 1, 100, 0, 0, 10, 0, 0.00, 0, 0, NULL),
	(142, 201, 1194, 'Arzomeba 500 mg/500mg', 1, 12.00, 20.85, 'Medicamentos', 16, 100, 0, 0, 10, 0, 0.00, 0, 0, NULL),
	(143, 202, 1195, 'Imipramina HCI 25mg tableta', 1, 0.00, 0.41, 'Medicamentos', 16, 100, 0, 0, 10, 0, 0.00, 0, 0, NULL),
	(144, 203, 1196, 'Indometacina MK 25mg capsula ', 1, 0.09, 0.16, 'Medicamentos', 20, 100, 0, 0, 10, 0, 0.00, 0, 0, NULL),
	(145, 204, 1197, 'Insulex R 100UI/ML', 1, 16.00, 39.30, 'Medicamentos', 16, 100, 0, 0, 10, 0, 0.00, 0, 0, NULL),
	(146, 205, 1198, 'Insulex N 100UI/ML', 1, 16.00, 25.95, 'Medicamentos', 16, 100, 0, 0, 10, 0, 0.00, 0, 0, NULL),
	(147, 206, 1199, 'Aerotrop HFA 20 mcg aerosol', 1, 0.00, 18.16, 'Medicamentos', 16, 100, 0, 0, 10, 0, 0.00, 0, 0, NULL),
	(148, 207, 1200, 'Irbesartan Normon 300mg', 1, 0.00, 1.33, 'Medicamentos', 16, 100, 0, 0, 10, 0, 0.00, 0, 0, NULL),
	(149, 208, 1201, 'Coaprovel 150mg/12.5 mg tableta', 1, 0.00, 1.35, 'Medicamentos', 16, 100, 0, 0, 10, 0, 0.00, 0, 0, NULL),
	(150, 209, 1202, 'Anginocor Sublingual 5.0mg', 1, 0.00, 0.20, 'Medicamentos', 16, 100, 0, 0, 10, 0, 0.00, 0, 0, NULL),
	(151, 211, 1204, 'Alusor suspensión ', 1, 6.36, 8.98, 'Medicamentos', 16, 100, 0, 0, 10, 0, 0.00, 0, 0, NULL),
	(152, 212, 1205, 'Ketoconazol MK 200mg tableta', 1, 0.00, 0.67, 'Medicamentos', 16, 100, 0, 0, 10, 0, 0.00, 0, 0, NULL),
	(153, 213, 1206, 'Ketosan 2% crema 30grs', 1, 0.00, 5.15, 'Medicamentos', 16, 100, 0, 0, 10, 0, 0.00, 0, 0, NULL),
	(154, 217, 1210, 'Solucion Hartman 1000ml Bolsa', 1, 1.68, 6.50, 'Medicamentos', 16, 100, 0, 0, 10, 0, 0.00, 0, 0, NULL),
	(155, 221, 1214, 'Lanzopral 30mg  Capsulas', 1, 0.65, 1.03, 'Medicamentos', 5, 100, 0, 0, 10, 0, 0.00, 0, 0, NULL),
	(156, 222, 1215, 'Aldomet 500 mg tableta', 1, 0.58, 0.63, 'Medicamentos', 8, 100, 0, 0, 10, 0, 0.00, 0, 0, NULL),
	(157, 225, 1218, 'Cloisone 250mg/ 25mg tableta', 1, 0.00, 1.13, 'Medicamentos', 16, 100, 0, 0, 10, 0, 0.00, 0, 0, NULL),
	(158, 226, 1219, 'Levaxin 0.1mg tableta', 1, 0.00, 0.35, 'Medicamentos', 16, 100, 0, 0, 10, 0, 0.00, 0, 0, NULL),
	(159, 228, 1221, 'Lisinopril Normon 20mg tableta', 1, 0.00, 0.84, 'Medicamentos', 16, 100, 0, 0, 10, 0, 0.00, 0, 0, NULL),
	(160, 230, 1223, 'Loperamida  2mg Capsula', 1, 1.00, 0.13, 'Medicamentos', 16, 100, 0, 0, 10, 0, 0.00, 0, 0, NULL),
	(161, 231, 1224, 'Loratadina MK 10mg Tableta', 1, 0.63, 1.06, 'Medicamentos', 3, 100, 0, 0, 10, 0, 0.00, 0, 0, NULL),
	(162, 232, 1225, 'Loratadina MK 5mg/5ml Jarabe', 1, 0.00, 8.59, 'Medicamentos', 16, 100, 0, 0, 10, 0, 0.00, 0, 0, NULL),
	(163, 233, 1226, 'Lorazepan MK 2mg', 1, 0.00, 0.38, 'Medicamentos', 16, 100, 0, 0, 10, 0, 0.00, 0, 0, NULL),
	(164, 234, 1227, 'Losartan Normon 50mg tableta', 1, 0.50, 1.00, 'Medicamentos', 16, 100, 0, 0, 10, 0, 0.00, 0, 0, NULL),
	(165, 235, 1228, 'Losartan -H MK 50mgs/12.5mgs tableta', 1, 0.52, 1.32, 'Medicamentos', 8, 100, 0, 0, 10, 0, 0.00, 0, 0, NULL),
	(166, 237, 1230, 'Sulfato de Magnesio PL 50% ', 1, 1.02, 3.75, 'Medicamentos', 16, 100, 0, 0, 10, 0, 0.00, 0, 0, NULL),
	(167, 238, 1231, 'Osmorol 20%', 1, 3.00, 20.00, 'Medicamentos', 16, 100, 0, 0, 10, 0, 0.00, 0, 0, NULL),
	(168, 239, 1232, 'Helmitex 100mg/5ml Suspensión', 1, 0.00, 1.89, 'Medicamentos', 16, 100, 0, 0, 10, 0, 0.00, 0, 0, NULL),
	(169, 240, 1233, 'Paras tableta', 1, 0.00, 0.22, 'Medicamentos', 16, 100, 0, 0, 10, 0, 0.00, 0, 0, NULL),
	(170, 242, 1235, 'Gytrogen depot 150mg/ml amp', 1, 0.00, 8.49, 'Medicamentos', 16, 100, 0, 0, 10, 0, 0.00, 0, 0, NULL),
	(171, 243, 1236, 'Metformina MK 850 mg tableta', 1, 0.21, 0.34, 'Medicamentos', 8, 100, 0, 0, 10, 0, 0.00, 0, 0, NULL),
	(172, 244, 1237, 'Murocel ', 1, 0.00, 9.56, 'Medicamentos', 16, 100, 0, 0, 10, 0, 0.00, 0, 0, NULL),
	(173, 246, 1239, 'Solu-Medrol 500mg ', 1, 26.53, 35.95, 'Medicamentos', 16, 99, 0, 0, 10, 0, 0.00, 0, 0, NULL),
	(174, 247, 1240, 'Metocarbamol 500 mg ', 1, 0.00, 0.25, 'Medicamentos', 16, 100, 0, 0, 10, 0, 0.00, 0, 0, NULL),
	(175, 248, 1241, 'Clo-Prim 10mg tableta', 1, 0.07, 0.23, 'Medicamentos', 16, 100, 0, 0, 10, 0, 0.00, 0, 0, NULL),
	(176, 249, 1242, 'Metronidazol Braun ', 1, 1.54, 10.47, 'Medicamentos', 16, 100, 0, 0, 10, 0, 0.00, 0, 0, NULL),
	(177, 250, 1243, 'Metronidazol MK 250 mg/5ml suspensión', 1, 3.65, 6.07, 'Medicamentos', 6, 100, 0, 0, 10, 0, 0.00, 0, 0, NULL),
	(178, 251, 1244, 'Metronidazol MK 500 mg tableta', 1, 0.17, 0.29, 'Medicamentos', 1, 100, 0, 0, 10, 0, 0.00, 0, 0, NULL),
	(179, 252, 1245, 'Metronidazol -DB 0.75% Gel', 1, 0.00, 19.55, 'Medicamentos', 16, 100, 0, 0, 10, 0, 0.00, 0, 0, NULL),
	(180, 254, 1247, 'Dormicum 5mg/ml amp', 1, 0.00, 10.00, 'Medicamentos', 16, 100, 0, 0, 10, 0, 0.00, 0, 0, NULL),
	(181, 255, 1248, 'Mommex 50mcg/0.1 ml suspensión Nasal', 1, 0.00, 35.76, 'Medicamentos', 16, 100, 0, 0, 10, 0, 0.00, 0, 0, NULL),
	(182, 256, 1249, 'Mommex 50mcg/0.1 ml suspensión Nasal', 1, 0.00, 20.35, 'Medicamentos', 16, 100, 0, 0, 10, 0, 0.00, 0, 0, NULL),
	(183, 259, 1252, 'Vitafusin solucion i.v', 1, 0.00, 9.34, 'Medicamentos', 16, 100, 0, 0, 10, 0, 0.00, 0, 0, NULL),
	(184, 261, 1254, 'Nalbufina Pisa 10mg/ml amp', 1, 3.00, 6.84, 'Medicamentos', 16, 100, 0, 0, 10, 0, 0.00, 0, 0, NULL),
	(185, 262, 1255, 'Naloxona 0.4mg/ml', 1, 2.56, 3.97, 'Medicamentos', 16, 100, 0, 0, 10, 0, 0.00, 0, 0, NULL),
	(186, 263, 1256, 'Cicatril Crema ', 1, 0.00, 5.52, 'Medicamentos', 16, 100, 0, 0, 10, 0, 0.00, 0, 0, NULL),
	(187, 265, 1257, 'Nimotop 30mg Comprimidos ', 1, 0.00, 0.59, 'Medicamentos', 16, 100, 0, 0, 10, 0, 0.00, 0, 0, NULL),
	(188, 266, 1258, 'Nistatina Infantil Arsal 100.000 oral', 1, 0.00, 4.66, 'Medicamentos', 16, 100, 0, 0, 10, 0, 0.00, 0, 0, NULL),
	(189, 267, 1259, 'Nodik 500mg Tableta', 1, 0.35, 0.75, 'Medicamentos', 1, 100, 0, 0, 10, 0, 0.00, 0, 0, NULL),
	(190, 270, 1261, 'Nyvu Retard 100mg Capsulas', 1, 0.00, 0.90, 'Medicamentos', 6, 100, 0, 0, 10, 0, 0.00, 0, 0, NULL),
	(191, 271, 1262, 'Nitroglicerina 50mg/10ml', 1, 10.15, 14.39, 'Medicamentos', 16, 95, 0, 0, 10, 0, 0.00, 0, 0, NULL),
	(192, 273, 1264, 'Norepinefrina PL 1.0 mg/ml amp', 1, 10.87, 20.62, 'Medicamentos', 16, 100, 0, 0, 10, 0, 0.00, 0, 0, NULL),
	(193, 274, 1265, 'Zelta10mg tableta', 1, 0.00, 4.13, 'Medicamentos', 16, 100, 0, 0, 10, 0, 0.00, 0, 0, NULL),
	(194, 275, 1266, 'Prazolen 20mg capsula', 1, 0.00, 1.18, 'Medicamentos', 16, 100, 0, 0, 10, 0, 0.00, 0, 0, NULL),
	(195, 276, 1267, 'Pantoprazol Normon 40mg iv', 1, 6.00, 17.17, 'Medicamentos', 5, 99, 1, 0, 10, 0, 0.00, 0, 0, NULL),
	(196, 277, 1268, 'Urginal 5mg Comprimidos', 1, 0.00, 0.72, 'Medicamentos', 16, 100, 0, 0, 10, 0, 0.00, 0, 0, NULL),
	(197, 281, 1272, 'Oxitopisa 5 UI iv', 1, 1.00, 1.14, 'Medicamentos', 16, 100, 0, 0, 10, 0, 0.00, 0, 0, NULL),
	(198, 283, 1274, 'Paroxetina 20mg tableta', 1, 0.00, 1.07, 'Medicamentos', 16, 100, 0, 0, 10, 0, 0.00, 0, 0, NULL),
	(199, 284, 1275, 'Pen Di Ben 1.200 ui', 1, 0.00, 6.19, 'Medicamentos', 6, 100, 0, 0, 10, 0, 0.00, 0, 0, NULL),
	(200, 287, 1278, 'Petidina Martindale 100mg/2ml', 1, 2.70, 10.00, 'Medicamentos', 16, 100, 0, 0, 10, 0, 0.00, 0, 0, NULL),
	(201, 288, 1279, 'Pentoxifilina genfar 400mg', 1, 0.00, 0.96, 'Medicamentos', 16, 100, 0, 0, 10, 0, 0.00, 0, 0, NULL),
	(202, 289, 1280, 'Gamabenceno Plus 5% Crema', 1, 0.00, 7.92, 'Medicamentos', 16, 100, 0, 0, 10, 0, 0.00, 0, 0, NULL),
	(203, 290, 1281, 'Piptabac 4g/0.5g', 1, 18.00, 35.40, 'Medicamentos', 6, 100, 0, 0, 10, 0, 0.00, 0, 0, NULL),
	(204, 295, 1286, 'Cloruro de Potasio PL 40 mEq 10ml', 1, 0.36, 0.71, 'Medicamentos', 16, 100, 0, 0, 10, 0, 0.00, 0, 0, NULL),
	(205, 296, 1287, 'Prednisona MK 5mg Tableta', 1, 0.12, 0.21, 'Medicamentos', 20, 100, 0, 0, 10, 0, 0.00, 0, 0, NULL),
	(206, 297, 1288, 'Prednicort 15mg/5ml', 1, 0.00, 10.35, 'Medicamentos', 16, 100, 0, 0, 10, 0, 0.00, 0, 0, NULL),
	(207, 298, 1289, 'Prednisona 50mg tableta', 1, 0.00, 1.18, 'Medicamentos', 16, 100, 0, 0, 10, 0, 0.00, 0, 0, NULL),
	(208, 299, 1290, 'Progesterona PL 100mg ', 1, 2.55, 3.60, 'Medicamentos', 16, 100, 0, 0, 10, 0, 0.00, 0, 0, NULL),
	(209, 303, 1294, 'Propinoxato PL 5mg/ml Gotas', 1, 0.00, 4.38, 'Medicamentos', 16, 100, 0, 0, 10, 0, 0.00, 0, 0, NULL),
	(210, 304, 1295, 'Propanolol PL 40mg Tableta', 1, 0.10, 0.12, 'Medicamentos', 16, 100, 0, 0, 10, 0, 0.00, 0, 0, NULL),
	(211, 305, 1296, 'Protamina 1000UI ', 1, 0.00, 9.14, 'Medicamentos', 16, 100, 0, 0, 10, 0, 0.00, 0, 0, NULL),
	(212, 306, 1297, 'Fibromucilan-DB 50% Polvo', 1, 0.00, 11.75, 'Medicamentos', 16, 100, 0, 0, 10, 0, 0.00, 0, 0, NULL),
	(213, 312, 1302, 'Perenterol 200mg sobre', 1, 1.55, 3.50, 'Medicamentos', 16, 100, 0, 0, 10, 0, 0.00, 0, 0, NULL),
	(214, 313, 1303, 'Salbrom 100/50 mcg aerosol', 1, 8.75, 18.26, 'Medicamentos', 24, 100, 0, 0, 10, 0, 0.00, 0, 0, NULL),
	(215, 314, 1304, 'Albugenol Para Nebulizar', 1, 3.88, 10.99, 'Medicamentos', 16, 98, 2, 0, 10, 0, 0.00, 0, 0, NULL),
	(216, 315, 1305, 'Albugenol 2mg Jarabe', 1, 0.00, 4.07, 'Medicamentos', 24, 100, 0, 0, 10, 0, 0.00, 0, 0, NULL),
	(217, 316, 1306, 'Albugenol 4mg tableta', 1, 0.00, 0.23, 'Medicamentos', 24, 100, 0, 0, 10, 0, 0.00, 0, 0, NULL),
	(218, 317, 1307, 'Albugenol Inhalador', 1, 0.00, 4.71, 'Medicamentos', 24, 100, 0, 0, 10, 0, 0.00, 0, 0, NULL),
	(219, 318, 1308, 'Electrolit 500ml', 1, 1.65, 4.06, 'Medicamentos', 16, 100, 0, 0, 10, 0, 0.00, 0, 0, NULL),
	(220, 319, 1309, 'Suero Oral Vitaminado', 1, 0.00, 0.39, 'Medicamentos', 16, 89, 11, 0, 10, 0, 0.00, 0, 0, NULL),
	(221, 321, 1311, 'Astaki Parasitos 500mgs tableta', 1, 0.00, 1.99, 'Medicamentos', 16, 100, 0, 0, 10, 0, 0.00, 0, 0, NULL),
	(222, 322, 1312, 'Aero-om Comprimidos 40mg', 1, 0.14, 0.22, 'Medicamentos', 5, 138, 12, 0, 10, 0, 0.00, 0, 0, NULL),
	(223, 323, 1313, 'Simvastatina Normon 20mg Tableta', 1, 0.00, 0.84, 'Medicamentos', 16, 100, 0, 0, 10, 0, 0.00, 0, 0, NULL),
	(224, 324, 1314, 'Solucion Isotonica de Cloruro de Sodio al 0.9% 500ml', 1, 0.00, 5.50, 'Medicamentos', 16, 100, 0, 0, 10, 0, 0.00, 0, 0, NULL),
	(225, 325, 1315, 'Soluped pediatrico 250ml', 1, 0.00, 3.00, 'Medicamentos', 16, 100, 0, 0, 10, 0, 0.00, 0, 0, NULL),
	(226, 326, 1316, 'Solucion Isotonica de Cloruro de Sodio al 0.9% 1000ml', 1, 1.68, 7.50, 'Medicamentos', 16, 100, 0, 0, 10, 0, 0.00, 0, 0, NULL),
	(227, 327, 1317, 'Solucion Isotonica de Cloruro de Sodio al 0.9% 250ml', 1, 0.92, 4.50, 'Medicamentos', 16, 99, 1, 0, 10, 0, 0.00, 0, 0, NULL),
	(228, 329, 1319, 'Sucralfato PL 1g Polvo', 1, 0.00, 0.50, 'Medicamentos', 16, 100, 0, 0, 10, 0, 0.00, 0, 0, NULL),
	(229, 330, 1320, 'Sulfaplata 1% crema', 1, 0.00, 4.53, 'Medicamentos', 16, 100, 0, 0, 10, 0, 0.00, 0, 0, NULL),
	(230, 335, 1325, 'Tetraciclina MK 500mg Capsula', 1, 0.06, 0.10, 'Medicamentos', 6, 100, 0, 0, 10, 0, 0.00, 0, 0, NULL),
	(231, 336, 1326, 'Tiamina PL 100mg/ml 10ml', 1, 1.20, 3.75, 'Medicamentos', 16, 100, 0, 0, 10, 0, 0.00, 0, 0, NULL),
	(232, 339, 1329, 'Zinadur 4mg tableta', 1, 0.40, 0.72, 'Medicamentos', 16, 174, 1, 0, 10, 0, 0.00, 0, 0, NULL),
	(233, 341, 1331, 'Iris Tobra 3mg Oftalmico 5gramos', 1, 0.00, 7.00, 'Medicamentos', 16, 100, 0, 0, 10, 0, 0.00, 0, 0, NULL),
	(234, 342, 1332, 'Trazidex Ofteno', 1, 0.00, 10.01, 'Medicamentos', 16, 100, 0, 0, 10, 0, 0.00, 0, 0, NULL),
	(235, 344, 1334, 'Tradoxil 50mg Capsula', 1, 1.22, 1.50, 'Medicamentos', 16, 100, 0, 0, 10, 0, 0.00, 0, 0, NULL),
	(236, 346, 1336, 'Tradoxil 100mgs/2ml amp', 1, 1.22, 1.50, 'Medicamentos', 16, 100, 0, 0, 10, 0, 0.00, 0, 0, NULL),
	(237, 348, 1338, 'Trimetroprim sulfa 40-200mg/5ml suspensión', 1, 0.14, 5.61, 'Medicamentos', 16, 123, 0, 0, 10, 0, 0.00, 0, 0, NULL),
	(238, 349, 1339, 'Sulfatrim Forte tableta', 1, 0.00, 0.75, 'Medicamentos', 16, 100, 0, 0, 10, 0, 0.00, 0, 0, NULL),
	(239, 351, 1341, 'Vanaurus 500mg IV', 1, 3.77, 6.86, 'Medicamentos', 16, 99, 1, 0, 10, 0, 0.00, 0, 0, NULL),
	(240, 352, 1342, 'Farpamil-80 Tableta', 1, 0.00, 0.28, 'Medicamentos', 16, 100, 0, 0, 10, 0, 0.00, 0, 0, NULL),
	(241, 354, 1344, 'Isoptin SR 240ng', 1, 0.00, 1.56, 'Medicamentos', 16, 99, 1, 0, 10, 0, 0.00, 0, 0, NULL),
	(242, 355, 1345, 'Warfarina Sodica 5mg tableta', 1, 0.00, 0.45, 'Medicamentos', 16, 100, 0, 0, 10, 0, 0.00, 0, 0, NULL),
	(243, 359, 1349, 'Ursofalk Capsula', 1, 0.00, 1.02, 'Medicamentos', 16, 100, 0, 0, 10, 0, 0.00, 0, 0, NULL),
	(244, 382, 1372, 'Ergonovina Maleato Vijosa 0.2 mg/ml', 1, 2.28, 8.00, 'Medicamentos', 16, 100, 0, 0, 10, 0, 0.00, 0, 0, NULL),
	(245, 401, 1391, 'Lamisil 250 mg tableta', 1, 0.00, 2.66, 'Medicamentos', 16, 100, 0, 0, 10, 0, 0.00, 0, 0, NULL),
	(246, 404, 1394, 'Trilemes 3mg/3ml', 1, 0.00, 37.50, 'Medicamentos', 16, 100, 0, 0, 10, 0, 0.00, 0, 0, NULL),
	(247, 406, 1396, 'Alburex 20%', 1, 40.00, 75.00, 'Medicamentos', 14, 100, 0, 0, 10, 0, 0.00, 0, 0, NULL),
	(248, 412, 1402, 'Exetin-A 4000 UI', 1, 6.20, 31.00, 'Medicamentos', 16, 100, 0, 0, 10, 0, 0.00, 0, 0, NULL),
	(249, 430, 1420, 'Tranexin 100mg/ml ', 1, 14.74, 25.00, 'Medicamentos', 16, 100, 0, 0, 10, 0, 0.00, 0, 0, NULL),
	(250, 440, 1430, 'Atropina Sulfato PL 0.5 mg/ml amp', 1, 0.45, 2.25, 'Medicamentos', 7, 99, 1, 0, 10, 0, 0.00, 0, 0, NULL),
	(251, 441, 1431, 'Levofloxacino Normon 500mg Tableta', 1, 24.78, 3.82, 'Medicamentos', 16, 100, 0, 0, 10, 0, 0.00, 0, 0, NULL),
	(252, 447, 1437, 'Solucion Hartman 500ml Bolsa', 1, 1.24, 5.50, 'Medicamentos', 16, 96, 4, 0, 10, 0, 0.00, 0, 0, NULL),
	(253, 483, 1472, 'Acetato de Leuprolida Sandoz 3.75mg', 1, 0.00, 303.96, 'Medicamentos', 16, 96, 4, 0, 10, 0, 0.00, 0, 0, NULL),
	(254, 562, 1474, 'ALCOHOL CC', 1, 0.03, 0.05, 'Materiales médicos', 16, 100, 0, 0, 10, 0, 0.00, 0, 0, NULL),
	(255, 563, 1475, 'PLEURECAM', 1, 30.00, 50.00, 'Materiales médicos', 15, 100, 0, 0, 10, 0, 0.00, 0, 0, NULL),
	(256, 566, 1476, 'KALTOSTATE PARCHE PEQUEÑO', 1, 6.19, 18.00, 'Medicamentos', 16, 100, 0, 0, 10, 0, 0.00, 0, 0, NULL),
	(257, 567, 1477, 'MIXTO DE 1000 ML', 1, 1.72, 8.50, 'Medicamentos', 16, 100, 0, 0, 10, 0, 0.00, 0, 0, NULL),
	(258, 569, 1478, 'NITRODERM PARCHE', 1, 2.71, 4.50, 'Medicamentos', 16, 100, 0, 0, 10, 0, 0.00, 0, 0, NULL),
	(259, 570, 1479, 'OXIGENO 220', 1, 30.00, 59.99, 'Medicamentos', 16, 100, 0, 0, 10, 0, 0.00, 0, 0, NULL),
	(260, 572, 1480, 'SOLUCION SALINA DE 100 ML', 1, 0.92, 3.50, 'Medicamentos', 16, 96, 5, 0, 10, 0, 0.00, 0, 0, NULL),
	(261, 575, 1481, 'SOLUCION SALINA DE 3000 ML', 1, 3.50, 10.00, 'Medicamentos', 16, 100, 0, 0, 10, 0, 0.00, 0, 0, NULL),
	(262, 576, 1482, 'SOLUCION SALINA DE 500 ML', 1, 1.50, 5.50, 'Medicamentos', 16, 99, 1, 0, 10, 0, 0.00, 0, 0, NULL),
	(263, 577, 1483, 'MIXTO DE 500 ML', 1, 1.15, 5.50, 'Medicamentos', 16, 100, 0, 0, 10, 0, 0.00, 0, 0, NULL),
	(264, 578, 1484, 'AGUJA DE PUNCION LUMBAR 27 LARGA', 1, 3.25, 7.00, 'Materiales médicos', 16, 110, 0, 0, 10, 0, 0.00, 0, 0, NULL),
	(265, 579, 1485, 'AGUJA DE PUNSION LUMBAR #27', 1, 2.15, 7.00, 'Materiales médicos', 16, 99, 1, 0, 10, 0, 0.00, 0, 0, NULL),
	(266, 580, 1486, 'BIGOTERA ADULTO', 1, 0.91, 5.75, 'Materiales médicos', 16, 99, 1, 0, 10, 0, 0.00, 0, 0, NULL),
	(267, 581, 1487, 'BOLSA RECOLECTORA KENDALL', 1, 3.98, 11.50, 'Materiales médicos', 16, 99, 1, 0, 10, 0, 0.00, 0, 0, NULL),
	(268, 582, 1488, 'CATETER N° 18', 1, 0.39, 2.10, 'Materiales médicos', 16, 100, 0, 0, 10, 0, 0.00, 0, 0, NULL),
	(269, 583, 1489, 'CATETER N° 20', 1, 0.39, 2.10, 'Materiales médicos', 16, 95, 5, 0, 10, 0, 0.00, 0, 0, NULL),
	(270, 584, 1490, 'CATETER N° 22', 1, 0.44, 2.10, 'Materiales médicos', 16, 99, 1, 0, 10, 0, 0.00, 0, 0, NULL),
	(271, 585, 1491, 'CATETER N° 24', 1, 0.44, 2.10, 'Materiales médicos', 16, 98, 2, 0, 10, 0, 0.00, 0, 0, NULL),
	(272, 586, 1492, 'CEPILLO DESCARTABLE', 1, 1.58, 2.00, 'Materiales médicos', 16, 100, 0, 0, 10, 0, 0.00, 0, 0, NULL),
	(273, 587, 1493, 'CLAMP UMBILICAL', 1, 0.20, 3.00, 'Materiales médicos', 16, 100, 0, 0, 10, 0, 0.00, 0, 0, NULL),
	(274, 588, 1494, 'CLOREXIDINA CC', 1, 0.01, 0.05, 'Materiales médicos', 16, 100, 0, 0, 10, 0, 0.00, 0, 0, NULL),
	(275, 589, 1495, 'COLCHON ANTIESCARA', 1, 128.00, 180.00, 'Materiales médicos', 5, 100, 0, 0, 10, 0, 0.00, 0, 0, NULL),
	(276, 591, 1496, 'DRENO HEMOBAC', 1, 29.00, 45.00, 'Materiales médicos', 16, 100, 0, 0, 10, 0, 0.00, 0, 0, NULL),
	(277, 592, 1497, 'DRENO MEDIANO', 1, 2.50, 4.60, 'Materiales médicos', 16, 100, 0, 0, 10, 0, 0.00, 0, 0, NULL),
	(278, 593, 1498, 'ENGRAPADORA DE PIEL', 1, 8.84, 23.00, 'Materiales médicos', 16, 100, 0, 0, 10, 0, 0.00, 0, 0, NULL),
	(279, 594, 1499, 'FIBRA DE VIDRIO 3 PULGADAS', 1, 7.87, 25.99, 'Materiales médicos', 16, 100, 0, 0, 10, 0, 0.00, 0, 0, NULL),
	(280, 595, 1500, 'FIBRA DE VIDRIO 4 PULGADAS', 1, 10.50, 25.99, 'Materiales médicos', 16, 98, 2, 0, 10, 0, 0.00, 0, 0, NULL),
	(281, 596, 1501, 'FIBRA DE VIDRIO 5 PULGADAS', 1, 11.50, 25.99, 'Materiales médicos', 16, 100, 0, 0, 10, 0, 0.00, 0, 0, NULL),
	(282, 597, 1502, 'GABACHONES', 1, 3.99, 10.00, 'Materiales médicos', 16, 100, 0, 0, 10, 0, 0.00, 0, 0, NULL),
	(283, 598, 1503, 'GORROS', 1, 0.11, 0.70, 'Materiales médicos', 16, 99, 1, 0, 10, 0, 0.00, 0, 0, NULL),
	(284, 599, 1504, 'GUANTES DESCARTABLE CAJA', 1, 14.52, 25.00, 'Materiales médicos', 16, 115, 0, 0, 10, 0, 0.00, 0, 0, NULL),
	(285, 600, 1505, 'GUANTES DESCARTABLE PAR', 1, 0.29, 2.00, 'Materiales médicos', 16, 100, 0, 0, 10, 0, 0.00, 0, 0, NULL),
	(286, 601, 1506, 'HUATA  4 PULGADAS', 1, 0.08, 4.00, 'Materiales médicos', 16, 100, 0, 0, 10, 0, 0.00, 0, 0, NULL),
	(287, 602, 1507, 'INSPIROMETRO', 1, 7.00, 18.00, 'Materiales médicos', 15, 100, 0, 0, 10, 0, 0.00, 0, 0, NULL),
	(288, 603, 1508, 'JALEA LUBRICANTE CC', 1, 0.02, 0.10, 'Materiales médicos', 16, 100, 0, 0, 10, 0, 0.00, 0, 0, NULL),
	(289, 604, 1509, 'JERINGA DE 10 ML', 100, 0.08, 1.15, 'Materiales médicos', 16, 100, 0, 0, 10, 0, 0.00, 0, 0, NULL),
	(290, 605, 1510, 'JERINGA DE 3 ML', 1, 0.07, 1.15, 'Materiales médicos', 16, 99, 0, 0, 10, 0, 0.00, 0, 0, NULL),
	(291, 606, 1511, 'JERINGA DE 5 ML', 1, 0.07, 1.15, 'Materiales médicos', 16, 99, 5, 0, 10, 0, 0.00, 0, 0, NULL),
	(292, 607, 1512, 'LAPIZ PARA ELECTRO CAUTERIO', 1, 3.35, 15.00, 'Materiales médicos', 16, 100, 0, 0, 10, 0, 0.00, 0, 0, NULL),
	(293, 608, 1513, 'MALLA', 1, 5.11, 50.00, 'Materiales médicos', 16, 100, 0, 0, 10, 0, 0.00, 0, 0, NULL),
	(294, 609, 1514, 'MASCARILLA CON RESERVORIO', 1, 2.50, 8.00, 'Materiales médicos', 16, 100, 0, 0, 10, 0, 0.00, 0, 0, NULL),
	(295, 610, 1515, 'NAYLON 4-0 CON AGUJA', 1, 1.59, 7.00, 'Materiales médicos', 16, 100, 0, 0, 10, 0, 0.00, 0, 0, NULL),
	(296, 611, 1516, 'PLATO PARA ELECTROCAUTERIO', 1, 3.75, 10.00, 'Materiales médicos', 16, 100, 0, 0, 10, 0, 0.00, 0, 0, NULL),
	(297, 613, 1517, 'REGULADOR DE FLUJO CON CABLE', 1, 7.88, 16.00, 'Materiales médicos', 15, 100, 0, 0, 10, 0, 0.00, 0, 0, NULL),
	(298, 614, 1518, 'SEDA 0 SUTUPAC', 1, 2.25, 7.00, 'Materiales médicos', 16, 100, 0, 0, 10, 0, 0.00, 0, 0, NULL),
	(299, 615, 1519, 'SEDA 2-0 CON AGUJA REDONDA', 1, 1.60, 7.00, 'Materiales médicos', 16, 100, 0, 0, 10, 0, 0.00, 0, 0, NULL),
	(300, 616, 1520, 'SONDA NELATON  16', 1, 0.50, 2.00, 'Materiales médicos', 15, 100, 0, 0, 10, 0, 0.00, 0, 0, NULL),
	(301, 617, 1521, 'SONDA NELATON 14', 1, 0.40, 2.00, 'Materiales médicos', 15, 100, 0, 0, 10, 0, 0.00, 0, 0, NULL),
	(302, 618, 1522, 'DESCARTABLE DE BOMBA DE INFUSION ANARANJADO', 1, 6.19, 16.00, 'Materiales médicos', 16, 100, 0, 0, 10, 0, 0.00, 0, 0, NULL),
	(303, 619, 1523, 'SONDA VESICAL N° 12 DE 2 VIAS', 1, 1.70, 7.20, 'Materiales médicos', 16, 100, 0, 0, 10, 0, 0.00, 0, 0, NULL),
	(304, 620, 1524, 'SONDA VESICAL N° 14 DE 2 VIAS', 1, 1.70, 7.20, 'Materiales médicos', 16, 100, 0, 0, 10, 0, 0.00, 0, 0, NULL),
	(305, 621, 1525, 'SONDA VESICAL N° 16 DE 2 VIAS', 1, 1.70, 7.20, 'Materiales médicos', 16, 100, 0, 0, 10, 0, 0.00, 0, 0, NULL),
	(306, 622, 1526, 'SONDA VESICAL N° 18 DE 2 VIAS', 1, 1.70, 7.20, 'Materiales médicos', 16, 100, 0, 0, 10, 0, 0.00, 0, 0, NULL),
	(307, 623, 1527, 'SONDA VESICAL N° 20 DE 2 VIAS', 1, 1.70, 7.20, 'Materiales médicos', 16, 100, 0, 0, 10, 0, 0.00, 0, 0, NULL),
	(308, 624, 1528, 'SONDA VESICAL N° 22 DE 2 VIAS', 1, 1.70, 7.20, 'Materiales médicos', 16, 100, 0, 0, 10, 0, 0.00, 0, 0, NULL),
	(309, 625, 1529, 'SONDA VESICAL N° 24 DE 2 VIAS', 1, 1.70, 7.20, 'Materiales médicos', 16, 100, 0, 0, 10, 0, 0.00, 0, 0, NULL),
	(310, 626, 1530, 'TORUNDA DE GASA', 1, 0.03, 0.20, 'Materiales médicos', 16, 100, 0, 0, 10, 0, 0.00, 0, 0, NULL),
	(311, 627, 1531, 'TUBO ENDOTRAQUEAL 7 1/2', 1, 2.75, 10.40, 'Materiales médicos', 16, 100, 0, 0, 10, 0, 0.00, 0, 0, NULL),
	(312, 628, 1532, 'TUBO ENDOTRAQUEAL N° 7', 1, 2.75, 10.40, 'Materiales médicos', 16, 100, 0, 0, 10, 0, 0.00, 0, 0, NULL),
	(313, 629, 1533, 'TUBO ENDOTRAQUEAL N° 8', 1, 2.75, 10.40, 'Materiales médicos', 16, 100, 0, 0, 10, 0, 0.00, 0, 0, NULL),
	(314, 630, 1534, 'TUBO ENDOTRAQUEAL N° 8 1/2', 1, 2.75, 10.40, 'Medicamentos', 16, 100, 0, 0, 10, 0, 0.00, 0, 0, NULL),
	(315, 631, 1535, 'TUBO ENDOTRAQUEAL N°6', 1, 2.75, 10.40, 'Materiales médicos', 16, 100, 0, 0, 10, 0, 0.00, 0, 0, NULL),
	(316, 632, 1536, 'VENDA DE GASA 4 PULGADAS', 1, 0.69, 2.90, 'Medicamentos', 16, 100, 0, 0, 10, 0, 0.00, 0, 0, NULL),
	(317, 633, 1537, 'VENDA DE GASA 6 PULGADAS', 1, 0.88, 4.00, 'Materiales médicos', 16, 100, 0, 0, 10, 0, 0.00, 0, 0, NULL),
	(318, 635, 1538, 'VENDA ELASTICA 4 PULGADAS', 1, 1.46, 4.30, 'Materiales médicos', 16, 100, 0, 0, 10, 0, 0.00, 0, 0, NULL),
	(319, 636, 1539, 'VENDA ELASTICA 6 PULGADAS', 1, 2.21, 5.90, 'Materiales médicos', 16, 100, 0, 0, 10, 0, 0.00, 0, 0, NULL),
	(320, 637, 1540, 'VICRYL 1', 1, 2.22, 7.00, 'Materiales médicos', 16, 100, 0, 0, 10, 0, 0.00, 0, 0, NULL),
	(321, 638, 1541, 'VICRYL 2-0', 1, 2.54, 7.00, 'Materiales médicos', 16, 100, 0, 0, 10, 0, 0.00, 0, 0, NULL),
	(322, 639, 1542, 'VICRYL 3-0', 1, 2.78, 7.00, 'Materiales médicos', 16, 100, 0, 0, 10, 0, 0.00, 0, 0, NULL),
	(323, 640, 1543, 'VICRYL 4-0', 1, 2.87, 7.00, 'Materiales médicos', 16, 100, 0, 0, 10, 0, 0.00, 0, 0, NULL),
	(324, 641, 1544, 'ZAPATERAS', 1, 1.00, 1.00, 'Materiales médicos', 15, 100, 0, 0, 10, 0, 0.00, 0, 0, NULL),
	(325, 642, 1545, 'PROLENE 1', 1, 2.35, 7.00, 'Materiales médicos', 16, 100, 0, 0, 10, 0, 0.00, 0, 0, NULL),
	(326, 643, 1546, 'BAÑO EN CAMA', 1, 2.66, 2.66, 'Medicamentos', 16, 100, 0, 0, 10, 0, 0.00, 0, 0, NULL),
	(327, 644, 1547, 'PAPEL HIGIENICO', 1, 0.50, 1.00, 'Servicios', 16, 99, 1, 0, 10, 0, 0.00, 0, 0, NULL),
	(328, 646, 1548, 'ANALGAN 60 MG/2 ML', 1, 2.75, 5.45, 'Medicamentos', 1, 98, 2, 0, 10, 0, 0.00, 0, 0, NULL),
	(329, 647, 1549, 'AVELOX I.V', 1, 37.28, 52.18, 'Medicamentos', 6, 100, 0, 0, 10, 0, 0.00, 0, 0, NULL),
	(330, 648, 1550, 'BEPLENOVAX 500 ML', 1, 5.00, 10.00, 'Medicamentos', 26, 100, 0, 0, 10, 0, 0.00, 0, 0, NULL),
	(331, 649, 1551, 'BLADURIL 200 MG TABLETA', 1, 0.35, 0.49, 'Medicamentos', 25, 100, 0, 0, 10, 0, 0.00, 0, 0, NULL),
	(332, 650, 1552, 'BOLENTAX  20 MG/0.2 ML', 1, 6.85, 10.23, 'Medicamentos', 7, 100, 0, 0, 10, 0, 0.00, 0, 0, NULL),
	(333, 651, 1553, 'BUPIROP 0.5%/', 1, 7.70, 12.00, 'Medicamentos', 2, 124, 1, 0, 10, 0, 0.00, 0, 0, NULL),
	(334, 652, 1554, 'CARDISPAN 1 G/5 ML', 1, 3.80, 5.07, 'Medicamentos', 16, 100, 0, 0, 10, 0, 0.00, 0, 0, NULL),
	(335, 653, 1555, 'CIPROFLOXACINO 0.2 G/100 ML', 1, 7.87, 20.64, 'Medicamentos', 16, 59, 0, 0, 10, 0, 0.00, 0, 0, NULL),
	(336, 654, 1556, 'CISATRACURIO AMP', 1, 6.24, 7.98, 'Medicamentos', 2, 100, 0, 0, 10, 0, 0.00, 0, 0, NULL),
	(337, 655, 1557, 'CLEXANE 40MG', 1, 12.37, 17.51, 'Medicamentos', 14, 100, 0, 0, 10, 0, 0.00, 0, 0, NULL),
	(338, 656, 1558, 'CLEXANE 60.MG', 1, 24.59, 34.73, 'Medicamentos', 4, 100, 0, 0, 10, 0, 0.00, 0, 0, NULL),
	(339, 657, 1559, 'CLOPRIN', 1, 0.78, 3.46, 'Medicamentos', 16, 99, 1, 0, 10, 0, 0.00, 0, 0, NULL),
	(340, 658, 1560, 'COMPLEJO B', 1, 1.69, 3.91, 'Medicamentos', 16, 100, 0, 0, 10, 0, 0.00, 0, 0, NULL),
	(341, 659, 1561, 'DEXAMETASONA', 1, 2.13, 6.40, 'Medicamentos', 16, 100, 0, 0, 10, 0, 0.00, 0, 0, NULL),
	(342, 661, 1562, 'DICYNONE 250', 1, 1.24, 4.01, 'Medicamentos', 16, 100, 0, 0, 10, 0, 0.00, 0, 0, NULL),
	(343, 662, 1563, 'DIPIRONA PAILL 500 MG/ML', 1, 0.35, 0.70, 'Medicamentos', 16, 100, 0, 0, 10, 0, 0.00, 0, 0, NULL),
	(344, 663, 1564, 'DISLEP 25/CAJA X AMPOLLA', 1, 1.78, 2.09, 'Medicamentos', 16, 100, 0, 0, 10, 0, 0.00, 0, 0, NULL),
	(345, 664, 1565, 'DRAMANYL 25 MG/ML', 1, 0.53, 2.00, 'Medicamentos', 16, 100, 0, 0, 10, 0, 0.00, 0, 0, NULL),
	(346, 665, 1566, 'ENANTYUM 25 MG BEBIBLE', 1, 1.57, 2.22, 'Medicamentos', 16, 150, 0, 0, 10, 0, 0.00, 0, 0, NULL),
	(347, 666, 1567, 'ENANTYUM 50 MG/2 ML/ AMPOLLA', 1, 4.40, 6.21, 'Medicamentos', 16, 100, 0, 0, 10, 0, 0.00, 0, 0, NULL),
	(348, 667, 1568, 'EPAMIN 50 MG/1 ML', 1, 2.51, 13.36, 'Medicamentos', 16, 100, 0, 0, 10, 0, 0.00, 0, 0, NULL),
	(349, 668, 1569, 'EPINEFRINA 1 MG/ML', 1, 0.90, 1.23, 'Medicamentos', 16, 100, 0, 0, 10, 0, 0.00, 0, 0, NULL),
	(350, 669, 1570, 'ESTRECTOQUINASA', 1, 269.69, 400.00, 'Medicamentos', 16, 100, 0, 0, 10, 0, 0.00, 0, 0, NULL),
	(351, 670, 1571, 'EVOCS III I.V 750 MG', 1, 48.67, 79.19, 'Medicamentos', 16, 100, 0, 0, 10, 0, 0.00, 0, 0, NULL),
	(352, 671, 1572, 'FENALER 10 MG/ML', 1, 0.55, 3.41, 'Medicamentos', 16, 100, 0, 0, 10, 0, 0.00, 0, 0, NULL),
	(353, 672, 1573, 'FENTANYL 100 MCG/2 ML', 1, 1.24, 1.75, 'Medicamentos', 16, 99, 1, 0, 10, 0, 0.00, 0, 0, NULL),
	(354, 673, 1574, 'HEPARINA SODICA CC', 1, 0.00, 2.02, 'Medicamentos', 16, 100, 0, 0, 10, 0, 0.00, 0, 0, NULL),
	(355, 674, 1575, 'HIPOSAL DE 250 ML', 1, 1.20, 3.00, 'Medicamentos', 16, 100, 0, 0, 10, 0, 0.00, 0, 0, NULL),
	(356, 675, 1576, 'INHIBITRON 40 MG/AMPOLLA.', 1, 7.07, 11.34, 'Medicamentos', 16, 100, 0, 0, 10, 0, 0.00, 0, 0, NULL),
	(357, 676, 1577, 'INSULINA R', 1, 0.02, 0.27, 'Medicamentos', 16, 95, 5, 0, 10, 0, 0.00, 0, 0, NULL),
	(358, 677, 1578, 'INVANZ', 1, 54.46, 72.43, 'Medicamentos', 6, 100, 0, 0, 10, 0, 0.00, 0, 0, NULL),
	(359, 678, 1579, 'LEVOFLOXACINO 500MG IV', 1, 30.57, 65.08, 'Medicamentos', 6, 100, 0, 0, 10, 0, 0.00, 0, 0, NULL),
	(360, 679, 1580, 'LIDOCAINA 2%', 1, 0.11, 0.25, 'Medicamentos', 16, 76, 0, 0, 10, 0, 0.00, 0, 0, NULL),
	(361, 680, 1581, 'LYOSTYPH', 1, 11.06, 27.60, 'Medicamentos', 16, 100, 0, 0, 10, 0, 0.00, 0, 0, NULL),
	(362, 681, 1582, 'MACROZIT', 1, 11.32, 26.75, 'Medicamentos', 16, 100, 0, 0, 10, 0, 0.00, 0, 0, NULL),
	(363, 682, 1583, 'MEROPENEM 1 GR', 1, 25.00, 63.68, 'Medicamentos', 16, 100, 0, 0, 10, 0, 0.00, 0, 0, NULL),
	(364, 683, 1584, 'MUVETT', 1, 2.84, 3.79, 'Medicamentos', 16, 100, 0, 0, 10, 0, 0.00, 0, 0, NULL),
	(365, 684, 1585, 'NEXIUM 40 MG/AMPOLLA', 1, 13.98, 18.98, 'Medicamentos', 16, 100, 0, 0, 10, 0, 0.00, 0, 0, NULL),
	(366, 685, 1586, 'NUCLEO CMP FORTE/ CAJA X 3 AMP', 1, 3.24, 4.57, 'Medicamentos', 16, 100, 0, 0, 10, 0, 0.00, 0, 0, NULL),
	(367, 686, 1587, 'ONDACETRON AMP. 8 MG', 1, 10.00, 19.56, 'Medicamentos', 16, 100, 0, 0, 10, 0, 0.00, 0, 0, NULL),
	(368, 687, 1588, 'ORFENAFLEX 30 MG/ML', 1, 0.76, 2.10, 'Medicamentos', 16, 100, 0, 0, 10, 0, 0.00, 0, 0, NULL),
	(369, 688, 1589, 'PARACETAMOL 1000 MG I.V', 1, 6.64, 15.00, 'Medicamentos', 16, 98, 2, 0, 10, 0, 0.00, 0, 0, NULL),
	(370, 689, 1590, 'PASMOGESIC', 1, 1.01, 1.03, 'Medicamentos', 16, 100, 0, 0, 10, 0, 0.00, 0, 0, NULL),
	(371, 690, 1591, 'PETHIDINE INYECTION 100 MG/2 ML', 1, 2.70, 10.00, 'Medicamentos', 16, 99, 1, 0, 10, 0, 0.00, 0, 0, NULL),
	(372, 691, 1592, 'PROPOFOL', 1, 8.26, 11.30, 'Medicamentos', 16, 99, 1, 0, 10, 0, 0.00, 0, 0, NULL),
	(373, 692, 1593, 'RELATRAC', 1, 4.78, 6.38, 'Medicamentos', 2, 100, 0, 0, 10, 0, 0.00, 0, 0, NULL),
	(374, 693, 1594, 'SEDATIL /AMPOLLA 25 MG', 1, 8.46, 14.40, 'Medicamentos', 16, 100, 0, 0, 10, 0, 0.00, 0, 0, NULL),
	(375, 694, 1595, 'SERTAL COMPUESTO/ CAJA X  AMP.', 1, 2.69, 4.36, 'Medicamentos', 16, 100, 0, 0, 10, 0, 0.00, 0, 0, NULL),
	(376, 695, 1596, 'SERTAL GOTAS/ FRASCO', 1, 4.91, 6.93, 'Medicamentos', 16, 100, 0, 0, 10, 0, 0.00, 0, 0, NULL),
	(377, 696, 1597, 'SEVORANE CC', 1, 0.72, 1.50, 'Medicamentos', 16, 100, 0, 0, 10, 0, 0.00, 0, 0, NULL),
	(378, 697, 1598, 'SOLU-MEDROL 40MG/ML', 1, 5.52, 9.13, 'Medicamentos', 16, 100, 0, 0, 10, 0, 0.00, 0, 0, NULL),
	(379, 698, 1599, 'SOMAZINA 500 MG', 1, 2.97, 4.42, 'Medicamentos', 16, 100, 0, 0, 10, 0, 0.00, 0, 0, NULL),
	(380, 699, 1600, 'SUCRASSYL SOBRE', 1, 0.27, 0.50, 'Medicamentos', 16, 100, 0, 0, 10, 0, 0.00, 0, 0, NULL),
	(381, 700, 1601, 'SUPRADOL 30MG/1 ML/', 1, 1.69, 4.21, 'Medicamentos', 16, 100, 0, 0, 10, 0, 0.00, 0, 0, NULL),
	(382, 702, 1602, 'TYLENOL JARABE', 1, 7.46, 11.55, 'Medicamentos', 1, 100, 0, 0, 10, 0, 0.00, 0, 0, NULL),
	(383, 703, 1603, 'TYLEX 750/  TAB.', 1, 0.22, 0.29, 'Medicamentos', 16, 100, 0, 0, 10, 0, 0.00, 0, 0, NULL),
	(384, 704, 1604, 'UNASYN 1.5 G', 1, 8.67, 12.11, 'Medicamentos', 16, 100, 0, 0, 10, 0, 0.00, 0, 0, NULL),
	(385, 705, 1605, 'VALDUREIM 40MG/2 ML', 1, 7.68, 10.41, 'Medicamentos', 16, 100, 0, 0, 10, 0, 0.00, 0, 0, NULL),
	(386, 706, 1606, 'VENOFER 100 MG/5 ML', 1, 13.74, 23.99, 'Medicamentos', 16, 100, 0, 0, 10, 0, 0.00, 0, 0, NULL),
	(387, 707, 1607, 'ZALDIAR TABLETA', 1, 1.02, 1.24, 'Medicamentos', 1, 100, 0, 0, 10, 0, 0.00, 0, 0, NULL),
	(388, 708, 1608, 'AGUACEL 10X10', 1, 11.25, 14.65, 'Medicamentos', 15, 100, 0, 0, 10, 0, 0.00, 0, 0, NULL),
	(389, 709, 1609, 'AGUACEL 15X15', 1, 19.82, 27.29, 'Medicamentos', 15, 100, 0, 0, 10, 0, 0.00, 0, 0, NULL),
	(390, 710, 1610, 'ASKINA 10X10', 1, 6.00, 9.20, 'Medicamentos', 16, 100, 0, 0, 10, 0, 0.00, 0, 0, NULL),
	(391, 711, 1611, 'HARTMAN DE 250 ML', 1, 0.95, 4.50, 'Medicamentos', 16, 169, 3, 0, 10, 0, 0.00, 0, 0, NULL),
	(392, 712, 1612, 'HELOPERIDOL 5MG/ML', 1, 2.50, 3.94, 'Medicamentos', 21, 100, 0, 0, 10, 0, 0.00, 0, 0, NULL),
	(393, 713, 1613, 'KALTOSTATE PARCHE GRANDE', 1, 18.00, 30.00, 'Medicamentos', 16, 100, 0, 0, 10, 0, 0.00, 0, 0, NULL),
	(394, 714, 1614, 'OXIGENO DE 50', 1, 0.00, 13.03, 'Medicamentos', 16, 100, 0, 0, 10, 0, 0.00, 0, 0, NULL),
	(395, 715, 1615, 'SAF-GEL', 1, 38.00, 50.00, 'Medicamentos', 6, 100, 0, 0, 10, 0, 0.00, 0, 0, NULL),
	(396, 716, 1616, 'SOLUCION DEXTROSA DE 500 ML AL 5%', 1, 0.00, 5.00, 'Medicamentos', 16, 100, 0, 0, 10, 0, 0.00, 0, 0, NULL),
	(397, 717, 1617, 'SONDA VESICAL  N° 8 2V', 1, 1.00, 7.20, 'Medicamentos', 15, 100, 0, 0, 10, 0, 0.00, 0, 0, NULL),
	(398, 718, 1618, 'ADHESIVO TRANSPARENTE YARDA', 1, 1.00, 5.00, 'Materiales médicos', 15, 99, 1, 0, 10, 0, 0.00, 0, 0, NULL),
	(399, 719, 1619, 'AGUA OXIGENADA CC', 1, 0.01, 0.20, 'Materiales médicos', 16, 100, 0, 0, 10, 0, 0.00, 0, 0, NULL),
	(400, 720, 1620, 'AGUJA DE PUNSION LUMBAR #25', 1, 1.68, 7.00, 'Materiales médicos', 16, 115, 0, 0, 10, 0, 0.00, 0, 0, NULL),
	(401, 721, 1621, 'AGUJA DE PUNSION LUMBAR #26', 1, 1.70, 7.00, 'Materiales médicos', 16, 100, 0, 0, 10, 0, 0.00, 0, 0, NULL),
	(402, 722, 1622, 'AGUJA N°18', 1, 0.02, 0.30, 'Materiales médicos', 16, 72, 0, 0, 10, 0, 0.00, 31, 31, NULL),
	(403, 723, 1623, 'AGUJA N°21', 1, 0.02, 0.30, 'Materiales médicos', 16, 91, 0, 0, 10, 0, 0.00, 21, 18, NULL),
	(404, 724, 1624, 'AGUJA N°23', 1, 0.02, 0.30, 'Materiales médicos', 15, 93, 0, 0, 10, 0, 0.00, 11, 11, NULL),
	(405, 725, 1625, 'AGUJA N°30', 1, 0.02, 0.30, 'Materiales médicos', 15, 100, 0, 0, 10, 0, 0.00, 0, 0, NULL),
	(406, 726, 1626, 'AGUJA TUOHI', 1, 2.00, 10.00, 'Medicamentos', 16, 119, 2, 0, 10, 0, 0.00, 0, 0, NULL),
	(407, 727, 1627, 'AVAGAR CC', 1, 0.13, 0.20, 'Materiales médicos', 16, 100, 0, 0, 10, 0, 0.00, 0, 0, NULL),
	(408, 728, 1628, 'BAJALENGUA', 1, 0.03, 10.00, 'Materiales médicos', 16, 100, 0, 0, 10, 0, 0.00, 0, 0, NULL),
	(409, 729, 1629, 'BIGOTERA PEDIATRICA', 1, 0.80, 4.60, 'Materiales médicos', 16, 100, 0, 0, 10, 0, 0.00, 0, 0, NULL),
	(410, 730, 1630, 'BISTURI N° 10', 1, 0.08, 1.15, 'Materiales médicos', 16, 100, 0, 0, 10, 0, 0.00, 0, 0, NULL),
	(411, 731, 1631, 'BISTURI N° 11', 1, 0.08, 1.15, 'Materiales médicos', 16, 99, 1, 0, 10, 0, 0.00, 0, 0, NULL),
	(412, 732, 1632, 'BISTURI N° 15', 1, 0.08, 1.15, 'Materiales médicos', 16, 100, 0, 0, 10, 0, 0.00, 0, 0, NULL),
	(413, 733, 1633, 'BISTURI N° 20', 1, 0.08, 1.15, 'Materiales médicos', 16, 100, 0, 0, 10, 0, 0.00, 0, 0, NULL),
	(414, 734, 1634, 'BISTURI N° 22', 1, 0.08, 1.15, 'Materiales médicos', 16, 100, 0, 0, 10, 0, 0.00, 0, 0, NULL),
	(415, 735, 1635, 'BISTURI N° 24', 1, 0.08, 1.15, 'Materiales médicos', 16, 100, 0, 0, 10, 0, 0.00, 0, 0, NULL),
	(416, 736, 1636, 'BOLSA DE COLOSTOMIA CERRADA', 1, 1.80, 4.60, 'Materiales médicos', 16, 100, 0, 0, 10, 0, 0.00, 0, 0, NULL),
	(417, 737, 1637, 'CABESTRILLO', 1, 15.00, 25.00, 'Materiales médicos', 15, 100, 0, 0, 10, 0, 0.00, 0, 0, NULL),
	(418, 738, 1638, 'CARETAS', 1, 0.00, 10.00, 'Materiales médicos', 2, 99, 1, 0, 10, 0, 0.00, 0, 0, NULL),
	(419, 739, 1639, 'CATETER DE VENA CENTRAL DUO PEDIATRICO', 1, 38.00, 77.14, 'Materiales médicos', 16, 100, 0, 0, 10, 0, 0.00, 0, 0, NULL),
	(420, 740, 1640, 'CATETER DE VENA CENTRALTRIO', 1, 37.17, 80.00, 'Materiales médicos', 16, 99, 1, 0, 10, 0, 0.00, 0, 0, NULL),
	(421, 741, 1641, 'CELLULOSA OXIDADA REGENERADORA', 1, 26.00, 35.25, 'Materiales médicos', 4, 100, 0, 0, 10, 0, 0.00, 0, 0, NULL),
	(422, 742, 1642, 'CINTA UMBILICAL', 1, 0.00, 1.00, 'Materiales médicos', 16, 100, 0, 0, 10, 0, 0.00, 0, 0, NULL),
	(423, 743, 1643, 'COLLARIN PEDIATRICO', 1, 0.00, 25.00, 'Materiales médicos', 16, 100, 0, 0, 10, 0, 0.00, 0, 0, NULL),
	(424, 744, 1644, 'COMPRESAS', 1, 0.00, 0.35, 'Materiales médicos', 16, 100, 0, 0, 10, 0, 0.00, 0, 0, NULL),
	(425, 746, 1645, 'CROMICO 0', 1, 0.00, 7.00, 'Materiales médicos', 16, 100, 0, 0, 10, 0, 0.00, 0, 0, NULL),
	(426, 747, 1646, 'CROMICO 1(HIGADO)', 1, 0.00, 7.00, 'Materiales médicos', 16, 100, 0, 0, 10, 0, 0.00, 0, 0, NULL),
	(427, 748, 1647, 'CROMICO 2-0', 1, 2.30, 7.00, 'Materiales médicos', 16, 100, 0, 0, 10, 0, 0.00, 0, 0, NULL),
	(428, 749, 1648, 'CROMICO 3-0', 1, 0.00, 7.00, 'Materiales médicos', 16, 100, 0, 0, 10, 0, 0.00, 0, 0, NULL),
	(429, 750, 1649, 'CROMICO 4-0', 1, 1.96, 7.00, 'Materiales médicos', 16, 100, 0, 0, 10, 0, 0.00, 0, 0, NULL),
	(430, 751, 1650, 'DESCARTABLE PARA SUERO', 1, 0.39, 4.60, 'Materiales médicos', 16, 97, 3, 0, 10, 0, 0.00, 0, 0, NULL),
	(431, 752, 1651, 'DRENO GRANDE', 1, 0.00, 4.40, 'Materiales médicos', 16, 100, 0, 0, 10, 0, 0.00, 0, 0, NULL),
	(432, 753, 1652, 'DRENO SIGARRILLO', 1, 2.50, 4.60, 'Materiales médicos', 16, 100, 0, 0, 10, 0, 0.00, 0, 0, NULL),
	(433, 754, 1653, 'DURAPORE YARDA', 1, 1.05, 1.05, 'Materiales médicos', 16, 100, 0, 0, 10, 0, 0.00, 0, 0, NULL),
	(434, 755, 1654, 'ELECTRODO', 1, 0.50, 0.50, 'Materiales médicos', 16, 100, 0, 0, 10, 0, 0.00, 0, 0, NULL),
	(435, 756, 1655, 'EQUIPO DE CATERERISMO VESICAL', 1, 5.00, 15.00, 'Materiales médicos', 15, 100, 0, 0, 10, 0, 0.00, 0, 0, NULL),
	(436, 757, 1656, 'ESPECULO VAGINAL MEDIANO', 1, 0.43, 3.00, 'Materiales médicos', 15, 100, 0, 0, 10, 0, 0.00, 0, 0, NULL),
	(437, 758, 1657, 'ESTOQUINETE YARDA', 1, 0.00, 8.05, 'Materiales médicos', 16, 100, 0, 0, 10, 0, 0.00, 0, 0, NULL),
	(438, 759, 1658, 'FIBRA DE VIDRIO 2 PULGADAS', 1, 0.00, 25.99, 'Materiales médicos', 16, 100, 0, 0, 10, 0, 0.00, 0, 0, NULL),
	(439, 760, 1659, 'FORMALINA CC', 1, 0.00, 0.05, 'Materiales médicos', 16, 100, 0, 0, 10, 0, 0.00, 0, 0, NULL),
	(440, 761, 1660, 'FRASCO DE KY', 1, 0.00, 8.00, 'Materiales médicos', 16, 100, 0, 0, 10, 0, 0.00, 0, 0, NULL),
	(441, 762, 1661, 'GALON DE AGUA ESTERIL', 1, 0.00, 5.00, 'Materiales médicos', 16, 100, 0, 0, 10, 0, 0.00, 0, 0, NULL),
	(442, 763, 1662, 'GRAPAS PARA VIDEOLAPAROSCOPIA', 1, 0.00, 15.00, 'Materiales médicos', 16, 100, 0, 0, 10, 0, 0.00, 0, 0, NULL),
	(443, 764, 1663, 'GUANTE N° 6 1/2', 1, 0.35, 2.00, 'Materiales médicos', 16, 106, 4, 0, 10, 0, 0.00, 0, 0, NULL),
	(444, 765, 1664, 'GUANTE N° 7', 1, 0.35, 2.00, 'Materiales médicos', 15, 100, 0, 0, 10, 0, 0.00, 0, 0, NULL),
	(445, 766, 1665, 'GUANTE N° 7 1/2', 1, 0.35, 2.50, 'Materiales médicos', 16, 110, 0, 0, 10, 0, 0.00, 0, 0, NULL),
	(446, 767, 1666, 'GUANTE N° 8', 1, 0.18, 2.00, 'Materiales médicos', 16, 100, 0, 0, 10, 0, 0.00, 0, 0, NULL),
	(447, 768, 1667, 'HISOPO', 1, 0.00, 0.25, 'Materiales médicos', 16, 100, 0, 0, 10, 0, 0.00, 0, 0, NULL),
	(448, 769, 1668, 'HUATA 6 PULGADAS', 1, 2.75, 5.75, 'Materiales médicos', 16, 100, 0, 0, 10, 0, 0.00, 0, 0, NULL),
	(449, 770, 1669, 'HUMIDIFICADOR', 1, 0.00, 4.60, 'Materiales médicos', 16, 100, 0, 0, 10, 0, 0.00, 0, 0, NULL),
	(450, 771, 1670, 'INMOVILIZADOR DE RODILLA', 1, 0.00, 45.00, 'Materiales médicos', 16, 100, 0, 0, 10, 0, 0.00, 0, 0, NULL),
	(451, 772, 1671, 'IOCIDE SOLUCION CC', 1, 0.00, 0.05, 'Materiales médicos', 16, 100, 0, 0, 10, 0, 0.00, 0, 0, NULL),
	(452, 773, 1672, 'IRRIGADORES', 1, 4.47, 10.00, 'Materiales médicos', 15, 100, 0, 0, 10, 0, 0.00, 0, 0, NULL),
	(453, 774, 1673, 'JABON YODADO CC', 1, 0.01, 0.05, 'Materiales médicos', 16, 100, 0, 0, 10, 0, 0.00, 0, 0, NULL),
	(454, 775, 1674, 'JERINGA DE 20 ML', 1, 0.17, 1.75, 'Materiales médicos', 16, 92, 8, 0, 10, 0, 0.00, 0, 0, NULL),
	(455, 776, 1675, 'JERINGA DE 50 ML', 1, 0.58, 2.00, 'Materiales médicos', 16, 99, 0, 0, 10, 0, 0.00, 0, 0, NULL),
	(456, 777, 1676, 'JERINGA DE BUYON', 1, 0.58, 2.30, 'Materiales médicos', 16, 100, 0, 0, 10, 0, 0.00, 0, 0, NULL),
	(457, 778, 1677, 'JERINGA DE INSULINA', 1, 0.08, 1.15, 'Materiales médicos', 16, 100, 0, 0, 10, 0, 0.00, 0, 0, NULL),
	(458, 779, 1678, 'JERINGA DE TUBERCULINA', 1, 0.08, 1.15, 'Materiales médicos', 16, 100, 0, 0, 10, 0, 0.00, 0, 0, NULL),
	(459, 780, 1679, 'KIT DE VENA', 1, 2.00, 6.00, 'Materiales médicos', 16, 100, 0, 0, 10, 0, 0.00, 0, 0, NULL),
	(460, 781, 1680, 'KIT PARA NEBULIZAR ADULTO', 1, 1.77, 6.06, 'Materiales médicos', 16, 100, 0, 0, 10, 0, 0.00, 0, 0, NULL),
	(461, 782, 1681, 'KIT PARA NEBULIZAR PEDIATRICO', 1, 0.00, 6.50, 'Materiales médicos', 16, 100, 0, 0, 10, 0, 0.00, 0, 0, NULL),
	(462, 783, 1682, 'MASCARILLA CON RESERVORIO PEDIATRICA', 1, 2.50, 8.00, 'Materiales médicos', 16, 100, 0, 0, 10, 0, 0.00, 0, 0, NULL),
	(463, 784, 1683, 'MASCARILLA DE VENTURI', 1, 0.00, 12.00, 'Materiales médicos', 16, 100, 0, 0, 10, 0, 0.00, 0, 0, NULL),
	(464, 785, 1684, 'MASCARILLA DE VENTURI PEDIATRICA', 1, 0.00, 12.00, 'Materiales médicos', 16, 100, 0, 0, 10, 0, 0.00, 0, 0, NULL),
	(465, 786, 1685, 'MASCARILLA DESCARTABLE', 1, 0.07, 2.00, 'Materiales médicos', 16, 100, 0, 0, 10, 0, 0.00, 0, 0, NULL),
	(466, 787, 1686, 'MASCARILLA PARA OXIGENO ADULTO', 1, 1.77, 7.50, 'Materiales médicos', 16, 100, 0, 0, 10, 0, 0.00, 0, 0, NULL),
	(467, 788, 1687, 'MASCARILLA PARA OXIGENO PEDIATRICA', 1, 0.00, 8.00, 'Materiales médicos', 16, 100, 0, 0, 10, 0, 0.00, 0, 0, NULL),
	(468, 789, 1688, 'MECHA VAGINAL', 1, 0.00, 1.88, 'Materiales médicos', 16, 100, 0, 0, 10, 0, 0.00, 0, 0, NULL),
	(469, 790, 1689, 'MICROPORE 2 PULGADAS', 1, 3.00, 3.00, 'Materiales médicos', 16, 100, 0, 0, 10, 0, 0.00, 0, 0, NULL),
	(470, 791, 1690, 'MICROPORE 3 PULGADAS', 1, 4.00, 4.00, 'Medicamentos', 16, 100, 0, 0, 10, 0, 0.00, 0, 0, NULL),
	(471, 792, 1691, 'MICROPORE YARDA', 1, 0.00, 1.05, 'Materiales médicos', 16, 98, 2, 0, 10, 0, 0.00, 0, 0, NULL),
	(472, 793, 1692, 'NAYLON 2-0 CON AGUJA CORTANTE', 1, 1.59, 7.00, 'Materiales médicos', 16, 125, 0, 0, 10, 0, 0.00, 0, 0, NULL),
	(473, 794, 1693, 'NAYLON 3-0 CON AGUJA', 1, 0.00, 7.00, 'Materiales médicos', 16, 100, 0, 0, 10, 0, 0.00, 0, 0, NULL),
	(474, 795, 1694, 'NAYLON 5-0 CON AGUJA', 1, 1.50, 7.00, 'Materiales médicos', 16, 100, 0, 0, 10, 0, 0.00, 0, 0, NULL),
	(475, 796, 1695, 'PAMPER ADULTO', 1, 2.60, 2.60, 'Materiales médicos', 16, 100, 0, 0, 10, 0, 0.00, 0, 0, NULL),
	(476, 797, 1696, 'PAQUETE DE COMPRESAS DESCARTABLES(10 COMPRESAS)', 1, 5.50, 12.00, 'Materiales médicos', 16, 100, 0, 0, 10, 0, 0.00, 0, 0, NULL),
	(477, 798, 1697, 'PERILLA PARA ASPIRAR', 1, 2.50, 3.75, 'Materiales médicos', 16, 100, 0, 0, 10, 0, 0.00, 0, 0, NULL),
	(478, 799, 1698, 'PRN', 1, 0.35, 2.10, 'Materiales médicos', 16, 99, 1, 0, 10, 0, 0.00, 0, 0, NULL),
	(479, 800, 1699, 'PROLENE 5', 1, 0.00, 7.00, 'Materiales médicos', 16, 100, 0, 0, 10, 0, 0.00, 0, 0, NULL),
	(480, 801, 1700, 'PROLENE AZUL 2-0', 1, 0.00, 7.00, 'Materiales médicos', 16, 100, 0, 0, 10, 0, 0.00, 0, 0, NULL),
	(481, 802, 1701, 'PROLENE AZUL 6-0', 1, 7.00, 7.00, 'Materiales médicos', 16, 100, 0, 0, 10, 0, 0.00, 0, 0, NULL),
	(482, 803, 1702, 'RASURADORA', 1, 0.00, 1.45, 'Materiales médicos', 16, 100, 0, 0, 10, 0, 0.00, 0, 0, NULL),
	(483, 804, 1703, 'RECOLECTOR DE ORINA PEDIATRICO', 1, 0.00, 1.00, 'Materiales médicos', 16, 100, 0, 0, 10, 0, 0.00, 0, 0, NULL),
	(484, 805, 1704, 'RECOLECTOR DE ORINA SENCILLO', 1, 1.60, 3.50, 'Materiales médicos', 16, 100, 0, 0, 10, 0, 0.00, 0, 0, NULL),
	(485, 806, 1705, 'RECOLECTORA DE PIERNA', 1, 0.00, 2.00, 'Materiales médicos', 16, 100, 0, 0, 10, 0, 0.00, 0, 0, NULL),
	(486, 807, 1706, 'SEDA 0 CON AGUJA', 1, 0.00, 7.00, 'Materiales médicos', 16, 100, 0, 0, 10, 0, 0.00, 0, 0, NULL),
	(487, 808, 1707, 'SEDA 1 CON AGUJA', 1, 0.00, 7.00, 'Materiales médicos', 16, 100, 0, 0, 10, 0, 0.00, 0, 0, NULL),
	(488, 809, 1708, 'SEDA 1 SUTUPAC', 1, 0.00, 7.00, 'Materiales médicos', 16, 100, 0, 0, 10, 0, 0.00, 0, 0, NULL),
	(489, 810, 1709, 'SEDA 2-0 CON AGUJA CORTANTE', 1, 0.54, 7.00, 'Materiales médicos', 16, 100, 0, 0, 10, 0, 0.00, 0, 0, NULL),
	(490, 811, 1710, 'SEDA 2-0 SUTUPAC', 1, 0.00, 7.00, 'Materiales médicos', 16, 100, 0, 0, 10, 0, 0.00, 0, 0, NULL),
	(491, 812, 1711, 'SEDA 3-0 CON AGUJA CORTANTE', 1, 0.00, 7.00, 'Materiales médicos', 16, 100, 0, 0, 10, 0, 0.00, 0, 0, NULL),
	(492, 813, 1712, 'SEDA 3-0 CON AGUJA REDONDA', 1, 0.47, 7.00, 'Materiales médicos', 16, 100, 0, 0, 10, 0, 0.00, 0, 0, NULL),
	(493, 814, 1713, 'SERA PARA HUESO', 1, 0.00, 7.00, 'Materiales médicos', 16, 100, 0, 0, 10, 0, 0.00, 0, 0, NULL),
	(494, 815, 1714, 'SIERRA GIGLI', 1, 21.00, 35.00, 'Materiales médicos', 15, 100, 0, 0, 10, 0, 0.00, 0, 0, NULL),
	(495, 816, 1715, 'SIMPLE 2-0', 1, 0.00, 7.00, 'Materiales médicos', 16, 100, 0, 0, 10, 0, 0.00, 0, 0, NULL),
	(496, 817, 1716, 'SOLUCION PARA PINZAS', 1, 0.00, 25.00, 'Materiales médicos', 16, 100, 0, 0, 10, 0, 0.00, 0, 0, NULL),
	(497, 818, 1717, 'SONDA DE ASPIRAR N° 10', 1, 0.00, 2.90, 'Materiales médicos', 16, 100, 0, 0, 10, 0, 0.00, 0, 0, NULL),
	(498, 819, 1718, 'SONDA DE ASPIRAR N° 12', 1, 0.00, 2.90, 'Materiales médicos', 16, 100, 0, 0, 10, 0, 0.00, 0, 0, NULL),
	(499, 820, 1719, 'SONDA DE ASPIRAR N° 14', 1, 0.60, 2.90, 'Materiales médicos', 16, 100, 0, 0, 10, 0, 0.00, 0, 0, NULL),
	(500, 821, 1720, 'SONDA DE ASPIRAR N° 16', 1, 0.00, 2.90, 'Materiales médicos', 16, 100, 0, 0, 10, 0, 0.00, 0, 0, NULL),
	(501, 822, 1721, 'SONDA DE ASPIRAR N° 5', 1, 0.00, 2.90, 'Materiales médicos', 16, 100, 0, 0, 10, 0, 0.00, 0, 0, NULL),
	(502, 823, 1722, 'SONDA DE ASPIRAR N° 8', 1, 0.00, 2.90, 'Materiales médicos', 16, 100, 0, 0, 10, 0, 0.00, 0, 0, NULL),
	(503, 824, 1723, 'SONDA NASOGASTRICA N° 16', 1, 0.95, 4.00, 'Materiales médicos', 16, 100, 0, 0, 10, 0, 0.00, 0, 0, NULL),
	(504, 825, 1724, 'SONDA NASOGASTRICA N° 18', 1, 0.00, 4.00, 'Materiales médicos', 16, 100, 0, 0, 10, 0, 0.00, 0, 0, NULL),
	(505, 826, 1725, 'SONDA NASOGASTRICA N° 5', 1, 0.40, 4.00, 'Materiales médicos', 16, 100, 0, 0, 10, 0, 0.00, 0, 0, NULL),
	(506, 827, 1726, 'SONDA NASOGASTRICA N° 8', 1, 0.00, 4.00, 'Materiales médicos', 16, 100, 0, 0, 10, 0, 0.00, 0, 0, NULL),
	(507, 828, 1727, 'SONDA VESICAL N° 10 2V', 1, 1.80, 7.20, 'Materiales médicos', 15, 100, 0, 0, 10, 0, 0.00, 0, 0, NULL),
	(508, 829, 1728, 'SONDA VESICAL N° 18 DE 3 VIAS', 1, 4.75, 9.20, 'Materiales médicos', 16, 100, 0, 0, 10, 0, 0.00, 0, 0, NULL),
	(509, 830, 1729, 'SONDA VESICAL N° 20 DE 3 VIAS', 1, 4.75, 9.20, 'Materiales médicos', 16, 100, 0, 0, 10, 0, 0.00, 0, 0, NULL),
	(510, 831, 1730, 'SONDA VESICAL N° 22 DE 3 VIAS', 1, 0.00, 9.20, 'Materiales médicos', 16, 100, 0, 0, 10, 0, 0.00, 0, 0, NULL),
	(511, 832, 1731, 'SONDA VESICAL N° 24 DE 3 VIAS', 1, 4.75, 9.20, 'Materiales médicos', 16, 100, 0, 0, 10, 0, 0.00, 0, 0, NULL),
	(512, 833, 1732, 'TEGADERN YARDA', 1, 0.00, 5.00, 'Materiales médicos', 16, 100, 0, 0, 10, 0, 0.00, 0, 0, NULL),
	(513, 834, 1733, 'TERMOMETRO', 1, 1.32, 1.50, 'Materiales médicos', 16, 100, 0, 0, 10, 0, 0.00, 0, 0, NULL),
	(514, 835, 1734, 'TORUNDA DE ALGODÓN CON ALCOHOL', 1, 0.01, 0.15, 'Materiales médicos', 15, 90, 10, 0, 10, 0, 0.00, 0, 0, NULL),
	(515, 836, 1735, 'TRAMPA DE AGUA', 1, 90.40, 125.00, 'Materiales médicos', 15, 100, 0, 0, 10, 0, 0.00, 0, 0, NULL),
	(516, 837, 1736, 'TUBO DE TRAQUEOSTOMIA', 1, 0.00, 50.00, 'Materiales médicos', 15, 100, 0, 0, 10, 0, 0.00, 0, 0, NULL),
	(517, 838, 1737, 'TUBO EN T', 1, 2.00, 8.50, 'Materiales médicos', 15, 100, 0, 0, 10, 0, 0.00, 0, 0, NULL),
	(518, 839, 1738, 'TUBO ENDOTRAQUEAL N° 2', 1, 0.00, 10.40, 'Materiales médicos', 16, 100, 0, 0, 10, 0, 0.00, 0, 0, NULL),
	(519, 840, 1739, 'TUBO ENDOTRAQUEAL N° 3', 1, 0.00, 10.40, 'Materiales médicos', 16, 100, 0, 0, 10, 0, 0.00, 0, 0, NULL),
	(520, 841, 1740, 'TUBO ENDOTRAQUEAL N° 3 1/2', 1, 0.00, 10.40, 'Materiales médicos', 16, 100, 0, 0, 10, 0, 0.00, 0, 0, NULL),
	(521, 842, 1741, 'TUBO ENDOTRAQUEAL N° 4', 1, 0.00, 10.40, 'Materiales médicos', 16, 100, 0, 0, 10, 0, 0.00, 0, 0, NULL),
	(522, 843, 1742, 'TUBO ENDOTRAQUEAL N° 4 1/2', 1, 2.75, 10.40, 'Materiales médicos', 16, 100, 0, 0, 10, 0, 0.00, 0, 0, NULL),
	(523, 844, 1743, 'TUBO ENDOTRAQUEAL N° 5', 1, 0.00, 10.40, 'Materiales médicos', 16, 100, 0, 0, 10, 0, 0.00, 0, 0, NULL),
	(524, 845, 1744, 'TUBO ENDOTRAQUEAL N° 5 1/2', 1, 0.00, 10.40, 'Materiales médicos', 16, 100, 0, 0, 10, 0, 0.00, 0, 0, NULL),
	(525, 846, 1745, 'TUBO ENDOTRAQUEAL N° 6 1/2', 1, 0.00, 10.40, 'Materiales médicos', 16, 100, 0, 0, 10, 0, 0.00, 0, 0, NULL),
	(526, 847, 1746, 'TUBO TORAXICO', 1, 0.00, 20.00, 'Materiales médicos', 16, 100, 0, 0, 10, 0, 0.00, 0, 0, NULL),
	(527, 848, 1747, 'TUBO TYGON', 1, 0.00, 15.00, 'Materiales médicos', 16, 100, 0, 0, 10, 0, 0.00, 0, 0, NULL),
	(528, 849, 1748, 'URINAL', 1, 0.00, 6.00, 'Materiales médicos', 16, 100, 0, 0, 10, 0, 0.00, 0, 0, NULL),
	(529, 850, 1749, 'USO DE OXIMETRO', 1, 2.00, 2.00, 'Servicios', 15, 100, 0, 0, 10, 0, 0.00, 0, 0, NULL),
	(530, 851, 1750, 'VALVULA DE 3 VIAS', 1, 0.66, 12.00, 'Materiales médicos', 16, 100, 0, 0, 10, 0, 0.00, 0, 0, NULL),
	(531, 852, 1751, 'VENDA DE YESO 4 PULGADAS', 1, 2.80, 8.00, 'Materiales médicos', 16, 100, 0, 0, 10, 0, 0.00, 0, 0, NULL),
	(532, 853, 1752, 'VENDA DE YESO 6 PULGADAS', 1, 3.30, 10.00, 'Materiales médicos', 16, 100, 0, 0, 10, 0, 0.00, 0, 0, NULL),
	(533, 854, 1753, 'VICRYL 0', 1, 0.00, 7.00, 'Materiales médicos', 16, 100, 0, 0, 10, 0, 0.00, 0, 0, NULL),
	(534, 855, 1754, 'AGUA CRISTAL LT. MAS VASO', 1, 0.80, 1.50, 'Servicios', 16, 98, 2, 0, 10, 0, 0.00, 0, 0, NULL),
	(535, 856, 1755, 'ALMUERZO', 1, 4.00, 5.00, 'Servicios', 15, 100, 0, 0, 10, 0, 0.00, 0, 0, NULL),
	(536, 857, 1756, 'ASEO BUCAL', 1, 2.00, 3.00, 'Servicios', 16, 100, 0, 0, 10, 0, 0.00, 0, 0, NULL),
	(537, 858, 1757, 'ATOL', 1, 0.25, 0.50, 'Servicios', 16, 100, 0, 0, 10, 0, 0.00, 0, 0, NULL),
	(538, 859, 1758, 'BAÑO DE RECIEN NACIDO', 1, 3.75, 3.75, 'Medicamentos', 16, 100, 0, 0, 10, 0, 0.00, 0, 0, NULL),
	(539, 860, 1759, 'CENA', 1, 4.00, 5.00, 'Servicios', 15, 100, 0, 0, 10, 0, 0.00, 0, 0, NULL),
	(540, 861, 1760, 'CLORO', 1, 0.00, 7.00, 'Servicios', 22, 100, 0, 0, 10, 0, 0.00, 0, 0, NULL),
	(541, 862, 1761, 'COLLARIN ADULTO', 1, 35.00, 48.00, 'Servicios', 16, 100, 0, 0, 10, 0, 0.00, 0, 0, NULL),
	(542, 863, 1762, 'CURACION GRANDE', 1, 0.00, 1.45, 'Servicios', 22, 100, 0, 0, 10, 0, 0.00, 0, 0, NULL),
	(543, 864, 1763, 'CURACION UMBILICAL', 1, 0.00, 2.40, 'Servicios', 22, 100, 0, 0, 10, 0, 0.00, 0, 0, NULL),
	(544, 865, 1764, 'DESAYUNO', 1, 4.00, 5.00, 'Servicios', 15, 100, 0, 0, 10, 0, 0.00, 0, 0, NULL),
	(545, 866, 1765, 'ELECTROCARDIOGRAMA', 1, 0.00, 25.00, 'Servicios', 16, 100, 0, 0, 10, 0, 0.00, 0, 0, NULL),
	(546, 867, 1766, 'ENFERMERIA', 1, 30.00, 30.00, 'Servicios', 15, 97, 3, 0, 10, 0, 0.00, 0, 0, NULL),
	(547, 868, 1767, 'ENFERMERIA (AMBULATORIA)', 1, 5.00, 5.00, 'Servicios', 15, 95, 5, 0, 10, 0, 0.00, 0, 0, NULL),
	(548, 869, 1768, 'EQUIPO DE COLPOSCOPIA', 1, 15.00, 15.00, 'Servicios', 15, 100, 0, 0, 10, 0, 0.00, 0, 0, NULL),
	(549, 870, 1769, 'EQUIPO DE CURACION', 1, 0.00, 5.00, 'Servicios', 16, 100, 0, 0, 10, 0, 0.00, 0, 0, NULL),
	(550, 871, 1770, 'EQUIPO DE LAPAROSCOPIA', 1, 0.20, 1.15, 'Servicios', 15, 100, 0, 0, 10, 0, 0.00, 0, 0, NULL),
	(551, 872, 1771, 'EQUIPO DE SUTURA', 1, 0.00, 12.50, 'Servicios', 16, 100, 0, 0, 10, 0, 0.00, 0, 0, NULL),
	(552, 873, 1772, 'ESTADIA POR HORA', 1, 2.50, 2.50, 'Servicios', 15, 88, 12, 0, 10, 0, 0.00, 0, 0, NULL),
	(553, 874, 1773, 'ESTERILIZACION DE MATERIAL', 1, 1.00, 1.00, 'Servicios', 15, 100, 0, 0, 10, 0, 0.00, 0, 0, NULL),
	(554, 875, 1774, 'FRASCO GRANDE PARA BIOPSIA', 1, 0.00, 2.30, 'Servicios', 16, 100, 0, 0, 10, 0, 0.00, 0, 0, NULL),
	(555, 876, 1775, 'FRASCO MEDIANO PARA BIOPSIA', 1, 0.00, 1.75, 'Servicios', 16, 100, 0, 0, 10, 0, 0.00, 0, 0, NULL),
	(556, 877, 1776, 'FRASCO PEQUEÑO PARA MUESTRA DE BIOPSIA', 1, 0.00, 1.15, 'Servicios', 16, 100, 0, 0, 10, 0, 0.00, 0, 0, NULL),
	(557, 878, 1777, 'GARRAFON DE AGUA CRISTAL', 1, 1.96, 4.50, 'Servicios', 16, 100, 0, 0, 10, 0, 0.00, 0, 0, NULL),
	(558, 879, 1778, 'GASTOS ADMINISTRATIVOS', 1, 15.00, 15.00, 'Servicios', 15, 97, 3, 0, 10, 0, 0.00, 0, 0, NULL),
	(559, 880, 1779, 'HABITACION', 1, 30.00, 30.00, 'Servicios', 15, 97, 3, 0, 10, 0, 0.00, 0, 0, NULL),
	(560, 881, 1780, 'INSTRUMENTISTA', 1, 1.02, 1.24, 'Servicios', 1, 100, 0, 0, 10, 0, 0.00, 0, 0, NULL),
	(561, 882, 1781, 'KIT DE CEPILLADO', 1, 0.00, 1.50, 'Servicios', 16, 100, 0, 0, 10, 0, 0.00, 0, 0, NULL),
	(562, 883, 1782, 'MONITOREO FETAL', 1, 15.00, 15.00, 'Servicios', 17, 100, 0, 0, 10, 0, 0.00, 0, 0, NULL),
	(563, 884, 1783, 'NEBULIZACION CON BUDEGEN', 1, 6.00, 6.00, 'Servicios', 16, 100, 0, 0, 10, 0, 0.00, 0, 0, NULL),
	(564, 885, 1784, 'NEBULIZACION CON SALBUTAMOL', 1, 6.00, 6.00, 'Servicios', 16, 100, 0, 0, 10, 0, 0.00, 0, 0, NULL),
	(565, 886, 1785, 'NEBULIZACION CON TROPIUN', 1, 6.00, 6.00, 'Servicios', 16, 100, 0, 0, 10, 0, 0.00, 0, 0, NULL),
	(566, 887, 1786, 'PAPELERIA', 1, 10.00, 10.00, 'Servicios', 15, 98, 2, 0, 10, 0, 0.00, 0, 0, NULL),
	(567, 888, 1787, 'PAQUETE DE INGRESO', 1, 1.00, 12.00, 'Servicios', 16, 100, 0, 0, 10, 0, 0.00, 0, 0, NULL),
	(568, 889, 1788, 'PREPARACION DE REGION', 1, 0.00, 3.00, 'Servicios', 16, 100, 0, 0, 10, 0, 0.00, 0, 0, NULL),
	(569, 890, 1789, 'PUESTA DE INYECCION', 1, 1.00, 1.00, 'Servicios', 15, 100, 0, 0, 10, 0, 0.00, 0, 0, NULL),
	(570, 891, 1790, 'ROPA QUIRURGICA', 1, 3.00, 3.00, 'Servicios', 15, 100, 0, 0, 10, 0, 0.00, 0, 0, NULL),
	(571, 892, 1791, 'ROPERIA', 1, 1.50, 1.50, 'Servicios', 15, 98, 2, 0, 10, 0, 0.00, 0, 0, NULL),
	(572, 893, 1792, 'SERVICIO DE AMBULANCIA', 1, 1.00, 8.00, 'Servicios', 22, 98, 2, 0, 10, 0, 0.00, 0, 0, NULL),
	(573, 894, 1793, 'TOMA DE PRESION ARTERIAL', 1, 1.00, 1.00, 'Servicios', 15, 100, 0, 0, 10, 0, 0.00, 0, 0, NULL),
	(574, 895, 1794, 'TOMA DE VENA', 1, 1.00, 1.00, 'Servicios', 15, 100, 0, 0, 10, 0, 0.00, 0, 0, NULL),
	(575, 896, 1795, 'USO DE ASPIRADOR', 1, 5.50, 5.50, 'Servicios', 15, 100, 0, 0, 10, 0, 0.00, 0, 0, NULL),
	(576, 897, 1796, 'USO DE BOMBA DE INFUSION', 1, 7.00, 7.00, 'Servicios', 15, 100, 0, 0, 10, 0, 0.00, 0, 0, NULL),
	(577, 898, 1797, 'USO DE CAUTERIO', 1, 6.00, 6.00, 'Servicios', 15, 100, 0, 0, 10, 0, 0.00, 0, 0, NULL),
	(578, 899, 1798, 'USO DE CUNA TERMICA', 1, 25.00, 25.00, 'Servicios', 15, 100, 0, 0, 10, 0, 0.00, 0, 0, NULL),
	(579, 900, 1799, 'USO DE DOPLER', 1, 5.00, 5.00, 'Servicios', 15, 99, 1, 0, 10, 0, 0.00, 0, 0, NULL),
	(580, 901, 1800, 'USO DE ESPECULO', 1, 0.00, 5.00, 'Servicios', 15, 100, 0, 0, 10, 0, 0.00, 0, 0, NULL),
	(581, 902, 1801, 'USO DE MONITOR', 1, 4.50, 4.50, 'Servicios', 15, 100, 0, 0, 10, 0, 0.00, 0, 0, NULL),
	(582, 903, 1802, 'USO DE PEQUEÑA CX', 1, 30.00, 30.00, 'Servicios', 15, 100, 0, 0, 10, 0, 0.00, 0, 0, NULL),
	(583, 904, 1803, 'USO DE SALA', 1, 60.00, 60.00, 'Servicios', 15, 100, 0, 0, 10, 0, 0.00, 0, 0, NULL),
	(584, 905, 1804, 'CONSULTA MEDICA', 1, 0.00, 20.00, 'Otros servicios', 17, 100, 0, 0, 10, 0, 0.00, 0, 0, NULL),
	(586, 907, 1806, 'TOALLAS HUMEDAS', 1, 5.00, 10.00, 'Otros servicios', 1, 100, 0, 0, 10, 0, 0.00, 0, 0, NULL),
	(587, 908, 1807, 'ADALAT TAB.', 1, 0.45, 1.25, 'Medicamentos', 14, 50, 0, 0, 10, 0, 0.00, 0, 0, NULL),
	(588, 909, 1808, 'ANLOPIDINA', 1, 0.50, 0.75, 'Medicamentos', 21, 100, 0, 0, 10, 0, 0.00, 0, 0, NULL),
	(589, 910, 1809, 'ATORBASTATINA', 1, 1.00, 1.50, 'Medicamentos', 16, 100, 0, 0, 10, 0, 0.00, 0, 0, NULL),
	(590, 911, 1810, 'BADYKET 3500 U.I', 1, 12.74, 18.00, 'Medicamentos', 4, 99, 1, 0, 10, 0, 0.00, 0, 0, NULL),
	(591, 912, 1811, 'BADYKET 7500 U.I7AMPOLLA', 1, 18.70, 26.66, 'Medicamentos', 4, 100, 0, 0, 10, 0, 0.00, 0, 0, NULL),
	(592, 913, 1812, 'BERIFEN-75 IM', 1, 1.80, 2.44, 'Medicamentos', 1, 100, 0, 0, 10, 0, 0.00, 0, 0, NULL),
	(593, 914, 1813, 'BOLENTAX 40 MG/0.4 ML', 1, 8.00, 12.73, 'Medicamentos', 16, 100, 0, 0, 10, 0, 0.00, 0, 0, NULL),
	(594, 915, 1814, 'BOLENTAX 60 MG/0.6 ML', 1, 12.54, 32.54, 'Medicamentos', 16, 100, 0, 0, 10, 0, 0.00, 0, 0, NULL),
	(595, 916, 1815, 'BUDEGEN NEBULIZAR FRASCO 20', 1, 22.60, 58.99, 'Medicamentos', 18, 100, 0, 0, 10, 0, 0.00, 0, 0, NULL),
	(596, 917, 1816, 'BUSCAPINA COMPUESTA', 1, 2.50, 4.00, 'Medicamentos', 16, 99, 1, 0, 10, 0, 0.00, 0, 0, NULL),
	(597, 918, 1817, 'CARBERIDOL', 1, 0.25, 0.52, 'Medicamentos', 16, 100, 0, 0, 10, 0, 0.00, 0, 0, NULL),
	(598, 919, 1818, 'CARDIO ASPIRINA', 1, 0.50, 1.00, 'Medicamentos', 16, 100, 0, 0, 10, 0, 0.00, 0, 0, NULL),
	(599, 920, 1819, 'CATAFLAN 50/ TAB.', 1, 0.47, 0.64, 'Medicamentos', 16, 100, 0, 0, 10, 0, 0.00, 0, 0, NULL),
	(600, 921, 1820, 'CEFTAZIDIMA 1G', 1, 5.00, 8.56, 'Medicamentos', 6, 100, 0, 0, 10, 0, 0.00, 0, 0, NULL),
	(601, 922, 1821, 'CIPROXINA INFUSION 0.4 G/200 ML', 1, 0.00, 51.45, 'Medicamentos', 16, 100, 0, 0, 10, 0, 0.00, 0, 0, NULL),
	(602, 923, 1822, 'CITOTEC', 1, 1.33, 1.33, 'Medicamentos', 16, 100, 0, 0, 10, 0, 0.00, 0, 0, NULL),
	(603, 924, 1823, 'CLOPIDOGREL', 1, 0.25, 1.81, 'Medicamentos', 16, 100, 0, 0, 10, 0, 0.00, 0, 0, NULL),
	(604, 925, 1824, 'CLYSS-GO SOLUCION', 1, 4.90, 7.05, 'Medicamentos', 16, 100, 0, 0, 10, 0, 0.00, 0, 0, NULL),
	(605, 926, 1825, 'DENVAR 400 MG/TABLETAS', 1, 3.22, 4.80, 'Medicamentos', 16, 100, 0, 0, 10, 0, 0.00, 0, 0, NULL),
	(606, 927, 1826, 'DESTROSITOL TAB.', 1, 0.20, 1.50, 'Medicamentos', 16, 100, 0, 0, 10, 0, 0.00, 0, 0, NULL),
	(607, 928, 1827, 'DIOVAN TAB.', 1, 0.50, 1.30, 'Medicamentos', 16, 100, 0, 0, 10, 0, 0.00, 0, 0, NULL),
	(608, 929, 1828, 'DUODER FINO 15X15', 1, 11.20, 18.75, 'Medicamentos', 15, 100, 0, 0, 10, 0, 0.00, 0, 0, NULL),
	(609, 930, 1829, 'DUODERM CGF 10X10', 1, 8.01, 10.22, 'Medicamentos', 15, 100, 0, 0, 10, 0, 0.00, 0, 0, NULL),
	(610, 931, 1830, 'DUODERM CGF 15X15', 1, 11.80, 17.34, 'Medicamentos', 15, 100, 0, 0, 10, 0, 0.00, 0, 0, NULL),
	(611, 932, 1831, 'ENALAPRIL TAB.', 1, 0.16, 0.75, 'Medicamentos', 16, 100, 0, 0, 10, 0, 0.00, 0, 0, NULL),
	(612, 933, 1832, 'ESPIRONOLACTONE', 1, 0.25, 2.50, 'Medicamentos', 16, 100, 0, 0, 10, 0, 0.00, 0, 0, NULL),
	(613, 934, 1833, 'ETOMIDATE LIPURO AMP', 1, 3.76, 6.00, 'Medicamentos', 2, 100, 0, 0, 10, 0, 0.00, 0, 0, NULL),
	(614, 935, 1834, 'FLAMYDOL SUSPENSION', 1, 1.15, 1.62, 'Medicamentos', 1, 100, 0, 0, 10, 0, 0.00, 0, 0, NULL),
	(615, 936, 1835, 'FORTRNS SOBRE', 1, 6.24, 12.00, 'Medicamentos', 12, 100, 0, 0, 10, 0, 0.00, 0, 0, NULL),
	(616, 937, 1836, 'FOSFOCIL I.V', 1, 6.59, 9.30, 'Medicamentos', 16, 100, 0, 0, 10, 0, 0.00, 0, 0, NULL),
	(617, 938, 1837, 'GELOFUCINE', 1, 10.62, 20.00, 'Medicamentos', 16, 100, 0, 0, 10, 0, 0.00, 0, 0, NULL),
	(618, 939, 1838, 'HEPA-MERZ/ CAJA 5 AMP', 1, 2.54, 3.60, 'Medicamentos', 16, 100, 0, 0, 10, 0, 0.00, 0, 0, NULL),
	(619, 940, 1839, 'INSULINA N', 1, 0.15, 0.27, 'Medicamentos', 16, 100, 0, 0, 10, 0, 0.00, 0, 0, NULL),
	(620, 941, 1840, 'LACTULAX SOBRES', 1, 1.30, 1.47, 'Medicamentos', 16, 100, 0, 0, 10, 0, 0.00, 0, 0, NULL),
	(621, 942, 1841, 'LANICOR', 1, 0.00, 8.00, 'Medicamentos', 16, 100, 0, 0, 10, 0, 0.00, 0, 0, NULL),
	(622, 943, 1842, 'LEOPROSTIN 3.75 MG', 1, 0.00, 125.00, 'Medicamentos', 16, 100, 0, 0, 10, 0, 0.00, 0, 0, NULL),
	(623, 944, 1843, 'LEUKOMED 10X25', 1, 2.75, 3.33, 'Medicamentos', 15, 100, 0, 0, 10, 0, 0.00, 0, 0, NULL),
	(624, 945, 1844, 'LEUKOMED T PLUS 5X7', 1, 1.00, 2.37, 'Medicamentos', 15, 100, 0, 0, 10, 0, 0.00, 0, 0, NULL),
	(625, 946, 1845, 'LEUKOMED T PLUS 8X10', 1, 1.35, 2.86, 'Medicamentos', 15, 100, 0, 0, 10, 0, 0.00, 0, 0, NULL),
	(626, 947, 1846, 'LONACTENE', 1, 48.00, 48.00, 'Medicamentos', 16, 100, 0, 0, 10, 0, 0.00, 0, 0, NULL),
	(627, 948, 1847, 'M.V.I ADULTO 12', 1, 0.00, 12.72, 'Medicamentos', 16, 100, 0, 0, 10, 0, 0.00, 0, 0, NULL),
	(628, 949, 1848, 'M.V.I PEDIATRICO 12', 1, 0.00, 11.45, 'Medicamentos', 16, 100, 0, 0, 10, 0, 0.00, 0, 0, NULL),
	(629, 950, 1849, 'MACRONEBULIZADOR', 1, 3.95, 15.00, 'Medicamentos', 15, 100, 0, 0, 10, 0, 0.00, 0, 0, NULL),
	(630, 951, 1850, 'MENAXOL FORTE', 1, 1.05, 1.47, 'Medicamentos', 16, 100, 0, 0, 10, 0, 0.00, 0, 0, NULL),
	(631, 952, 1851, 'MERLIX 50MG AMP', 1, 0.00, 4.35, 'Medicamentos', 16, 100, 0, 0, 10, 0, 0.00, 0, 0, NULL),
	(632, 953, 1852, 'MICCIL AMP.', 1, 0.50, 0.84, 'Medicamentos', 16, 100, 0, 0, 10, 0, 0.00, 0, 0, NULL),
	(633, 954, 1853, 'MICCIL TAB.', 1, 0.15, 0.28, 'Medicamentos', 16, 100, 0, 0, 10, 0, 0.00, 0, 0, NULL),
	(634, 955, 1854, 'MIDAZOLAN', 1, 5.15, 10.00, 'Medicamentos', 16, 100, 0, 0, 10, 0, 0.00, 0, 0, NULL),
	(635, 956, 1855, 'PROCALAMINE', 1, 23.89, 60.00, 'Medicamentos', 16, 100, 0, 0, 10, 0, 0.00, 0, 0, NULL),
	(636, 957, 1856, 'PROGESTIN', 1, 2.55, 3.61, 'Medicamentos', 4, 100, 0, 0, 10, 0, 0.00, 0, 0, NULL),
	(637, 958, 1857, 'PROPANOLOL TAB.', 1, 0.10, 0.18, 'Medicamentos', 16, 100, 0, 0, 10, 0, 0.00, 0, 0, NULL),
	(638, 959, 1858, 'REMIFENTANYL 5MG', 1, 19.00, 30.00, 'Medicamentos', 2, 100, 0, 0, 10, 0, 0.00, 0, 0, NULL),
	(639, 960, 1859, 'RILATEN AMPOLLA', 1, 1.70, 2.24, 'Medicamentos', 16, 100, 0, 0, 10, 0, 0.00, 0, 0, NULL),
	(640, 961, 1860, 'ROCEFORT 1G', 1, 8.00, 12.40, 'Medicamentos', 16, 100, 0, 0, 10, 0, 0.00, 0, 0, NULL),
	(641, 962, 1861, 'SEVERIN N.F', 1, 7.01, 9.91, 'Medicamentos', 16, 100, 0, 0, 10, 0, 0.00, 0, 0, NULL),
	(642, 963, 1862, 'SEVERIN N.F SUSPENSION', 1, 7.48, 10.68, 'Medicamentos', 16, 100, 0, 0, 10, 0, 0.00, 0, 0, NULL),
	(643, 965, 1863, 'SUPOSITORIO SEVERIN', 1, 0.96, 1.81, 'Medicamentos', 16, 100, 0, 0, 10, 0, 0.00, 0, 0, NULL),
	(644, 966, 1864, 'TRACEFUSIN', 1, 4.00, 10.00, 'Medicamentos', 16, 100, 0, 0, 10, 0, 0.00, 0, 0, NULL),
	(645, 967, 1865, 'TROPIUM 750 NEBULIZ.FCO. 20 ML', 1, 10.17, 28.21, 'Medicamentos', 16, 100, 0, 0, 10, 0, 0.00, 0, 0, NULL),
	(646, 968, 1866, 'TYLENOL GOTAS', 1, 4.56, 7.66, 'Medicamentos', 1, 100, 0, 0, 10, 0, 0.00, 0, 0, NULL),
	(647, 969, 1867, 'AGUA ESTERIL CC', 1, 0.01, 0.01, 'Materiales médicos', 16, 100, 0, 0, 10, 0, 0.00, 0, 0, NULL),
	(648, 970, 1868, 'SONDA NASOGASTRICA N° 14', 1, 0.60, 4.00, 'Materiales médicos', 16, 100, 0, 0, 10, 0, 0.00, 0, 0, NULL),
	(649, 971, 1869, 'USO DE DESFIBRILADOR', 1, 50.00, 50.00, 'Servicios', 15, 100, 0, 0, 10, 0, 0.00, 0, 0, NULL),
	(650, 972, 1870, 'AXTAR 1G IV', 1, 3.50, 10.51, 'Medicamentos', 6, 100, 0, 0, 10, 0, 0.00, 0, 0, NULL),
	(651, 973, 1871, 'FENOBARBITAL AMP 200 MG/2ML', 1, 15.26, 25.00, 'Medicamentos', 18, 100, 0, 0, 10, 0, 0.00, 0, 0, NULL),
	(652, 974, 1872, 'OCTRIDE', 1, 14.60, 23.38, 'Medicamentos', 16, 100, 0, 0, 10, 0, 0.00, 0, 0, NULL),
	(653, 975, 1873, 'OXIGENO LT.', 1, 0.01, 0.04, 'Medicamentos', 16, 100, 0, 0, 10, 0, 0.00, 0, 0, NULL),
	(654, 976, 1874, 'CROMICO 1', 1, 2.22, 7.00, 'Materiales médicos', 16, 100, 0, 0, 10, 0, 0.00, 0, 0, NULL),
	(655, 977, 1875, 'HEMOGLUCOTEST', 1, 1.50, 3.00, 'Servicios', 16, 100, 0, 0, 10, 0, 0.00, 0, 0, NULL),
	(656, 978, 1876, 'USO DE AMEU', 1, 2.00, 2.00, 'Servicios', 3, 100, 0, 0, 10, 0, 0.00, 0, 0, NULL),
	(657, 0, 1877, 'ACIDO URICO', 1, 0.00, 4.00, 'Servicios', 22, 99, 1, 1, 10, 0, 0.00, 0, 0, NULL),
	(658, 0, 1878, 'ALBUMINA EN ORINA DE 24H', 1, 0.00, 10.00, 'Servicios', 22, 100, 0, 1, 10, 0, 0.00, 0, 0, NULL),
	(659, 0, 1879, 'AMILASA', 1, 0.00, 12.00, 'Servicios', 22, 100, 0, 1, 10, 0, 0.00, 0, 0, NULL),
	(660, 0, 1880, 'ANTIESTREPTOLISINA O', 1, 0.00, 10.00, 'Servicios', 22, 100, 0, 1, 10, 0, 0.00, 0, 0, NULL),
	(661, 0, 1881, 'ANTIGENOS FEBRILES', 1, 0.00, 12.00, 'Servicios', 22, 100, 0, 1, 10, 0, 0.00, 0, 0, NULL),
	(662, 0, 1882, 'TOLERANCIA A LA GLUCOSA (3H)', 1, 0.00, 15.00, 'Servicios', 22, 100, 0, 1, 10, 0, 0.00, 0, 0, NULL),
	(663, 0, 1883, 'BILIRRUBINAS (TOTAL, DIRECTA, INDIRECTA)', 1, 0.00, 15.00, 'Servicios', 22, 100, 0, 1, 10, 0, 0.00, 0, 0, NULL),
	(664, 0, 1884, 'CELULAS LE', 1, 0.00, 12.00, 'Servicios', 22, 100, 0, 1, 10, 0, 0.00, 0, 0, NULL),
	(665, 0, 1885, 'HEMOGLOBINA GLICOSILADA', 1, 0.00, 14.00, 'Servicios', 22, 100, 0, 1, 10, 0, 0.00, 0, 0, NULL),
	(666, 0, 1886, 'COLESTEROL TOTAL', 1, 0.00, 4.00, 'Servicios', 22, 100, 0, 1, 10, 0, 0.00, 0, 0, NULL),
	(667, 0, 1887, 'COOMBS DIRECTO', 1, 0.00, 10.00, 'Servicios', 22, 100, 0, 1, 10, 0, 0.00, 0, 0, NULL),
	(668, 0, 1888, 'COOMBS INDIRECTO', 1, 0.00, 10.00, 'Servicios', 22, 100, 0, 1, 10, 0, 0.00, 0, 0, NULL),
	(669, 0, 1889, 'COPROCULTIVO', 1, 0.00, 10.00, 'Servicios', 22, 100, 0, 1, 10, 0, 0.00, 0, 0, NULL),
	(670, 0, 1890, 'COLESTEROL HDL', 1, 0.00, 10.00, 'Servicios', 22, 100, 0, 1, 10, 0, 0.00, 0, 0, NULL),
	(671, 0, 1891, 'COLESTEROL LDL', 1, 0.00, 6.00, 'Servicios', 22, 100, 0, 1, 10, 0, 0.00, 0, 0, NULL),
	(672, 0, 1892, 'CREATININA EN SANGRE', 1, 0.00, 4.50, 'Servicios', 22, 95, 5, 1, 10, 0, 0.00, 0, 0, NULL),
	(673, 0, 1893, 'LIPIDOS TOTALES', 1, 0.00, 10.00, 'Servicios', 22, 100, 0, 1, 10, 0, 0.00, 0, 0, NULL),
	(674, 0, 1894, 'CULTIVO DE SECRECION VAGINAL', 1, 0.00, 10.00, 'Servicios', 22, 100, 0, 1, 10, 0, 0.00, 0, 0, NULL),
	(675, 0, 1895, 'PROTEINAS EN ORINA DE 24H', 1, 0.00, 12.00, 'Servicios', 22, 100, 0, 1, 10, 0, 0.00, 0, 0, NULL),
	(676, 0, 1896, 'ANTICUERPOS PARA DENGUE', 1, 0.00, 25.00, 'Servicios', 22, 100, 0, 1, 10, 0, 0.00, 0, 0, NULL),
	(677, 0, 1897, 'DEPURACION DE CREATININA EN ORINA 24H', 1, 0.00, 12.00, 'Servicios', 22, 100, 0, 1, 10, 0, 0.00, 0, 0, NULL),
	(678, 0, 1898, 'NITROGENO UREICO', 1, 0.00, 4.00, 'Servicios', 22, 100, 0, 1, 10, 0, 0.00, 0, 0, NULL),
	(679, 0, 1899, 'ELECTROLITOS (SODIO, POTASIO, CLORO)', 1, 0.00, 25.00, 'Servicios', 22, 100, 0, 1, 10, 0, 0.00, 0, 0, NULL),
	(680, 0, 1900, 'ERITROSEDIMENTACION', 1, 0.00, 5.00, 'Servicios', 22, 100, 0, 1, 10, 0, 0.00, 0, 0, NULL),
	(681, 0, 1901, 'ESPERMOGRAMA', 1, 0.00, 20.00, 'Servicios', 22, 100, 0, 1, 10, 0, 0.00, 0, 0, NULL),
	(682, 0, 1902, 'EXAMEN GENERAL DE ORINA', 1, 0.00, 1.50, 'Servicios', 22, 99, 1, 1, 10, 0, 0.00, 0, 0, NULL),
	(683, 0, 1903, 'EXAMEN GENERAL DE HECES', 1, 0.00, 1.50, 'Servicios', 22, 100, 0, 1, 10, 0, 0.00, 0, 0, NULL),
	(684, 0, 1904, 'UREA', 1, 0.00, 4.00, 'Servicios', 22, 100, 0, 1, 10, 0, 0.00, 0, 0, NULL),
	(685, 0, 1905, 'FIBRINOGENO', 1, 0.00, 12.00, 'Servicios', 22, 100, 0, 1, 10, 0, 0.00, 0, 0, NULL),
	(686, 0, 1906, 'FOSFORO', 1, 0.00, 12.00, 'Servicios', 22, 100, 0, 1, 10, 0, 0.00, 0, 0, NULL),
	(687, 0, 1907, 'FROTIS DE SANGRE PERIFERICA', 1, 0.00, 8.00, 'Servicios', 22, 97, 3, 1, 10, 0, 0.00, 0, 0, NULL),
	(688, 0, 1908, 'GLUCOSA EN AYUNA', 1, 0.00, 3.50, 'Servicios', 22, 100, 0, 1, 10, 0, 0.00, 0, 0, NULL),
	(689, 0, 1909, 'GLUCOSA POS-PRANDREAL', 1, 0.00, 10.00, 'Servicios', 22, 100, 0, 1, 10, 0, 0.00, 0, 0, NULL),
	(690, 0, 1910, 'GOTA GRUESA', 1, 0.00, 5.00, 'Servicios', 22, 100, 0, 1, 10, 0, 0.00, 0, 0, NULL),
	(691, 0, 1911, 'COLORACION DE GRAM', 1, 0.00, 6.00, 'Servicios', 22, 100, 0, 1, 10, 0, 0.00, 0, 0, NULL),
	(692, 0, 1912, 'ALBUMINA', 1, 0.00, 11.00, 'Servicios', 22, 100, 0, 1, 10, 0, 0.00, 0, 0, NULL),
	(693, 0, 1913, 'CALCIO', 1, 0.00, 12.00, 'Servicios', 22, 100, 0, 1, 10, 0, 0.00, 0, 0, NULL),
	(694, 0, 1914, 'FERRITINA', 1, 0.00, 50.00, 'Servicios', 22, 100, 0, 1, 10, 0, 0.00, 0, 0, NULL),
	(695, 0, 1915, 'HEMATOCRITO Y HEMOGLOBINA', 1, 0.00, 3.50, 'Servicios', 22, 100, 0, 1, 10, 0, 0.00, 0, 0, NULL),
	(696, 0, 1916, 'HEMOCULTIVO', 1, 0.00, 30.00, 'Servicios', 22, 100, 0, 1, 10, 0, 0.00, 0, 0, NULL),
	(698, 0, 1918, 'HEMOGRAMA COMPLETO', 1, 0.00, 5.00, 'Servicios', 22, 99, 1, 1, 10, 0, 0.00, 0, 0, NULL),
	(699, 0, 1919, 'ANTICUERPOS PARA HEPATITIS A', 1, 0.00, 15.00, 'Servicios', 22, 100, 0, 1, 10, 0, 0.00, 0, 0, NULL),
	(700, 0, 1920, 'ANTICUERPOS PARA HEPATITIS B', 1, 0.00, 15.00, 'Servicios', 22, 100, 0, 1, 10, 0, 0.00, 0, 0, NULL),
	(701, 0, 1921, 'ANTICUERPOS PARA HEPATITIS C', 1, 0.00, 15.00, 'Servicios', 22, 100, 0, 1, 10, 0, 0.00, 0, 0, NULL),
	(702, 0, 1922, 'KOH (DIRECTO PARA HONGOS)', 1, 0.00, 9.00, 'Servicios', 22, 100, 0, 1, 10, 0, 0.00, 0, 0, NULL),
	(703, 0, 1923, 'TRANSDERRINA', 1, 0.00, 70.00, 'Servicios', 22, 100, 0, 1, 10, 0, 0.00, 0, 0, NULL),
	(704, 0, 1924, 'LEUCOGRAMA', 1, 0.00, 4.00, 'Servicios', 22, 100, 0, 1, 10, 0, 0.00, 0, 0, NULL),
	(705, 0, 1925, 'MAGNESIO', 1, 0.00, 10.00, 'Servicios', 22, 100, 0, 1, 10, 0, 0.00, 0, 0, NULL),
	(706, 0, 1926, 'PLAQUETAS', 1, 0.00, 4.00, 'Servicios', 22, 100, 0, 1, 10, 0, 0.00, 0, 0, NULL),
	(707, 0, 1927, 'LIPASA', 1, 0.00, 16.00, 'Servicios', 22, 100, 0, 1, 10, 0, 0.00, 0, 0, NULL),
	(708, 0, 1928, 'PROTEINA C REACTIVA', 1, 0.00, 10.00, 'Servicios', 22, 100, 0, 1, 10, 0, 0.00, 0, 0, NULL),
	(709, 0, 1929, 'PROTEINAS TOTALES', 1, 0.00, 15.00, 'Servicios', 22, 100, 0, 1, 10, 0, 0.00, 0, 0, NULL),
	(710, 0, 1930, 'PRUEBA AZUL DE METILENO', 1, 0.00, 7.00, 'Servicios', 22, 100, 0, 1, 10, 0, 0.00, 0, 0, NULL),
	(711, 0, 1931, 'PRUEBA DE EMBARAZO EN ORINA', 1, 0.00, 5.00, 'Servicios', 22, 100, 0, 1, 10, 0, 0.00, 0, 0, NULL),
	(712, 0, 1932, 'PRUEBA DE EMBAZO EN SANGRE', 1, 0.00, 10.00, 'Servicios', 22, 98, 2, 1, 10, 0, 0.00, 0, 0, NULL),
	(713, 0, 1933, 'PSA', 1, 0.00, 40.00, 'Servicios', 22, 100, 0, 1, 10, 0, 0.00, 0, 0, NULL),
	(714, 0, 1934, 'TGO', 1, 0.00, 6.00, 'Servicios', 22, 100, 0, 1, 10, 0, 0.00, 0, 0, NULL),
	(715, 0, 1935, 'TGP', 1, 0.00, 6.00, 'Servicios', 22, 100, 0, 1, 10, 0, 0.00, 0, 0, NULL),
	(716, 0, 1936, 'RETICULOCITOS', 1, 0.00, 8.50, 'Servicios', 22, 100, 0, 1, 10, 0, 0.00, 0, 0, NULL),
	(717, 0, 1937, 'ROTAVIRUS EN HECES', 1, 0.00, 10.00, 'Servicios', 22, 100, 0, 1, 10, 0, 0.00, 0, 0, NULL),
	(718, 0, 1938, 'SANGRE OCULTA EN HECES', 1, 0.00, 8.00, 'Servicios', 22, 99, 1, 1, 10, 0, 0.00, 0, 0, NULL),
	(719, 0, 1939, 'GAMMA GLUTAMIL TRANSFERASA', 1, 0.00, 20.00, 'Servicios', 22, 100, 0, 1, 10, 0, 0.00, 0, 0, NULL),
	(720, 0, 1940, 'LDH', 1, 0.00, 12.00, 'Servicios', 22, 100, 0, 1, 10, 0, 0.00, 0, 0, NULL),
	(721, 0, 1941, 'FOSFATASA ALCALINA', 1, 0.00, 10.00, 'Servicios', 22, 100, 0, 1, 10, 0, 0.00, 0, 0, NULL),
	(722, 0, 1942, 'TIEMPO DE COAGULACION', 1, 0.00, 4.00, 'Servicios', 22, 100, 0, 1, 10, 0, 0.00, 0, 0, NULL),
	(723, 0, 1943, 'TIEMPO DE SANGRAMIENTO', 1, 0.00, 4.00, 'Servicios', 22, 100, 0, 1, 10, 0, 0.00, 0, 0, NULL),
	(724, 0, 1944, 'TIPEO Y RH', 1, 0.00, 4.00, 'Servicios', 22, 100, 0, 1, 10, 0, 0.00, 0, 0, NULL),
	(725, 0, 1945, 'CK-MB', 1, 0.00, 30.00, 'Servicios', 22, 100, 0, 1, 10, 0, 0.00, 0, 0, NULL),
	(726, 0, 1946, 'CPK', 1, 0.00, 25.00, 'Servicios', 22, 100, 0, 1, 10, 0, 0.00, 0, 0, NULL),
	(727, 0, 1947, 'TRIGLICERIDOS', 1, 0.00, 4.00, 'Servicios', 22, 100, 0, 1, 10, 0, 0.00, 0, 0, NULL),
	(728, 0, 1948, 'TROPONINA T', 1, 0.00, 70.00, 'Servicios', 22, 100, 0, 1, 10, 0, 0.00, 0, 0, NULL),
	(729, 0, 1949, 'UROCULTIVO', 1, 0.00, 8.00, 'Servicios', 22, 100, 0, 1, 10, 0, 0.00, 0, 0, NULL),
	(730, 0, 1950, 'ANTICUERPOS VIH', 1, 0.00, 15.00, 'Servicios', 22, 100, 0, 1, 10, 0, 0.00, 0, 0, NULL),
	(731, 0, 1951, 'RX-ARCO SIGOMATICO', 1, 0.00, 20.00, 'Otros servicios', 22, 99, 1, 2, 10, 0, 0.00, 0, 0, NULL),
	(732, 0, 1952, 'RX-CLAVICULA', 1, 0.00, 20.00, 'Otros servicios', 22, 88, 10, 2, 10, 0, 0.00, 0, 0, NULL),
	(733, 0, 1953, 'RX-COLUMNA CERVICAL', 1, 0.00, 29.00, 'Otros servicios', 22, 99, 1, 2, 10, 0, 0.00, 0, 0, NULL),
	(734, 0, 1954, 'RX-COLUMNA LUMBAR', 1, 0.00, 29.00, 'Otros servicios', 22, 100, 0, 2, 10, 0, 0.00, 0, 0, NULL),
	(735, 0, 1955, 'RX-SILLA TURCA', 1, 0.00, 24.00, 'Otros servicios', 22, 100, 0, 2, 10, 0, 0.00, 0, 0, NULL),
	(736, 0, 1956, 'RX-TOWS', 1, 0.00, 15.00, 'Otros servicios', 22, 100, 0, 2, 10, 0, 0.00, 0, 0, NULL),
	(738, 0, 1958, 'RX-ART.TEMPORO MANDIBULAR(ATM)', 1, 0.00, 34.00, 'Otros servicios', 22, 97, 3, 2, 10, 0, 0.00, 0, 0, NULL),
	(740, 0, 1960, 'RX-PELVIS', 1, 0.00, 24.00, 'Otros servicios', 22, 98, 1, 2, 10, 0, 0.00, 0, 0, NULL),
	(742, 0, 1962, 'RX-TORAX', 1, 0.00, 15.00, 'Otros servicios', 22, 96, 2, 2, 10, 0, 0.00, 0, 0, NULL),
	(745, 0, 1965, 'RX-ABDOMEN DE PIE', 1, 0.00, 31.00, 'Otros servicios', 22, 100, 0, 2, 10, 0, 0.00, 0, 0, NULL),
	(748, 0, 1968, 'RX-CISTOGRAMA', 1, 0.00, 77.00, 'Otros servicios', 22, 100, 0, 2, 10, 0, 0.00, 0, 0, NULL),
	(749, 0, 1969, 'RX-CISTOURETROGRAMA', 1, 0.00, 77.00, 'Otros servicios', 22, 100, 0, 2, 10, 0, 0.00, 0, 0, NULL),
	(751, 0, 1971, 'RX-COLANGIOGRAMA POR TUBO EN T', 1, 0.00, 54.00, 'Otros servicios', 22, 100, 0, 2, 10, 0, 0.00, 0, 0, NULL),
	(754, 0, 1974, 'RX-CRANEO', 1, 0.00, 32.00, 'Otros servicios', 22, 99, 0, 2, 10, 0, 0.00, 0, 0, NULL),
	(756, 0, 1976, 'RX-ENEMA BARITADO', 1, 0.00, 72.00, 'Otros servicios', 22, 100, 0, 2, 10, 0, 0.00, 0, 0, NULL),
	(759, 0, 1979, 'RX-ESOFOGOGRAMA', 1, 0.00, 47.00, 'Otros servicios', 22, 100, 0, 2, 10, 0, 0.00, 0, 0, NULL),
	(760, 0, 1980, 'RX-ESTERNON', 1, 0.00, 15.00, 'Otros servicios', 22, 100, 0, 2, 10, 0, 0.00, 0, 0, NULL),
	(761, 0, 1981, 'RX-FEMUR', 1, 0.00, 25.00, 'Otros servicios', 22, 100, 0, 2, 10, 0, 0.00, 0, 0, NULL),
	(763, 0, 1983, 'RX-FISTULOGRAMA', 1, 0.00, 55.00, 'Servicios', 22, 100, 0, 2, 10, 0, 0.00, 0, 0, NULL),
	(764, 0, 1984, 'RX-HISTEROSALPIGONGRAFIA', 1, 0.00, 150.00, 'Otros servicios', 22, 99, 1, 2, 10, 0, 0.00, 0, 0, NULL),
	(765, 0, 1985, 'HOSPITAL ORELLANA', 1, 0.00, 1.00, 'Otros servicios', 22, 97, 0, 0, 10, 0, 0.00, 0, 0, NULL),
	(768, 0, 1988, 'RX-MUÑECA', 1, 0.00, 20.00, 'Otros servicios', 22, 100, 0, 2, 10, 0, 0.00, 0, 0, NULL),
	(769, 0, 1989, 'RX-ORBITA', 1, 0.00, 27.00, 'Otros servicios', 22, 100, 0, 2, 10, 0, 0.00, 0, 0, NULL),
	(770, 0, 1990, 'RX-SERIE ABDOMINAL', 1, 0.00, 71.00, 'Otros servicios', 22, 100, 0, 2, 10, 0, 0.00, 0, 0, NULL),
	(772, 0, 1992, 'RX-PIELOGRAMA ENDOVENOSO', 1, 0.00, 52.00, 'Otros servicios', 22, 100, 0, 2, 10, 0, 0.00, 0, 0, NULL),
	(774, 0, 1994, 'RX-PIELOGRAMA POR INFUCION', 1, 0.00, 77.00, 'Otros servicios', 22, 100, 0, 2, 10, 0, 0.00, 0, 0, NULL),
	(776, 0, 1996, 'RX-PIELOGRAMA RETROGRADO', 1, 0.00, 58.00, 'Otros servicios', 22, 100, 0, 2, 10, 0, 0.00, 0, 0, NULL),
	(778, 0, 1998, 'RX-SENOS PARANASALES', 1, 0.00, 32.00, 'Otros servicios', 22, 100, 0, 2, 10, 0, 0.00, 0, 0, NULL),
	(779, 0, 1999, 'RX-SERIE CARDIACA', 1, 0.00, 70.00, 'Otros servicios', 22, 100, 0, 2, 10, 0, 0.00, 0, 0, NULL),
	(781, 0, 2001, 'RX-TIBIA PERONE', 1, 0.00, 25.00, 'Otros servicios', 22, 100, 0, 2, 10, 0, 0.00, 0, 0, NULL),
	(783, 0, 2003, 'RX-TORAX LARDOTICO', 1, 0.00, 25.00, 'Otros servicios', 22, 100, 0, 2, 10, 0, 0.00, 0, 0, NULL),
	(785, 0, 2005, 'RX-TRANSITO INTESTINAL', 1, 0.00, 64.00, 'Otros servicios', 22, 100, 0, 2, 10, 0, 0.00, 0, 0, NULL),
	(787, 0, 2007, 'RX-VENOGRAFIA', 1, 0.00, 70.00, 'Otros servicios', 22, 100, 0, 2, 10, 0, 0.00, 0, 0, NULL),
	(789, 0, 2009, 'RX-WATER', 1, 0.00, 15.00, 'Otros servicios', 22, 100, 0, 2, 10, 0, 0.00, 0, 0, NULL),
	(791, 0, 2011, 'RX-ABDOMEN SIMPLE', 1, 0.00, 25.00, 'Otros servicios', 22, 100, 0, 2, 10, 0, 0.00, 0, 0, NULL),
	(793, 0, 2013, 'RX-CAVUM', 1, 0.00, 15.00, 'Otros servicios', 22, 100, 0, 2, 10, 0, 0.00, 0, 0, NULL),
	(794, 0, 2014, 'RX-COSTILLA', 1, 0.00, 25.00, 'Otros servicios', 22, 100, 0, 2, 10, 0, 0.00, 0, 0, NULL),
	(796, 0, 2016, 'RX-EDAD OSEA', 1, 0.00, 25.00, 'Otros servicios', 22, 100, 0, 2, 10, 0, 0.00, 0, 0, NULL),
	(798, 0, 2018, 'RX-MASTOIDE', 1, 0.00, 45.00, 'Otros servicios', 22, 100, 0, 2, 10, 0, 0.00, 0, 0, NULL),
	(799, 0, 2019, 'RX-SACRO COXIS', 1, 0.00, 31.00, 'Otros servicios', 22, 100, 0, 2, 10, 0, 0.00, 0, 0, NULL),
	(800, 0, 2020, 'RX-SERIE OSEA', 1, 0.00, 45.00, 'Otros servicios', 22, 100, 0, 2, 10, 0, 0.00, 0, 0, NULL),
	(804, 0, 2024, 'RX-TORAX LATERAL', 1, 0.00, 15.00, 'Otros servicios', 22, 100, 0, 2, 10, 0, 0.00, 0, 0, NULL),
	(805, 0, 2025, 'RX-RODILLAS', 1, 0.00, 26.00, 'Otros servicios', 22, 100, 0, 2, 10, 0, 0.00, 0, 0, NULL),
	(806, 0, 2026, 'RX-AMBAS RODILLAS', 1, 0.00, 42.00, 'Otros servicios', 22, 100, 0, 2, 10, 0, 0.00, 0, 0, NULL),
	(808, 0, 2028, 'RX-ANTEBRAZO', 1, 0.00, 20.00, 'Otros servicios', 22, 97, 3, 2, 10, 0, 0.00, 0, 0, NULL),
	(811, 0, 2031, 'RX-CADERA', 1, 0.00, 17.00, 'Otros servicios', 22, 100, 0, 2, 10, 0, 0.00, 0, 0, NULL),
	(813, 0, 2033, 'RX-CALCANEO', 1, 0.00, 24.00, 'Otros servicios', 22, 100, 0, 2, 10, 0, 0.00, 0, 0, NULL),
	(816, 0, 2036, 'RX-CODO', 1, 0.00, 20.00, 'Otros servicios', 22, 100, 0, 2, 10, 0, 0.00, 0, 0, NULL),
	(818, 0, 2038, 'RX-COLUMNA CERVICAL + OBLICUAS', 1, 0.00, 42.00, 'Otros servicios', 22, 100, 0, 2, 10, 0, 0.00, 0, 0, NULL),
	(819, 0, 2039, 'RX-HOSPITAL ORELLANA', 1, 0.00, 0.00, 'Otros servicios', 22, 86, 7, 2, 10, 0, 0.00, 0, 0, NULL),
	(821, 0, 2041, 'RX-COLUMNA LUMBAR + OBLICUAS', 1, 0.00, 42.00, 'Otros servicios', 22, 100, 0, 2, 10, 0, 0.00, 0, 0, NULL),
	(823, 0, 2043, 'RX-COLUMNA TORACICA', 1, 0.00, 28.57, 'Otros servicios', 22, 100, 0, 2, 10, 0, 0.00, 0, 0, NULL),
	(829, 0, 2049, 'RX-HOMBRO', 1, 0.00, 22.00, 'Otros servicios', 22, 100, 0, 2, 10, 0, 0.00, 0, 0, NULL),
	(831, 0, 2051, 'RX-HUESOS NASALES', 1, 0.00, 26.00, 'Otros servicios', 22, 100, 0, 2, 10, 0, 0.00, 0, 0, NULL),
	(833, 0, 2053, 'RX-HUMERO', 1, 0.00, 24.00, 'Otros servicios', 22, 100, 0, 2, 10, 0, 0.00, 0, 0, NULL),
	(834, 0, 2054, 'RX-MANDIBULA', 1, 0.00, 28.00, 'Otros servicios', 22, 100, 0, 2, 10, 0, 0.00, 0, 0, NULL),
	(836, 0, 2056, 'RX-MANO', 1, 0.00, 20.00, 'Otros servicios', 22, 100, 0, 2, 10, 0, 0.00, 0, 0, NULL),
	(838, 0, 2058, 'RX-TORAX COSTAL', 1, 0.00, 25.00, 'Otros servicios', 22, 100, 0, 2, 10, 0, 0.00, 0, 0, NULL),
	(840, 0, 2060, 'RX-PIE', 1, 0.00, 24.00, 'Otros servicios', 22, 100, 0, 2, 10, 0, 0.00, 0, 0, NULL),
	(846, 0, 2066, 'RX-TORAX PA/AP', 1, 0.00, 15.00, 'Otros servicios', 22, 100, 0, 2, 10, 0, 0.00, 0, 0, NULL),
	(847, 0, 2067, 'RX-TOBILLO', 1, 0.00, 25.00, 'Otros servicios', 22, 100, 0, 2, 10, 0, 0.00, 0, 0, NULL),
	(848, 0, 2068, 'RX-TORAL LATERAL-HOSP', 1, 0.00, 24.28, 'Otros servicios', 22, 100, 0, 2, 10, 0, 0.00, 0, 0, NULL),
	(850, 0, 2070, 'ULTRASONIDO DE MUSCULO ESQUELETICO', 1, 25.00, 25.00, 'Otros servicios', 22, 95, 5, 3, 10, 0, 0.00, 0, 0, NULL),
	(851, 0, 2071, 'DOPPLER POR MIEMBRO', 1, 65.00, 65.00, 'Otros servicios', 22, 99, 1, 3, 10, 0, 0.00, 0, 0, NULL),
	(852, 0, 2072, 'DOPPLER POR MIEMBRO FUERA DE HORARIO NORMAL', 1, 80.00, 80.00, 'Otros servicios', 22, 100, 0, 3, 10, 0, 0.00, 0, 0, NULL),
	(853, 0, 2073, 'ULTRASONIDO DE MUSCULO ESQUELETICO EN HORA NO HABIL', 1, 38.00, 38.00, 'Otros servicios', 22, 99, 1, 3, 10, 0, 0.00, 0, 0, NULL),
	(854, 0, 2074, 'ULTRASONOGRAFIA POR REGION', 1, 23.00, 23.00, 'Otros servicios', 22, 94, 5, 3, 10, 0, 0.00, 0, 0, NULL),
	(855, 0, 2075, 'ULTRASONOGRAFIA POR REGION FUERA DE HORARIO NORMAL', 1, 35.00, 35.00, 'Otros servicios', 22, 97, 3, 3, 10, 0, 0.00, 0, 0, NULL),
	(856, 0, 1957, 'LAB. HOSPITAL ORELLANA', 1, 0.00, 0.00, 'Servicios', 22, 91, -7, 1, 10, 0, 0.00, 0, 0, NULL),
	(857, 0, 2076, 'DIMERO D', 1, 0.00, 50.00, 'Servicios', 22, 100, 0, 1, 10, 0, 0.00, 0, 0, NULL),
	(858, 0, 2077, 'TIEMPO DE PROTOMBINA', 1, 0.00, 8.00, 'Servicios', 22, 100, 0, 1, 10, 0, 0.00, 0, 0, NULL),
	(859, 0, 2078, 'TIEMPO DE TROMBOPLASTINA PARCIAL', 1, 0.00, 8.00, 'Servicios', 22, 100, 0, 1, 10, 0, 0.00, 0, 0, NULL),
	(860, 0, 2079, 'TIEMPO DE TROMBINA', 1, 0.00, 8.00, 'Servicios', 22, 100, 0, 1, 10, 0, 0.00, 0, 0, NULL),
	(861, 0, 2080, 'DU', 1, 0.00, 4.00, 'Servicios', 22, 99, 1, 1, 10, 0, 0.00, 0, 0, NULL),
	(862, 0, 2081, 'PRUEBA CRUZADA', 1, 0.00, 10.00, 'Servicios', 22, 100, 0, 1, 10, 0, 0.00, 0, 0, NULL),
	(863, 0, 2082, 'PRUEBA RAPIDA PARA SIFILIS', 1, 0.00, 8.00, 'Servicios', 22, 100, 0, 1, 10, 0, 0.00, 0, 0, NULL),
	(864, 0, 2083, 'ANTICUERPOS PARA CHAGAS', 1, 0.00, 15.00, 'Servicios', 22, 100, 0, 1, 10, 0, 0.00, 0, 0, NULL),
	(865, 0, 2084, 'TOXOPLASMOSIS IGG IGM', 1, 0.00, 30.00, 'Servicios', 22, 100, 0, 1, 10, 0, 0.00, 0, 0, NULL),
	(866, 0, 2085, 'HELICOBACTER PYLORI EN SANGRE', 1, 0.00, 15.00, 'Servicios', 22, 99, 1, 1, 10, 0, 0.00, 0, 0, NULL),
	(867, 0, 2086, 'HELICOBACTER PYLORI EN HECES', 1, 0.00, 15.00, 'Servicios', 22, 100, 0, 1, 10, 0, 0.00, 0, 0, NULL),
	(868, 0, 2087, 'T3 TOTAL', 1, 0.00, 12.00, 'Servicios', 22, 100, 0, 1, 10, 0, 0.00, 0, 0, NULL),
	(869, 0, 2088, 'T4 TOTAL', 1, 0.00, 12.00, 'Servicios', 22, 100, 0, 1, 10, 0, 0.00, 0, 0, NULL),
	(870, 0, 2089, 'T3 LIBRE', 1, 0.00, 16.00, 'Servicios', 22, 100, 0, 1, 10, 0, 0.00, 0, 0, NULL),
	(871, 0, 2090, 'T4 LIBRE', 1, 0.00, 16.00, 'Servicios', 22, 100, 0, 1, 10, 0, 0.00, 0, 0, NULL),
	(872, 0, 2091, 'TSH LIBRE', 1, 0.00, 12.00, 'Servicios', 22, 100, 0, 1, 10, 0, 0.00, 0, 0, NULL),
	(873, 0, 2092, 'FSH', 1, 0.00, 30.00, 'Servicios', 22, 100, 0, 1, 10, 0, 0.00, 0, 0, NULL),
	(874, 0, 2093, 'PROLACTINA', 1, 0.00, 60.00, 'Servicios', 22, 100, 0, 1, 10, 0, 0.00, 0, 0, NULL),
	(875, 0, 2094, 'TESTOSTERONA', 1, 0.00, 60.00, 'Servicios', 22, 100, 0, 1, 10, 0, 0.00, 0, 0, NULL),
	(876, 0, 2095, 'ALFA-FETO PROTEINA', 1, 0.00, 45.00, 'Servicios', 22, 100, 0, 1, 10, 0, 0.00, 0, 0, NULL),
	(877, 0, 2096, 'AG CARCINOEMBRIONARIO', 1, 0.00, 56.00, 'Servicios', 22, 100, 0, 1, 10, 0, 0.00, 0, 0, NULL),
	(878, 0, 2097, 'CA 125', 1, 0.00, 56.00, 'Servicios', 22, 100, 0, 1, 10, 0, 0.00, 0, 0, NULL),
	(879, 0, 2098, 'CULTIVO DE SECRESION URETRAL', 1, 0.00, 10.00, 'Servicios', 22, 100, 0, 1, 10, 0, 0.00, 0, 0, NULL),
	(880, 0, 2099, 'CULTIVO DE SECRECIONES', 1, 0.00, 10.00, 'Servicios', 22, 100, 0, 1, 10, 0, 0.00, 0, 0, NULL),
	(881, 0, 3000, 'DIRECTO DE SECRECION VAGINAL', 1, 0.00, 7.00, 'Servicios', 22, 99, 1, 1, 10, 0, 0.00, 0, 0, NULL),
	(882, 0, 3001, 'DIRECTO DE SECRECION URETRAL', 1, 0.00, 7.00, 'Servicios', 22, 100, 0, 1, 10, 0, 0.00, 0, 0, NULL),
	(883, 0, 3002, 'ALBUMINA EN ORINA AL AZAR', 1, 0.00, 8.00, 'Servicios', 22, 99, 1, 1, 10, 0, 0.00, 0, 0, NULL),
	(884, 0, 3003, 'GLUCOSA EN ORINA AL AZAR', 1, 0.00, 8.00, 'Servicios', 22, 99, 1, 1, 10, 0, 0.00, 0, 0, NULL),
	(885, 0, 3004, 'CELULAS EN HELECHOS', 1, 0.00, 10.00, 'Servicios', 22, 100, 0, 1, 10, 0, 0.00, 0, 0, NULL),
	(886, 0, 3005, 'SOLUCION SALINA DE 250 ML', 1, 0.00, 4.50, 'Medicamentos', 16, 100, 0, 0, 10, 0, 0.00, 0, 0, NULL),
	(887, 0, 3006, 'SOLUCION SALINA DE 1000 ML', 1, 0.00, 7.50, 'Medicamentos', 16, 99, 1, 0, 10, 0, 0.00, 0, 0, NULL),
	(888, 0, 3007, 'VIMPICIL . AMPICILINA', 1, 0.63, 0.72, 'Medicamentos', 6, 999, -213, 0, 0, 0, 0.00, 0, 0, NULL),
	(889, 0, 3008, 'Antígeno COVID-19 (SARS - CoV-2)(Hisopado nasal)', 1, 20.00, 35.00, 'Servicios', 22, 100, 0, 1, 10, 0, 0.00, 0, 0, NULL),
	(956, 0, 3009, 'CATETER MAHURKAR PARA HEMODIALISIS', 1, 16.00, 0.00, 'Materiales médicos', 27, 5, 0, 0, 0, 0, 0.00, 0, 0, NULL),
	(957, 0, 3010, 'PERFIL SALUDABLE PROM.', 1, 0.00, 19.95, 'Servicios', 22, 999, 1, 1, 10, 0, 0.00, 0, 0, NULL),
	(958, 0, 3011, 'PERFIL SANO PROM.', 1, 0.00, 9.99, 'Servicios', 22, 999, 1, 1, 10, 0, 0.00, 0, 0, NULL),
	(959, 0, 3012, 'FACTOR REUMATOIDEO', 1, 0.00, 10.00, 'Servicios', 22, 1000, 1, 1, 10, 0, 10.00, 0, 0, NULL),
	(960, 0, 3013, 'INR', 1, 0.00, 10.00, 'Servicios', 22, 1000, 1, 1, 10, 0, 10.00, 0, 0, NULL),
	(961, 0, 3014, 'ELECTROLITOS (SODIO, POTASIO, CLORO)', 1, 0.00, 0.00, 'Servicios', 22, 0, 1, 1, 10, 1, 0.00, 0, 0, NULL),
	(962, 0, 3015, 'TSH TOTAL', 1, 0.00, 0.00, 'Servicios', 22, 0, 1, 1, 10, 0, 0.00, 0, 0, NULL),
	(963, 0, 3016, 'GASES ARTERIALES', 1, 0.00, 50.00, 'Servicios', 22, 1000, 1, 1, 10, 0, 60.00, 0, 0, NULL),
	(964, 0, 3017, 'N/A', 1, 0.00, 0.00, 'Servicios', 22, 1000, 1, 1, 10, 1, 0.00, 0, 0, NULL),
	(965, 0, 3018, 'TEST O\'SULLIVAN (50g DE DEXTROSA)', 1, 0.00, 20.00, 'Servicios', 22, 1000, 1, 1, 10, 0, 20.00, 0, 0, NULL),
	(966, 0, 3019, 'TSH ULTRASENSIBLE', 1, 0.00, 15.00, 'Servicio', 22, 1000, 0, 1, 10, 0, 16.00, 0, 0, NULL),
	(967, 0, 3020, 'ANALGAN 90 MG/2 ML', 2, 0.00, 5.00, 'Medicamentos', 2, 0, 0, 0, 0, 0, 5.00, 0, 0, NULL),
	(968, 0, 3021, 'Teest', 1, 0.00, 15.25, 'Medicamentos', 2, 0, 0, 0, 0, 0, 15.25, 0, 0, NULL);

-- Volcando estructura para tabla db_hospital_orellana.tbl_medicos
CREATE TABLE IF NOT EXISTS `tbl_medicos` (
  `idMedico` int(11) NOT NULL AUTO_INCREMENT,
  `nombreMedico` varchar(50) NOT NULL,
  `especialidadMedico` varchar(150) NOT NULL,
  `telefonoMedico` varchar(10) NOT NULL,
  `direccionMedico` text NOT NULL,
  PRIMARY KEY (`idMedico`)
) ENGINE=InnoDB AUTO_INCREMENT=124 DEFAULT CHARSET=utf8 COLLATE=utf8_spanish_ci;

-- Volcando datos para la tabla db_hospital_orellana.tbl_medicos: ~123 rows (aproximadamente)
INSERT INTO `tbl_medicos` (`idMedico`, `nombreMedico`, `especialidadMedico`, `telefonoMedico`, `direccionMedico`) VALUES
	(1, 'Dr. Carlos Roberto Vidaurre Flores', 'Pediatra', '2662-2909', '6° Calle Oriente N° 13, Frente A Clinica Orellana, Usulután'),
	(2, 'Dr. Luis Gerardo Bernabel Cañas', 'Cirujano Urologo', '2624-7205', 'Calle Federico Penado, 7° Avenida Norte, Barrio La Merced, Usulután'),
	(3, 'Dr. Carlos Zepeda Fuentes', 'Ginecologo', '2262-0330', '6° Calle Poniente Y Avenida Napoleon Flores Huezo, Usulután'),
	(4, 'Dr. Jorge Nelson Santos Pineda', 'Ortopeda', '2624-1724', 'Calle Dr. Federico Penado N° 38,  Usulután'),
	(5, 'Dr. Luis Alfredo Quintanilla Morales', 'Cirujano', '0000-0000', 'Usulután'),
	(6, 'Dr. Walter Enrique Mitjavila', 'Pediatra', '0000-0000', 'Usulután'),
	(7, 'Dra. Veronica Esmeralda Amaya Jurado', 'Medico Internista', '7140-4168', '6° Avenida Sur, Usulután'),
	(8, 'Dr. Marlon Ivan Rivera Navas', 'Neumologo', '0000-0000', 'Usulután'),
	(9, 'Dr. Erick Prado', 'Nefrologo', '0000-0000', 'Usulután'),
	(10, 'Dr. Jorge Alexander Prado Romero', 'Nefrologo', '0000-0000', 'Usulután'),
	(11, 'Dr. Noe Hamilton Zelaya Belloso', 'Cirujano', '2624-2526', '6° Avenida Sur, Barrio El Calvario N° 9, Usulután'),
	(12, 'Dr. Ricardo Antonio Reyes', 'Medico Cirujano', '2662-1540', '1° Avenida Norte, Barrio La Merced, N6, Usulután'),
	(13, 'Dr. Nelson Edgar Orellana', '-', '0000-0000', 'Usulután'),
	(14, 'Dr. Richarson Parada', 'Pediatra', '0000-0000', 'Usulután'),
	(15, 'Dr. Hector Antonio Perez', 'Neurologo', '0000-0000', 'Usulután'),
	(16, 'Dr. Marcelo Orlando Jandres Jandres', 'Ginecologo', '0', 'Pasaje C. Colonia Masferrer, # 18 Usulután'),
	(17, 'Dra. Grisela Azucena Martinez Rivera', 'Medico Cirujano', '2624-0326', '6° Calle Oriente, # 15, Frente A Clinica Orellana, Usulután'),
	(18, 'Dra. Anabell De Vidaurre', 'Medicina Géneral', '0000-0000', 'Usulután'),
	(19, 'Dra. Veronica Rodriguez De Garcia', '-', '0000-0000', 'Usulután'),
	(20, 'Dr. Fidel Alfredo Sandoval Paniagua', 'Nefrologo', '0', 'Calle Penado # 44, Usulután'),
	(21, 'Dr. Denis Asael Cocar Santos', '-', '0000-0000', 'Usulután'),
	(22, 'Dr. Ricardo Antonio Caminos Ferrufino', 'Cardiólogo', '7437-8873', 'Usulutan'),
	(23, 'Dra. Mirta Cecilia Flores de Caminos', 'Cardiólogo', '7447-6992', 'Usulutan'),
	(24, 'Dr. Denis Calero', '-', '0000-0000', 'Usulután'),
	(25, 'Dr. Juan Francisco Lainez Flores', 'Cirujano General', '2624-8845', 'Calle Dr. Federico Penado, Barrio Candelaria # 4, Usulután'),
	(26, 'Dr. Lina Gertrudis Garcia De Quele', 'Medico Internista', '0', 'Pasaje E, Centro Urbano Alberto Masferrer, Casa # 35, Usulután'),
	(27, 'Dr. Ramon Quintanilla', 'Ginecologo', '0000-0000', 'Usulután'),
	(28, 'Dra. Maritza Arely Ayala Vargas', 'Medico General', '0', '2° Calle Ori°te Y 4° Avenida Norte, El Transito, Usulután'),
	(29, 'Dra. Martha Idalia Magarin', 'Nefrologa', '0000-0000', 'Usulután'),
	(30, 'Dra. Diniri De Leon', '-', '0000-0000', 'Usulután'),
	(31, 'Dra. Alba Luz Guzman De Navas', 'Ginecologa', '2624-7657', '4° Calle Oriente, # 14 Centro Comercial San Antonio, Usulután'),
	(32, 'Dra. Sandra Orellana del Cid', 'Ginecologa', '0000-0000', 'Usulután'),
	(33, 'Dr. Manuel Antonio Alvarado Villeda', 'Internista', '2662-1837', '2° Calle Oriente, N° 1 Contiguo A Bancomi, Usulután'),
	(34, 'Dr. Manuel Gamero', '-', '0000-0000', 'Usulután'),
	(35, 'Dr. Roberto Castillo', 'Medico General', '0000-0000', 'Usulután'),
	(36, 'Dr. Javier  Hernandez Rubio', '-', '0000-0000', 'Usulután'),
	(37, 'Dr. Joel Alejo Romero Lopez', '-', '0000-0000', 'Usulután'),
	(38, 'Dra. Claudia Rivas', 'Medico General', '0000-0000', 'Usulután'),
	(39, 'Dr. Jose Adalberto Sanchez Diaz', 'Ginecologo', '0000-0000', 'Usulután'),
	(40, 'Dr. Jose Adalberto Orellana Lizama', 'Cirujano', '0', '7° Avenida Norte N° 7, Barrio La Merced, Usulután'),
	(41, 'Dr. Luis Ernesto Campos Vasquez', 'Ginecologo', '0', '6° Calle Poniente N° 706, Barrio San Felipe, San Miguel'),
	(42, 'Dr. Carlos Mario Garcia', 'Cirujano', '0000-0000', '2 Avenida Norte, Barrio La Parroquia'),
	(43, 'Dr. Pedro Antonio Castillo Perdomo', 'Cirujano', '2624-5216', '4° Calle Oriente N°13, Barrio La Parroquia, Usulután'),
	(44, 'Dr. Nestor Antonio Reyes', 'Medico General', '0000-0000', 'Usulután'),
	(45, 'Dr. Luis Alonso Guzman', 'Ortopeda', '0000-0000', 'Usulután'),
	(46, 'Dr. Lopez Bermudez', 'Oftalmologo', '0000-0000', 'Usulután'),
	(47, 'Dr. Juan Carlos Reyes Vargas', 'Pediatra', '0000-0000', 'Usulután'),
	(48, 'Dr. Jose Ovidio Rodriguez Morataya', 'Ortopedia', '0000-0000', 'Usulután'),
	(49, 'Dra. Raquel Esmeralda Cruz', 'Gastroenterologa', '0000-0000', 'Usulután'),
	(50, 'Dr. Francisco Eduardo Villega Torres', 'Medico General', '0000-0000', 'Usulután'),
	(51, 'Dr. Miguel Angel Amaya', 'Internista', '0000-0000', 'Usulután'),
	(52, 'Dra. Maria Del Carmen Carranza', '-', '0000-0000', 'Usulután'),
	(53, 'Dr. Rene Alexander Alas Coreas', '-', '0000-0000', 'Usulután'),
	(54, 'Dra. Roxana Vanesa Andrade De Sandoval', 'Neumologa', '0000-0000', 'Usulután'),
	(55, 'Dr. Ramon Rigoberto Cruz Cruz', 'Medicina General', '0000-0000', 'Usulután'),
	(56, 'Dr. Jose Orlando Vallecillos Colato', 'Ginecologo', '0000-0000', 'Usulután'),
	(57, 'Dr. Juan Jose Portillo Larin', 'Medico General', '0000-0000', 'Usulután'),
	(58, 'Dr. Marvin Loza', 'Medicina', '0000-0000', 'Usulután'),
	(59, 'Dr. Oscar Martinez', 'Medicina', '0000-0000', 'Usulután'),
	(60, 'Dr. Odir Martinez', 'Medico General', '0000-0000', 'Usulután'),
	(61, 'Dr. Edwin Vitelio Fuentes', 'Medicina general', '7190-3452', 'Santiago de Maria, Usulutan'),
	(62, 'Dr. Ricardo Torres', '-', '0000-0000', 'Usulután'),
	(63, 'Dr. Neftali Mijango', '-', '0000-0000', 'Usulután'),
	(64, 'Dr. Carlos Elias Portillo Lazo', '-', '0000-0000', 'Usulután'),
	(65, 'Dr. Wilber Argueta', '-', '0000-0000', 'Usulután'),
	(66, 'Dra. Astrid Perdomo', '-', '0000-0000', 'Usulután'),
	(67, 'Dra. Dina Zavala', '-', '0000-0000', 'Usulután'),
	(68, 'Dra. Lea Contreras', '-', '0000-0000', 'Usulután'),
	(69, 'Dra. Isabel Trujillo', '-', '0000-0000', 'Usulután'),
	(70, 'Dra. Roxana Jimenez', '-', '0000-0000', 'Dra. Sandra Orellana'),
	(71, 'Dra. Silvia Rodriguez de Rivera', 'Pediatra', '0000-0000', 'Usulután'),
	(72, 'Dr. Joaquin Guerrero', '-', '0000-0000', 'Usulután'),
	(73, 'Dr. Eliseo Mendez', '-', '0000-0000', 'Usulután'),
	(74, 'Dr. Gilberto Castillo', '-', '0000-0000', 'Usulután'),
	(75, 'Dr. Jorge Alberto Fernandez', '-', '0000-0000', 'Usulután'),
	(76, 'Dr. Jorge Ernesto Molina Martinez', '-', '0000-0000', 'Usulután'),
	(77, 'Dr. Miguel Manzano', '-', '0000-0000', 'Usulután'),
	(78, 'Dr. Mauricio Bermudez', '-', '0000-0000', 'Usulután'),
	(79, 'Dr. Ricardo Antonio Gonzales Yanes', '-', '0000-0000', 'Usulután'),
	(80, 'Dr. Edwin Amaya', '-', '0000-0000', 'Usulután'),
	(81, 'Dr. Ruben Ernesto Jovel', '-', '0000-0000', 'Usulután'),
	(82, 'Dr. Adilson Zelaya', '-', '0000-0000', 'Usulután'),
	(83, 'Dr. Dimas Zelaya', '-', '0000-0000', 'Usulután'),
	(84, 'Dr. Cesar Antonio Galdamez', '-', '0000-0000', 'Usulután'),
	(85, 'Dr. Josue Iraheta', '-', '0000-0000', 'Usulután'),
	(86, 'Dr. Manuel Rivera', 'Ginecologo', '0000-0000', 'Usulután'),
	(87, 'Dr. Josue Abraham Gonzalez Luna', '-', '0000-0000', 'Usulután'),
	(88, 'Dr. Mario Zelaya', '-', '0000-0000', 'Usulután'),
	(89, 'Dr. Danilo Aparicio', '-', '0000-0000', 'Usulután'),
	(90, 'Dra. Ena Cecilia Zepeda', '-', '0000-0000', 'Usulután'),
	(91, 'Dr. Robert Antonio Rivera B.', '-', '0000-0000', 'Usulután'),
	(92, 'Dr. Cristian Cruz', '-', '0000-0000', 'Usulután'),
	(93, 'Dr. Victor Manuel Cardona', '-', '0000-0000', 'Usulután'),
	(94, 'Dra. Silvia Carolina Navas Medrano', 'Ginecologa', '0000-0000', 'Usulután'),
	(95, 'Dr. Daniel Stanley Sanchez Flores', 'Medicina Géneral', '0000-0000', 'Usulután'),
	(96, 'Dr. Cecilio Martinez', 'Medicina Géneral', '0000-0000', 'Usulután'),
	(97, 'Dr. Raul Antonio Rodriguez', 'Medicina Géneral', '0000-0000', '3° Avenida Norte Final 3° Calle Oriente Frente a Juzgado, Santa Maria, Usulután'),
	(98, 'Dr. Lazaro Avilio Martinez Ramirez', 'Ginecologo', '0000-0000', 'Usulután'),
	(99, 'Dra. Dalila Azucena Turcios de Castillo', 'Medicina Géneral', '0000-0000', 'Usulután'),
	(100, 'Dr. Oscar Armando Martinez Valles', 'Medicina Géneral', '0000-0000', 'Usulután'),
	(101, 'Dr. Elias de Jesus Contreras', 'Ortopeda', '0000-0000', 'Usulután'),
	(102, 'Dr. Kerin Ramos', 'Ginecologo', '0000-0000', 'Usulután'),
	(103, 'Dr. Julio Adalberio Reyes Alvarez', 'Medicina Géneral', '0000-0000', 'Usulután'),
	(104, 'Dra. Ana Luisa Sosa Alvarenga', 'Medicina Géneral', '0000-0000', 'Usulután'),
	(105, 'Dr. Carlos Ernesto Trejo', 'Pediatra', '0000-0000', 'Usulután'),
	(106, 'Dra. Lucia Duanes', '-', '0000-0000', 'Usulután'),
	(107, 'Dr. Carlos Eduardo Muñoz Marquez', '-', '0000-0000', 'Usulután'),
	(108, 'Dra. Roxana Ramos', '-', '0000-0000', 'Usulután'),
	(109, 'Dra. Marcela de Jesus Carranza Parada', '-', '0000-0000', 'Usulután'),
	(110, 'Dr. Manuel Alberto Lopez', '-', '0000-0000', 'Usulután'),
	(111, 'Dr. Julio Olaf Carrillo Sanchez', '-', '0000-0000', 'Usulután'),
	(112, 'Dr. Luis Mora', 'Cirujano', '0000-0000', 'Usulután'),
	(113, 'Dra. Nancy Alonso', 'Medicina Géneral', '0000-0000', 'Usulután'),
	(114, 'Dra. Gabriela Handal', '-', '0000-0000', 'Usulután'),
	(115, 'Dra. Ana Deras', 'Medicina Géneral', '0000-0000', 'Usulután'),
	(116, 'Dr. Cesar Gomez Villanueva', '-', '0000-0000', 'Usulután'),
	(117, 'Dr. Cesar Federico Gomez', '-', '0000-0000', 'Usulután'),
	(118, 'Dra. Silvia Sosa', '-', '0000-0000', 'Usulután'),
	(119, 'Dr. Elmer Martinez', '-', '0000-0000', 'Usulután'),
	(120, 'Dra. Karla Maria Guzman', '-', '0000-0000', 'Usulután'),
	(121, 'Dra. Auristela Rodriguez Hernandez', '-', '0000-0000', 'Usulután'),
	(122, 'Dr. Erick Dagoberto Cruz Gonzales', '-', '0000-0000', 'Usulután'),
	(123, 'Srta. Gladis Rodriguez', 'Enfermera', '0000-0000', 'Usulutan');

-- Volcando estructura para tabla db_hospital_orellana.tbl_menu
CREATE TABLE IF NOT EXISTS `tbl_menu` (
  `idMenu` int(11) NOT NULL AUTO_INCREMENT,
  `nombreMenu` varchar(25) NOT NULL,
  `htmlMenu` text NOT NULL,
  `fechaMenu` timestamp NOT NULL DEFAULT current_timestamp(),
  PRIMARY KEY (`idMenu`)
) ENGINE=InnoDB AUTO_INCREMENT=29 DEFAULT CHARSET=utf8 COLLATE=utf8_spanish_ci;

-- Volcando datos para la tabla db_hospital_orellana.tbl_menu: ~27 rows (aproximadamente)
INSERT INTO `tbl_menu` (`idMenu`, `nombreMenu`, `htmlMenu`, `fechaMenu`) VALUES
	(1, 'Pacientes', '<li class="menu-item">\r\n                    <a href="#" class="has-chevron" data-toggle="collapse" data-target="#patient" aria-expanded="false"\r\n                        aria-controls="patient">\r\n                        <span><i class="fas fa-user"></i>Pacientes</span>\r\n                    </a>\r\n                    <ul id="patient" class="collapse" aria-labelledby="patient" data-parent="#side-nav-accordion">\r\n                        <li> <a href="<?php echo base_url(); ?>Paciente/agregar_pacientes">Agregar paciente</a> </li>\r\n                        <li> <a href="<?php echo base_url(); ?>Paciente/lista_pacientes">Lista pacientes</a> </li>\r\n                    </ul>\r\n                </li>', '2021-04-29 20:00:15'),
	(2, 'Hoja de cobro', '<li class="menu-item">\r\n    <a href="#" class="has-chevron" data-toggle="collapse" data-target="#hojaCobro" aria-expanded="false"\r\n        aria-controls="hojaCobro">\r\n        <span><i class="fa fa-file"></i>Hoja de cobro</span>\r\n    </a>\r\n    <ul id="hojaCobro" class="collapse" aria-labelledby="hojaCobro" data-parent="#side-nav-accordion">\r\n        <li> <a href="<?php echo base_url(); ?>Hoja/">Agregar Hoja</a> </li>\r\n        <li> <a href="<?php echo base_url(); ?>Hoja/lista_hojas">Listado de Hojas</a> </li>\r\n        <li> <a href="<?php echo base_url(); ?>Hoja/lista_paquetes">Paquetes</a> </li>\r\n        <li> <a href="<?php echo base_url(); ?>ServiciosExternos/">Servicios Externos</a> </li>\r\n        <li> <a href="<?php echo base_url(); ?>Proveedor/">Proveedores</a> </li>\r\n        <li> <a href="<?php echo base_url(); ?>Hoja/historial_hojas">Historial de Hojas</a> </li>\r\n    </ul>\r\n</li>', '2021-04-29 20:00:15'),
	(3, 'Botiquin', '<li class="menu-item">\r\n                    <a href="#" class="has-chevron" data-toggle="collapse" data-target="#botiquin" aria-expanded="false"\r\n                        aria-controls="botiquin">\r\n                        <span><i class="fa fa-thermometer"></i>Botiquin</span>\r\n                    </a>\r\n                    <ul id="botiquin" class="collapse" aria-labelledby="botiquin" data-parent="#side-nav-accordion">\r\n                        <li> <a href="<?php echo base_url(); ?>Botiquin/">Medicamentos</a> </li>\r\n                        <li> <a href="<?php echo base_url(); ?>Botiquin/agregar_medicamento">Agregar compra</a> </li>\r\n                        <li> <a href="<?php echo base_url(); ?>Botiquin/historial_compras">Historial compras</a> </li>\r\n                        <li> <a href="<?php echo base_url(); ?>Botiquin/kardex">Movimientos</a> </li>\r\n                    </ul>\r\n                </li>', '2021-04-29 20:00:43'),
	(4, 'Cotización', '<li class="menu-item">\r\n                    <a href="#" class="has-chevron" data-toggle="collapse" data-target="#cotizacion" aria-expanded="false"\r\n                        aria-controls="cotizacion">\r\n                        <span><i class="fa fa-file"></i>Cotización</span>\r\n                    </a>\r\n                    <ul id="cotizacion" class="collapse" aria-labelledby="cotizacion" data-parent="#side-nav-accordion">\r\n                        <li> <a href="<?php echo base_url(); ?>Hoja/presupuesto">Crear cotización</a> </li>\r\n                        <li> <a href="<?php echo base_url(); ?>Hoja/lista_presupuestos">Listado de cotizaciones</a> </li>\r\n                    </ul>\r\n                </li>', '2021-04-29 22:20:37'),
	(5, 'Gastos', '<li class="menu-item">\r\n                    <a href="#" class="has-chevron" data-toggle="collapse" data-target="#gastos" aria-expanded="false"\r\n                        aria-controls="gastos">\r\n                        <span><i class="fa fa-tasks"></i>Gastos</span>\r\n                    </a>\r\n                    <ul id="gastos" class="collapse" aria-labelledby="gastos" data-parent="#side-nav-accordion">\r\n                        <li> <a href="<?php echo base_url(); ?>Gastos/">Cuentas</a> </li>\r\n                        <li> <a href="<?php echo base_url(); ?>Gastos/control_gastos">Control de gastos</a> </li>\r\n                    </ul>\r\n                </li>', '2021-04-30 18:20:44'),
	(6, 'Médicos', '<li class="menu-item">\r\n                    <a href="#" class="has-chevron" data-toggle="collapse" data-target="#doctor" aria-expanded="false"\r\n                        aria-controls="doctor">\r\n                        <span><i class="fas fa-stethoscope"></i>Médico</span>\r\n                    </a>\r\n                    <ul id="doctor" class="collapse" aria-labelledby="doctor" data-parent="#side-nav-accordion">\r\n                        <li> <a href="<?php echo base_url(); ?>Medico/">Lista médicos</a> </li>\r\n                    </ul>\r\n                </li>', '2021-04-30 18:20:44'),
	(7, 'Empleados', '<li class="menu-item">\r\n                    <a href="#" class="has-chevron" data-toggle="collapse" data-target="#empleados" aria-expanded="false"\r\n                        aria-controls="empleados">\r\n                        <span><i class="fas fa-users"></i>Empleados</span>\r\n                    </a>\r\n                    <ul id="empleados" class="collapse" aria-labelledby="empleados" data-parent="#side-nav-accordion">\r\n                        <li> <a href="<?php echo base_url(); ?>Empleado/">Agregar empleado</a> </li>\r\n                        <li> <a href="<?php echo base_url(); ?>Empleado/lista_empleados">Lista empleados</a> </li>\r\n                        <li> <a href="<?php echo base_url(); ?>Empleado/vacaciones_empleados">Cumpleañeros</a> </li>\r\n                        <li> <a href="<?php echo base_url(); ?>Empleado/cargos_empleados">Cargos</a> </li>\r\n                    </ul>\r\n                </li>', '2021-04-30 18:20:44'),
	(8, 'Habitaciones', '<li class="menu-item">\r\n    <a href="#" class="has-chevron" data-toggle="collapse" data-target="#habitacion" aria-expanded="false"\r\n        aria-controls="habitacion">\r\n        <span><i class="fas fa-hospital"></i>Habitaciones</span>\r\n    </a>\r\n    <ul id="habitacion" class="collapse" aria-labelledby="habitacion" data-parent="#side-nav-accordion">\r\n        <li> <a href="<?php echo base_url(); ?>Paciente/esquema_habitaciones">Esquema de habitaciones</a></li>\r\n        <li> <a href="<?php echo base_url(); ?>Paciente/senso_diario">Senso diario</a></li>\r\n    </ul>\r\n</li>', '2021-04-30 18:20:44'),
	(9, 'Reportes', '<li class="menu-item">\r\n    <a href="#" class="has-chevron" data-toggle="collapse" data-target="#reportes" aria-expanded="false"\r\n        aria-controls="reportes">\r\n        <span><i class="fas fa-file-invoice-dollar"></i>Reportes</span>\r\n    </a>\r\n    <ul id="reportes" class="collapse" aria-labelledby="reportes" data-parent="#side-nav-accordion">\r\n        <li> <a href="<?php echo base_url(); ?>Reportes/liquidacion_caja">Liquidación de caja</a> </li>\r\n        <li> <a href="<?php echo base_url(); ?>Reportes/cobros_pacientes">Cobros a pacientes</a> </li>\r\n        <li> <a href="<?php echo base_url(); ?>Reportes/externos_hoja">Externos por hoja</a> </li>\r\n        <li> <a href="<?php echo base_url(); ?>Reportes/rx_laboratorio">RX y Laboratorio</a> </li>\r\n        <li> <a href="<?php echo base_url(); ?>Reportes/detalle_gastos">Detalle gastos</a> </li>\r\n        <li> <a href="<?php echo base_url(); ?>Reportes/detalle_compras">Detalle compras</a> </li>\r\n        <li> <a href="<?php echo base_url(); ?>Reportes/detalle_facturas">Facturas</a> </li>\r\n        <li> <a href="<?php echo base_url(); ?>Reportes/salidas_botiquin">Salidas de botiquín</a> </li>\r\n        <li> <a href="<?php echo base_url(); ?>Reportes/detalle_medicamento">Detalle medicamento</a> </li>\r\n        <li> <a href="<?php echo base_url(); ?>Reportes/ingresos_costos_gastos">Ingresos, Costos, Gastos</a> </li>\r\n    </ul>\r\n</li>', '2021-04-30 18:20:44'),
	(10, 'Configuraciòn', '<li class="menu-item">\r\n    <a href="#" class="has-chevron" data-toggle="collapse" data-target="#configuracion"\r\n        aria-expanded="false" aria-controls="configuracion">\r\n        <span><i class="fa fa-cog"></i>Configuración</span>\r\n    </a>\r\n    <ul id="configuracion" class="collapse" aria-labelledby="configuracion"\r\n        data-parent="#side-nav-accordion">\r\n        <li><a href="<?php echo base_url(); ?>Accesos/">Accesos</a></li>\r\n        <li><a href="<?php echo base_url(); ?>Usuarios/gestion_usuarios">Usuarios</a></li>\r\n        <li><a href="<?php echo base_url(); ?>Permisos/">Permisos</a></li>\r\n        <li><a href="<?php echo base_url(); ?>Herramientas/movimientos_hojas">Movimientos Hojas</a></li>\r\n    </ul>\r\n</li>', '2021-04-30 18:20:44'),
	(11, 'Cuentas por pagar', '<li class="menu-item">\r\n    <a href="#" class="has-chevron" data-toggle="collapse" data-target="#pagar" aria-expanded="false" aria-controls="pagar">\r\n        <span><i class="fas fa-clipboard-list"></i>Cuentas por pagar</span>\r\n    </a>\r\n    <ul id="pagar" class="collapse" aria-labelledby="pagar" data-parent="#side-nav-accordion">\r\n        <li> <a href="<?php echo base_url(); ?>CuentasPendientes/cuentas_por_pagar">Gestión cuentas</a> </li>\r\n        <li> <a href="<?php echo base_url(); ?>CuentasPendientes/cuentas_por_proveedor">Cuentas por proveedor</a> </li>\r\n        <li> <a href="<?php echo base_url(); ?>CuentasPendientes/cuentas_por_fecha">Cuentas por fecha</a> </li>\r\n    </ul>\r\n</li>', '2021-05-18 17:29:04'),
	(12, 'Stock Medicamentos', '<li class="menu-item">\r\n    <a href="#" class="has-chevron" data-toggle="collapse" data-target="#stock" aria-expanded="false"\r\n        aria-controls="stock">\r\n        <span><i class="fas fa-clipboard-list"></i>Stock Medicamentos</span>\r\n    </a>\r\n    <ul id="stock" class="collapse" aria-labelledby="stock" data-parent="#side-nav-accordion">\r\n        <li> <a href="<?php echo base_url(); ?>Botiquin/stock_medicamentos">Actualizar Stock</a> </li>\r\n    </ul>\r\n</li>', '2021-06-30 14:54:18'),
	(13, 'Laboratorio', '<li class="menu-item">\r\n    <a href="#" class="has-chevron" data-toggle="collapse" data-target="#laboratorio" aria-expanded="false"aria-controls="laboratorio">\r\n        <span><i class="fas fa-flask"></i>Laboratorio</span>\r\n    </a>\r\n    <ul id="laboratorio" class="collapse" aria-labelledby="laboratorio" data-parent="#side-nav-accordion">\r\n        <li> <a href="<?php echo base_url(); ?>Laboratorio/">Agregar examen hospital</a> </li>\r\n        <li> <a href="<?php echo base_url(); ?>Laboratorio/agregar_examen">Agregar examen externo</a> </li>\r\n        <li> <a href="<?php echo base_url(); ?>Laboratorio/examenes_realizados">Examenes realizados</a> </li>\r\n        <li> <a href="<?php echo base_url(); ?>Laboratorio/historial_examenes">Historial examenes</a> </li>\r\n        <li> <a href="<?php echo base_url(); ?>Laboratorio/resumen_examenes">Resumen examenes</a> </li>\r\n    </ul>\r\n</li>', '2021-07-30 15:02:34'),
	(14, 'Facturación', '<li class="menu-item">\r\n    <a href="#" class="has-chevron" data-toggle="collapse" data-target="#anuncio" aria-expanded="false"aria-controls="anuncio">\r\n        <span><i class="fas fa-newspaper"></i>Facturación</span>\r\n    </a>\r\n    <ul id="anuncio" class="collapse" aria-labelledby="laboratorio" data-parent="#side-nav-accordion">\r\n        <!-- <li> <a href="<?php echo base_url(); ?>Herramientas/agregar_anuncio">Gestion de anuncios</a> </li> -->\r\n        <!-- <li> <a href="<?php echo base_url(); ?>Herramientas/factura_isbm">Factura ISBM</a> </li> -->\r\n        <li> <a href="<?php echo base_url(); ?>Herramientas/facturacion">Facturación</a> </li>\r\n    </ul>\r\n</li>', '2021-10-26 15:15:57'),
	(15, 'Honorarios', '<li class="menu-item">\r\n    <a href="#" class="has-chevron" data-toggle="collapse" data-target="#honorarios" aria-expanded="false"aria-controls="honorarios">\r\n        <span><i class="fa fa-money-bill"></i>Honorarios</span>\r\n    </a>\r\n    <ul id="honorarios" class="collapse" aria-labelledby="laboratorio" data-parent="#side-nav-accordion">\r\n        <li> <a href="<?php echo base_url(); ?>Honorarios/gestion_honorarios">Honorario de cuentas</a> </li>\r\n        <li> <a href="<?php echo base_url(); ?>Honorarios/honorarios_paquetes">Honorarios de paquetes</a> </li>\r\n        <li> <a href="<?php echo base_url(); ?>Honorarios/honorarios_en_banco">Honorarios en banco</a> </li>\r\n    </ul>\r\n</li>', '2021-11-12 14:23:19'),
	(16, 'Precio medicamentos', '<li class="menu-item">\r\n    <a href="<?php echo base_url(); ?>Botiquin/precios_medicamentos/">\r\n    <span><i class="fas fa-list"></i>Precio medicamentos</span>\r\n    </a>\r\n</li>', '2022-01-26 13:58:11'),
	(17, 'Hemodialisis', '<li class="menu-item">\r\n    <a href="#" class="has-chevron" data-toggle="collapse" data-target="#hemodialisis" aria-expanded="false" aria-controls="hemodialisis">\r\n        <span><i class="fa fa-tasks"></i>Hemodiálisis </span>\r\n    </a>\r\n    <ul id="hemodialisis" class="collapse" aria-labelledby="hemodialisis" data-parent="#side-nav-accordion">\r\n        <li> <a href="<?php echo base_url(); ?>Hemodialisis/agregar_paciente/">Agregar paciente</a> </li>\r\n        <li> <a href="<?php echo base_url(); ?>Hemodialisis/agregar_cita/">Agregar cita</a> </li>\r\n        <li> <a href="<?php echo base_url(); ?>Hemodialisis/lista_citas/">Lista citas</a> </li>\r\n    </ul>\r\n</li>', '2022-02-14 16:47:18'),
	(18, 'Medicamentos', '<li class="menu-item">\r\n    <a href="#" class="has-chevron" data-toggle="collapse" data-target="#medicamentos" aria-expanded="false" aria-controls="medicamentos">\r\n        <span><i class="fa fa-pills"></i>Medicamentos </span>\r\n    </a>\r\n    <ul id="medicamentos" class="collapse" aria-labelledby="medicamentos" data-parent="#side-nav-accordion">\r\n        <li> <a href="<?php echo base_url(); ?>Medicamentos/cuentas_medicamento/">Gestión de cuentas</a> </li>\r\n        <li> <a href="<?php echo base_url(); ?>Medicamentos/lista_salidas/">Lista de salidas</a> </li>\r\n        <li> <a href="<?php echo base_url(); ?>Medicamentos/resumen_salidas/">Resumen  salidas</a> </li>\r\n    </ul>\r\n</li>', '2022-02-24 14:55:56'),
	(19, 'ISBM, Hemo, Empleados', '<li class="menu-item">\r\n    <a href="#" class="has-chevron" data-toggle="collapse" data-target="#isbm" aria-expanded="false" aria-controls="isbm">\r\n        <span><i class="fa fa-tablets"></i>ISBM, Hemo, Empleados</span>\r\n    </a>\r\n    <ul id="isbm" class="collapse" aria-labelledby="isbm" data-parent="#side-nav-accordion">\r\n        <!--<li> <a href="<?php echo base_url(); ?>Isbm/cuentas_isbm/">Crear Requisición</a> </li>\r\n        <li> <a href="<?php echo base_url(); ?>Isbm/cuentas_isbm/">Lista requisiciones</a> </li>-->\r\n        <li> <a href="<?php echo base_url(); ?>Isbm/cuenta_descargo/">Crear cuenta para descargos</a> </li>\r\n        <li> <a href="<?php echo base_url(); ?>Isbm/lista_cuenta_descargos/">Lista cuenta descargos</a> </li>\r\n    </ul>\r\n</li>', '2022-04-18 14:51:53'),
	(20, 'Insumos laboratorio', '<li class="menu-item">\r\n    <a href="#" class="has-chevron" data-toggle="collapse" data-target="#insumosLab" aria-expanded="false" aria-controls="insumosLab">\r\n        <span><i class="fa fa-vials"></i>Insumos laboratorio</span>\r\n    </a>\r\n    <ul id="insumosLab" class="collapse" aria-labelledby="insumosLab" data-parent="#side-nav-accordion">\r\n        <li> <a href="<?php echo base_url(); ?>InsumosLab/agregar_compra/">Agregar compra</a> </li>\r\n        <li> <a href="<?php echo base_url(); ?>InsumosLab/lista_compras/">Lista compras</a> </li>\r\n        <li> <a href="<?php echo base_url(); ?>InsumosLab/lista_insumos/">Lista insumos</a> </li>\r\n        <li> <a href="<?php echo base_url(); ?>InsumosLab/gestion_insumos/">Gestión insumos</a> </li>\r\n       <li> <a href="<?php echo base_url(); ?>InsumosLab/donantes/">Ingreso de sangre</a> </li>\r\n       <li> <a href="<?php echo base_url(); ?>InsumosLab/salida_sangre/">Salida de sangre</a> </li>\r\n    </ul>\r\n</li>', '2022-05-20 16:06:09'),
	(21, 'Insumos limpieza', '<li class="menu-item">\r\n    <a href="#" class="has-chevron" data-toggle="collapse" data-target="#insumosLimpieza" aria-expanded="false" aria-controls="insumosLimpieza">\r\n        <span><i class="fa fa-list"></i>Insumos limpieza</span>\r\n    </a>\r\n    <ul id="insumosLimpieza" class="collapse" aria-labelledby="insumosLimpieza" data-parent="#side-nav-accordion">\r\n        <li> <a href="<?php echo base_url(); ?>Limpieza/agregar_compra/">Agregar compra</a> </li>\r\n        <li> <a href="<?php echo base_url(); ?>Limpieza/lista_compras/">Lista compras</a> </li>\r\n        <li> <a href="<?php echo base_url(); ?>Limpieza/descargos_insumos">Salidas</a> </li>\r\n        <li> <a href="<?php echo base_url(); ?>Limpieza/">Gestión insumos</a> </li>\r\n    </ul>\r\n</li>', '2022-08-26 15:00:47'),
	(22, 'Insumos Hemodialisis', '<li class="menu-item">\r\n    <a href="#" class="has-chevron" data-toggle="collapse" data-target="#insumosHemodialisis" aria-expanded="false" aria-controls="insumosHemodialisis">\r\n        <span><i class="fa fa-list"></i>Insumos Hemodialisis</span>\r\n    </a>\r\n    <ul id="insumosHemodialisis" class="collapse" aria-labelledby="insumosHemodialisis" data-parent="#side-nav-accordion">\r\n        <li> <a href="<?php echo base_url(); ?>InsumosHemo/agregar_compra/">Agregar compra</a> </li>\r\n        <li> <a href="<?php echo base_url(); ?>InsumosHemo/lista_compras/">Lista compras</a> </li>\r\n        <li> <a href="<?php echo base_url(); ?>InsumosHemo/descargos_insumos">Salidas</a> </li>\r\n        <li> <a href="<?php echo base_url(); ?>InsumosHemo/">Gestión insumos</a> </li>\r\n    </ul>\r\n</li>', '2022-09-23 14:07:36'),
	(23, 'Planilla', '<li class="menu-item">\r\n    <a href="#" class="has-chevron" data-toggle="collapse" data-target="#planilla" aria-expanded="false" aria-controls="planilla">\r\n        <span><i class="fa fa-users"></i>Planilla</span>\r\n    </a>\r\n    <ul id="planilla" class="collapse" aria-labelledby="planilla" data-parent="#side-nav-accordion">\r\n        <li> <a href="<?php echo base_url(); ?>Planilla/">Crear planilla</a> </li>\r\n        <li> <a href="<?php echo base_url(); ?>Planilla/historial_planillas/">Historial planilla</a> </li>\r\n        <li> <a href="<?php echo base_url(); ?>Planilla/personal_planilla/">Personal planilla</a> </li>\r\n   </ul>\r\n</li>', '2023-02-13 15:52:59'),
	(24, 'Cortes de caja', '<li class="menu-item">\r\n    <a href="#" class="has-chevron" data-toggle="collapse" data-target="#cortes" aria-expanded="false"\r\n        aria-controls="cortes">\r\n        <span><i class="fas fa-file"></i>Cortes de caja</span>\r\n    </a>\r\n    <ul id="cortes" class="collapse" aria-labelledby="cortes" data-parent="#side-nav-accordion">\r\n        <li> <a href="<?php echo base_url(); ?>Cajeras/">Hacer corte</a> </li>\r\n        <li> <a href="<?php echo base_url(); ?>Cajeras/lista_cortes">Lista de cortes</a> </li>\r\n    </ul>\r\n</li>', '2023-08-02 15:28:20'),
	(25, 'Quirófanos', '<li class="menu-item">\r\n    <a href="#" class="has-chevron" data-toggle="collapse" data-target="#quirofanos" aria-expanded="false"\r\n        aria-controls="quirofanos">\r\n        <span><i class="fas fa-file"></i>Quirófanos</span>\r\n    </a>\r\n    <ul id="quirofanos" class="collapse" aria-labelledby="quirofanos" data-parent="#side-nav-accordion">\r\n        <li> <a href="<?php echo base_url(); ?>Quirofanos/">Cuentas Activas</a> </li>\r\n        <li> <a href="<?php echo base_url(); ?>Quirofanos/lista_procedimientos">Lista de cuentas</a> </li>\r\n        <li> <a href="<?php echo base_url(); ?>Quirofanos/resumen_insumos">Resumen insumos</a> </li>\r\n        <li> <a href="<?php echo base_url(); ?>Quirofanos/resumen_insumos_botiquin">Resumen insumos salas</a> </li>\r\n        <li> <a href="<?php echo base_url(); ?>Quirofanos/lista_insumos">Lista de insumos</a> </li>\r\n    </ul>\r\n</li>', '2023-10-04 14:23:50'),
	(26, 'Auditoria', '<li class="menu-item">\r\n    <a href="#" class="has-chevron" data-toggle="collapse" data-target="#auditoria" aria-expanded="false" aria-controls="auditoria">\r\n        <span><i class="fa fa-users"></i>Auditoria</span>\r\n    </a>\r\n    <ul id="auditoria" class="collapse" aria-labelledby="auditoria" data-parent="#side-nav-accordion">\r\n        <li> <a href="<?php echo base_url(); ?>Auditoria/cuentas_con_abonos/">Cuentas con abonos</a> </li>\r\n        <li> <a href="<?php echo base_url(); ?>Auditoria/liquidacion_caja/">Liquidación de caja</a> </li>\r\n        <li> <a href="<?php echo base_url(); ?>Auditoria/cuentas_pendientes/">Cuentas pendientes</a> </li>\r\n   </ul>\r\n</li>', '2023-10-07 13:39:27'),
	(27, 'Stocks', '<li class="menu-item">\r\n    <a href="#" class="has-chevron" data-toggle="collapse" data-target="#stocks" aria-expanded="false" aria-controls="stocks">\r\n        <span><i class="fa fa-list"></i>Stocks</span>\r\n    </a>\r\n    <ul id="stocks" class="collapse" aria-labelledby="stocks" data-parent="#side-nav-accordion">\r\n        <li> <a href="<?php echo base_url(); ?>Stock/">Crear stock</a> </li>\r\n        <li> <a href="<?php echo base_url(); ?>Botiquin/estado_stocks/">Lista de stocks</a> </li>\r\n   </ul>\r\n</li>', '2023-12-08 16:00:55'),
	(28, 'Rx', '<li class="menu-item">\r\n    <a href="#" class="has-chevron" data-toggle="collapse" data-target="#rayosx" aria-expanded="false" aria-controls="rayosx">\r\n        <span><i class="fa fa-list"></i>Rayos X</span>\r\n    </a>\r\n    <ul id="rayosx" class="collapse" aria-labelledby="rayosx" data-parent="#side-nav-accordion">\r\n        <li> <a href="<?php echo base_url(); ?>Rx/">Lista de espera</a> </li>\r\n        <li> <a href="<?php echo base_url(); ?>Rx/resultados_archivados/">Radiografias archivadas</a> </li>\r\n   </ul>\r\n</li>', '2024-04-01 15:02:59');

-- Volcando estructura para tabla db_hospital_orellana.tbl_movimientos_hoja
CREATE TABLE IF NOT EXISTS `tbl_movimientos_hoja` (
  `idMovimiento` int(11) NOT NULL AUTO_INCREMENT,
  `idHoja` int(11) NOT NULL,
  `idUsuario` int(11) NOT NULL,
  `nombreUsuario` text NOT NULL,
  `detalleBitacora` text NOT NULL,
  `fechaMovimiento` timestamp NOT NULL DEFAULT current_timestamp(),
  PRIMARY KEY (`idMovimiento`)
) ENGINE=InnoDB AUTO_INCREMENT=1428 DEFAULT CHARSET=utf8 COLLATE=utf8_spanish_ci;

-- Volcando datos para la tabla db_hospital_orellana.tbl_movimientos_hoja: ~1,409 rows (aproximadamente)
INSERT INTO `tbl_movimientos_hoja` (`idMovimiento`, `idHoja`, `idUsuario`, `nombreUsuario`, `detalleBitacora`, `fechaMovimiento`) VALUES
	(1, 55, 1, 'Informatica', 'El usuario ha cerrado la cuenta', '2022-01-06 20:40:12'),
	(2, 55, 1, 'Informatica', 'El usuario abrio nuevamente la cuenta', '2022-01-06 20:43:20'),
	(3, 55, 1, 'Informatica', 'Agrego 5 elementos del medicamento 1', '2022-01-06 20:56:05'),
	(4, 55, 1, 'Informatica', 'Agrego 2 elementos del medicamento Para- Denk 250mg', '2022-01-06 21:03:47'),
	(5, 55, 1, 'Informatica', 'Edito de 2 elementos a 5 el medicamento Para- Denk 250mg', '2022-01-06 21:12:17'),
	(6, 55, 1, 'Informatica', 'Cambio 5 elementos de Para- Denk 250mg a 1 elementos de Acetaminofen MK 500 mg', '2022-01-06 21:21:59'),
	(7, 55, 1, 'Informatica', 'Elimino 1 elementos del medicamento Acetaminofen MK 500 mg', '2022-01-06 21:28:29'),
	(8, 55, 1, 'Informatica', 'Agrego al externo Dr. Luis Gerardo Bernabel Cañas(Honorarios) con un valor de $150', '2022-01-06 21:38:30'),
	(9, 55, 1, 'Informatica', 'Elimino al externo Dra. Roxana Vanesa Andrade De Sandoval(Honorarios) con un valor de $150.00', '2022-01-06 22:09:52'),
	(10, 55, 1, 'Informatica', 'Agrego al externo Dr. Carlos Zepeda Fuentes(Honorarios) con un valor de $100', '2022-01-07 13:58:36'),
	(11, 55, 1, 'Informatica', 'Agrego al externo Dr. Jorge Nelson Santos Pineda(Honorarios) con un valor de $500', '2022-01-07 14:18:34'),
	(12, 55, 1, 'Informatica', 'Cambio la cantidada del externo Dr. Jorge Nelson Santos Pineda(Honorarios) de $50.00 a $100.00', '2022-01-07 14:52:18'),
	(13, 55, 1, 'Informatica', 'Anulo la hoja de cobro, corespondiente al paciente Martha Sanchez, motivo: This is a test', '2022-01-07 15:04:24'),
	(14, 56, 1, 'Informatica', 'Creo la hoja de cobro', '2022-01-07 15:12:21'),
	(15, 56, 1, 'Informatica', 'Agrego 1 elementos del medicamento Verolax Gotas', '2022-01-07 15:12:29'),
	(16, 56, 1, 'Informatica', 'Agrego 1 elementos del medicamento Para- Denk 250mg', '2022-01-07 15:12:30'),
	(17, 56, 1, 'Informatica', 'Agrego 1 elementos del medicamento Vitaminan C MK 500 MG ', '2022-01-07 15:12:32'),
	(18, 56, 1, 'Informatica', 'Agrego al externo Dr. Carlos Mario Garcia(Honorarios) con un valor de $25', '2022-01-07 15:12:40'),
	(19, 56, 1, 'Informatica', 'Agrego al externo Dr. Walter Enrique Mitjavila(Honorarios) con un valor de $50', '2022-01-07 15:12:57'),
	(20, 56, 1, 'Informatica', 'Edito de 1 elementos a 5 el medicamento Verolax Gotas', '2022-01-07 15:13:09'),
	(21, 56, 1, 'Informatica', 'Cambio 1 elementos de Para- Denk 250mg a 5 elementos de Ambroxol PL 15mg', '2022-01-07 15:13:18'),
	(22, 56, 1, 'Informatica', 'Agrego 1 elementos del medicamento Lacritir 0.2 % Gel ', '2022-01-07 15:13:27'),
	(23, 56, 1, 'Informatica', 'Elimino 1 elementos del medicamento Vitaminan C MK 500 MG ', '2022-01-07 15:13:34'),
	(24, 56, 1, 'Informatica', 'Agrego al externo Uso de Trocar (Dr. Bernabel) con un valor de $0', '2022-01-07 15:13:51'),
	(25, 56, 1, 'Informatica', 'Cambio la cantidada del externo Uso de Trocar (Dr. Bernabel) de $0.00 a $100', '2022-01-07 15:14:01'),
	(26, 56, 1, 'Informatica', 'Elimino al externo Dr. Carlos Mario Garcia(Honorarios) con un valor de $25.00', '2022-01-07 15:14:10'),
	(27, 56, 1, 'Informatica', 'El usuario ha cerrado la cuenta', '2022-01-07 15:18:10'),
	(28, 56, 1, 'Informatica', 'Creo el recibo número: 33', '2022-01-07 15:21:54'),
	(29, 57, 11, 'LABORATORIO', 'Creo la hoja de cobro', '2022-01-07 20:41:09'),
	(30, 57, 11, 'LABORATORIO', 'Agrego 25 elementos del medicamento LAB. HOSPITAL ORELLANA', '2022-01-07 20:41:21'),
	(31, 57, 11, 'LABORATORIO', 'El usuario ha cerrado la cuenta', '2022-01-07 20:41:24'),
	(32, 57, 11, 'LABORATORIO', 'Creo el recibo número: 34', '2022-01-07 20:41:26'),
	(33, 57, 11, 'LABORATORIO', 'El usuario abrio nuevamente la cuenta', '2022-01-07 20:42:54'),
	(34, 57, 11, 'LABORATORIO', 'Edito de 25 elementos a 1 el medicamento LAB. HOSPITAL ORELLANA', '2022-01-07 20:43:04'),
	(35, 57, 11, 'LABORATORIO', 'Elimino 25 elementos del medicamento LAB. HOSPITAL ORELLANA', '2022-01-07 20:43:21'),
	(36, 57, 11, 'LABORATORIO', 'Agrego 1 elementos del medicamento LAB. HOSPITAL ORELLANA', '2022-01-07 20:43:36'),
	(37, 57, 11, 'LABORATORIO', 'El usuario ha cerrado la cuenta', '2022-01-07 20:43:40'),
	(38, 57, 11, 'LABORATORIO', 'El usuario abrio nuevamente la cuenta', '2022-01-07 20:45:31'),
	(39, 57, 11, 'LABORATORIO', 'El usuario abrio nuevamente la cuenta', '2022-01-07 20:45:33'),
	(40, 57, 11, 'LABORATORIO', 'Elimino 1 elementos del medicamento LAB. HOSPITAL ORELLANA', '2022-01-07 20:45:35'),
	(41, 57, 11, 'LABORATORIO', 'Agrego 1 elementos de LAB. HOSPITAL ORELLANA, con precio de 50', '2022-01-07 20:45:42'),
	(42, 54, 1, 'Informatica', 'El usuario ha cerrado la cuenta', '2022-01-10 17:52:57'),
	(43, 54, 1, 'Informatica', 'Creo el recibo número: 35', '2022-01-10 17:52:59'),
	(44, 58, 11, 'LABORATORIO', 'Creo la hoja de cobro', '2022-01-11 16:26:52'),
	(45, 58, 11, 'LABORATORIO', 'Agrego 1 elementos de PROPANOLOL TAB., con precio de $0.18', '2022-01-11 16:28:15'),
	(46, 58, 11, 'LABORATORIO', 'Agrego 1 elementos de CARDISPAN 1 G/5 ML, con precio de $5.07', '2022-01-11 16:28:36'),
	(47, 58, 11, 'LABORATORIO', 'Agrego 1 elementos de ULTRASONOGRAFIA POR REGION, con precio de $23.00', '2022-01-11 16:29:00'),
	(48, 58, 11, 'LABORATORIO', 'Agrego 5 elementos de MASCARILLA DESCARTABLE, con precio de $2.00', '2022-01-11 16:29:25'),
	(49, 58, 11, 'LABORATORIO', 'Agrego 1 elementos de DESCARTABLE PARA SUERO, con precio de $4.60', '2022-01-11 16:29:33'),
	(50, 58, 11, 'LABORATORIO', 'Agrego 1 elementos de GORROS, con precio de $0.70', '2022-01-11 16:30:29'),
	(51, 58, 11, 'LABORATORIO', 'Agrego 1 elementos de CATETER DE VENA CENTRALTRIO, con precio de $80.00', '2022-01-11 16:30:48'),
	(52, 58, 11, 'LABORATORIO', 'Agrego 1 elementos de ENFERMERIA (AMBULATORIA), con precio de $5.00', '2022-01-11 16:31:34'),
	(53, 58, 11, 'LABORATORIO', 'Agrego al externo Dr. Fidel Alfredo Sandoval Paniagua(Honorarios) con un valor de $25', '2022-01-11 16:32:21'),
	(54, 58, 11, 'LABORATORIO', 'El usuario ha cerrado la cuenta', '2022-01-11 16:32:53'),
	(55, 59, 11, 'LABORATORIO', 'Creo la hoja de cobro', '2022-01-11 16:35:11'),
	(56, 59, 11, 'LABORATORIO', 'Agrego 1 elementos de Acetaminofen Medikem 120mg/5ml Jarabe 120 ml, con precio de $7.50', '2022-01-11 16:35:25'),
	(57, 59, 11, 'LABORATORIO', 'Agrego 1 elementos de Para- Denk 250mg, con precio de $0.78', '2022-01-11 16:35:27'),
	(58, 59, 11, 'LABORATORIO', 'Agrego 1 elementos de Lacritir 0.2 % Gel , con precio de $12.84', '2022-01-11 16:35:28'),
	(59, 59, 11, 'LABORATORIO', 'Agrego 1 elementos de SOLUCION SALINA DE 1000 ML, con precio de $7.50', '2022-01-11 16:35:33'),
	(60, 59, 11, 'LABORATORIO', 'Agrego 1 elementos de ALBUMINA EN ORINA AL AZAR, con precio de $8.00', '2022-01-11 16:35:34'),
	(61, 59, 11, 'LABORATORIO', 'Agrego 1 elementos de DIRECTO DE SECRECION VAGINAL, con precio de $7.00', '2022-01-11 16:35:36'),
	(62, 59, 11, 'LABORATORIO', 'Agrego al externo Dr. Luis Gerardo Bernabel Cañas(Honorarios) con un valor de $100', '2022-01-11 16:36:06'),
	(63, 59, 11, 'LABORATORIO', 'Agrego 1 elementos de RX-CLAVICULA, con precio de $20.00', '2022-01-11 16:37:12'),
	(64, 59, 11, 'LABORATORIO', 'Agrego 1 elementos de RX-TORAX, con precio de $15.00', '2022-01-11 16:37:20'),
	(65, 59, 11, 'LABORATORIO', 'Agrego 1 elementos de RX-PELVIS, con precio de $23.43', '2022-01-11 16:37:26'),
	(66, 59, 11, 'LABORATORIO', 'Agrego 1 elementos de DOPPLER POR MIEMBRO, con precio de $65.00', '2022-01-11 16:37:32'),
	(67, 59, 11, 'LABORATORIO', 'Agrego 1 elementos de GASTOS ADMINISTRATIVOS, con precio de $15.00', '2022-01-11 16:37:55'),
	(68, 59, 11, 'LABORATORIO', 'Agrego 1 elementos de ENFERMERIA, con precio de $30.00', '2022-01-11 16:38:06'),
	(69, 59, 11, 'LABORATORIO', 'Agrego 1 elementos de HABITACION, con precio de $30.00', '2022-01-11 16:38:12'),
	(70, 59, 11, 'LABORATORIO', 'Agrego 1 elementos de PAPELERIA, con precio de $10.00', '2022-01-11 16:38:21'),
	(71, 59, 11, 'LABORATORIO', 'Agrego 1 elementos de PAPEL HIGIENICO, con precio de $1.00', '2022-01-11 16:38:23'),
	(72, 59, 11, 'LABORATORIO', 'El usuario ha cerrado la cuenta', '2022-01-11 16:39:46'),
	(73, 59, 11, 'LABORATORIO', 'Creo el recibo número: 36', '2022-01-11 16:44:29'),
	(74, 59, 11, 'LABORATORIO', 'El usuario abrio nuevamente la cuenta', '2022-01-11 16:45:34'),
	(75, 59, 11, 'LABORATORIO', 'Elimino 1 elementos del medicamento Acetaminofen Medikem 120mg/5ml Jarabe 120 ml', '2022-01-11 16:45:56'),
	(76, 59, 11, 'LABORATORIO', 'Elimino 1 elementos del medicamento Para- Denk 250mg', '2022-01-11 16:45:57'),
	(77, 59, 11, 'LABORATORIO', 'Cambio 1 elementos de Lacritir 0.2 % Gel  a 4 elementos de Ambroxol PL 15mg', '2022-01-11 16:46:27'),
	(78, 59, 11, 'LABORATORIO', 'Agrego 1 elementos de Verolax Gotas, con precio de $5.24', '2022-01-11 16:46:45'),
	(79, 59, 11, 'LABORATORIO', 'Edito de 1 elementos a 5 el medicamento Verolax Gotas', '2022-01-11 16:47:32'),
	(80, 59, 1, 'Informatica', 'Agrego 1 elementos de LAB. HOSPITAL ORELLANA, con precio de $50', '2022-01-11 16:48:20'),
	(81, 59, 1, 'Informatica', 'Elimino 1 elementos del medicamento LAB. HOSPITAL ORELLANA', '2022-01-11 16:49:03'),
	(82, 59, 1, 'Informatica', 'Agrego 1 elementos de LAB. HOSPITAL ORELLANA, con precio de $50', '2022-01-11 16:49:35'),
	(83, 58, 11, 'LABORATORIO', 'El usuario abrio nuevamente la cuenta', '2022-01-11 16:58:50'),
	(84, 58, 11, 'LABORATORIO', 'El usuario ha cerrado la cuenta', '2022-01-11 16:58:58'),
	(85, 58, 11, 'LABORATORIO', 'Creo el recibo número: 37', '2022-01-11 16:59:00'),
	(86, 58, 11, 'LABORATORIO', 'El usuario abrio nuevamente la cuenta', '2022-01-11 16:59:28'),
	(87, 58, 11, 'LABORATORIO', 'Elimino 1 elementos del medicamento ENFERMERIA (AMBULATORIA)', '2022-01-11 16:59:36'),
	(88, 58, 11, 'LABORATORIO', 'Elimino 1 elementos del medicamento CATETER DE VENA CENTRALTRIO', '2022-01-11 16:59:38'),
	(89, 58, 11, 'LABORATORIO', 'Elimino 1 elementos del medicamento GORROS', '2022-01-11 16:59:40'),
	(90, 58, 11, 'LABORATORIO', 'Elimino 5 elementos del medicamento MASCARILLA DESCARTABLE', '2022-01-11 16:59:40'),
	(91, 58, 11, 'LABORATORIO', 'Elimino 1 elementos del medicamento ULTRASONOGRAFIA POR REGION', '2022-01-11 16:59:41'),
	(92, 58, 11, 'LABORATORIO', 'Elimino 1 elementos del medicamento CARDISPAN 1 G/5 ML', '2022-01-11 16:59:41'),
	(93, 58, 11, 'LABORATORIO', 'Elimino 1 elementos del medicamento PROPANOLOL TAB.', '2022-01-11 16:59:42'),
	(94, 58, 11, 'LABORATORIO', 'Elimino 1 elementos del medicamento DESCARTABLE PARA SUERO', '2022-01-11 16:59:43'),
	(95, 58, 11, 'LABORATORIO', 'Elimino al externo Dr. Fidel Alfredo Sandoval Paniagua(Honorarios) con un valor de $25.00', '2022-01-11 16:59:50'),
	(96, 58, 11, 'LABORATORIO', 'Agrego 1 elementos de LAB. HOSPITAL ORELLANA, con precio de $25.00', '2022-01-11 17:02:03'),
	(97, 58, 11, 'LABORATORIO', 'El usuario ha cerrado la cuenta', '2022-01-11 17:02:16'),
	(98, 60, 11, 'LABORATORIO', 'El usuario ha cerrado la cuenta', '2022-01-11 17:19:40'),
	(99, 60, 11, 'LABORATORIO', 'Creo el recibo número: 38', '2022-01-11 17:19:44'),
	(100, 61, 11, 'LABORATORIO', 'Creo la hoja de cobro', '2022-01-11 17:37:05'),
	(101, 61, 11, 'LABORATORIO', 'Agrego 1 elementos de CATETER N° 20, con precio de $2.10', '2022-01-11 17:37:20'),
	(102, 61, 11, 'LABORATORIO', 'Agrego 1 elementos de DESCARTABLE PARA SUERO, con precio de $4.60', '2022-01-11 17:37:32'),
	(103, 61, 11, 'LABORATORIO', 'Agrego 1 elementos de SOLUCION SALINA DE 500 ML, con precio de $5.50', '2022-01-11 17:37:47'),
	(104, 61, 11, 'LABORATORIO', 'Agrego 2 elementos de Cloruro de Sodio PL 0.2g/ml, con precio de $2.25', '2022-01-11 17:38:25'),
	(105, 61, 11, 'LABORATORIO', 'Agrego 1 elementos de JERINGA DE 20 ML, con precio de $1.75', '2022-01-11 17:38:32'),
	(106, 61, 11, 'LABORATORIO', 'Agrego 1 elementos de MICROPORE YARDA, con precio de $1.05', '2022-01-11 17:38:39'),
	(107, 61, 11, 'LABORATORIO', 'Agrego 3 elementos de TORUNDA DE ALGODÓN CON ALCOHOL, con precio de $0.15', '2022-01-11 17:38:55'),
	(108, 61, 11, 'LABORATORIO', 'Agrego 7 elementos de ESTADIA POR HORA, con precio de $2.50', '2022-01-11 17:39:05'),
	(109, 61, 11, 'LABORATORIO', 'Agrego 1 elementos de ENFERMERIA (AMBULATORIA), con precio de $5.00', '2022-01-11 17:39:16'),
	(110, 61, 11, 'LABORATORIO', 'Agrego 1 elementos de USO DE DOPLER, con precio de $5.00', '2022-01-11 17:39:56'),
	(111, 61, 11, 'LABORATORIO', 'Agrego al externo Dr. Fidel Alfredo Sandoval Paniagua(Honorarios) con un valor de $25', '2022-01-11 17:40:23'),
	(112, 61, 11, 'LABORATORIO', 'El usuario ha cerrado la cuenta', '2022-01-11 17:40:35'),
	(113, 61, 11, 'LABORATORIO', 'Creo el recibo número: 39', '2022-01-11 17:40:40'),
	(114, 61, 11, 'LABORATORIO', 'El usuario abrio nuevamente la cuenta', '2022-01-11 17:42:14'),
	(115, 61, 11, 'LABORATORIO', 'Agrego 1 elementos de PRN, con precio de $2.10', '2022-01-11 17:42:27'),
	(116, 62, 11, 'LABORATORIO', 'Creo la hoja de cobro', '2022-01-11 17:47:44'),
	(117, 62, 11, 'LABORATORIO', 'Agrego 1 elementos de RX-SERIE ABDOMINAL, con precio de $71.00', '2022-01-11 17:48:18'),
	(118, 62, 11, 'LABORATORIO', 'Agrego 1 elementos de RX-HOSPITAL ORELLANA, con precio de $35', '2022-01-11 17:48:37'),
	(119, 62, 11, 'LABORATORIO', 'Elimino 1 elementos del medicamento RX-SERIE ABDOMINAL', '2022-01-11 17:48:44'),
	(120, 62, 11, 'LABORATORIO', 'Agrego 1 elementos de LAB. HOSPITAL ORELLANA, con precio de $19', '2022-01-11 17:49:17'),
	(121, 62, 11, 'LABORATORIO', 'Agrego 1 elementos de ENFERMERIA (AMBULATORIA), con precio de $5.00', '2022-01-11 17:49:28'),
	(122, 62, 11, 'LABORATORIO', 'Agrego 1 elementos de CATETER N° 24, con precio de $2.10', '2022-01-11 17:49:41'),
	(123, 62, 11, 'LABORATORIO', 'Agrego 1 elementos de Dramany 50ml/2ml amp, con precio de $2.00', '2022-01-11 17:50:06'),
	(124, 62, 11, 'LABORATORIO', 'Agrego 1 elementos de ANALGAN 60 MG/2 ML, con precio de $5.45', '2022-01-11 17:51:06'),
	(125, 62, 11, 'LABORATORIO', 'Agrego 2 elementos de JERINGA DE 20 ML, con precio de $1.75', '2022-01-11 17:51:16'),
	(126, 62, 11, 'LABORATORIO', 'Agrego 4 elementos de Agua Bidestilada esteril PL 10 ML, con precio de $1.25', '2022-01-11 17:51:49'),
	(127, 62, 11, 'LABORATORIO', 'Agrego 3 elementos de TORUNDA DE ALGODÓN CON ALCOHOL, con precio de $0.15', '2022-01-11 17:52:01'),
	(128, 62, 11, 'LABORATORIO', 'Agrego al externo Dr. Luis Gerardo Bernabel Cañas(Honorarios) con un valor de $25', '2022-01-11 17:52:34'),
	(129, 62, 11, 'LABORATORIO', 'El usuario ha cerrado la cuenta', '2022-01-11 17:52:44'),
	(130, 63, 11, 'LABORATORIO', 'Creo la hoja de cobro', '2022-01-11 17:55:07'),
	(131, 63, 11, 'LABORATORIO', 'Agrego 5 elementos de ANALGAN 60 MG/2 ML, con precio de $5.45', '2022-01-11 17:55:30'),
	(132, 63, 11, 'LABORATORIO', 'Elimino 5 elementos del medicamento ANALGAN 60 MG/2 ML', '2022-01-11 17:55:56'),
	(133, 63, 11, 'LABORATORIO', 'Agrego al externo Dr. Carlos Ernesto Trejo(Honorarios) con un valor de $25', '2022-01-11 17:56:14'),
	(134, 63, 11, 'LABORATORIO', 'El usuario ha cerrado la cuenta', '2022-01-11 17:56:25'),
	(135, 64, 11, 'LABORATORIO', 'Creo la hoja de cobro', '2022-01-11 17:58:12'),
	(136, 65, 1, 'Informatica', 'Creo la hoja de cobro', '2022-01-11 20:55:54'),
	(137, 66, 1, 'Informatica', 'Creo la hoja de cobro', '2022-01-12 16:07:47'),
	(138, 66, 1, 'Informatica', 'Agrego 1 elementos de ULTRASONOGRAFIA POR REGION, con precio de $23.00', '2022-01-12 16:08:09'),
	(139, 66, 1, 'Informatica', 'El usuario ha cerrado la cuenta', '2022-01-12 16:08:13'),
	(140, 66, 1, 'Informatica', 'Creo el recibo número: 40', '2022-01-12 16:08:21'),
	(141, 65, 1, 'Informatica', 'Agrego 1 elementos de LAB. HOSPITAL ORELLANA, con precio de $25', '2022-01-12 18:09:52'),
	(142, 65, 1, 'Informatica', 'El usuario ha cerrado la cuenta', '2022-01-12 18:09:55'),
	(143, 65, 1, 'Informatica', 'Creo el recibo número: 41', '2022-01-12 18:09:58'),
	(144, 67, 1, 'Informatica', 'Creo la hoja de cobro', '2022-01-13 16:16:36'),
	(145, 68, 1, 'Informatica', 'Creo la hoja de cobro', '2022-01-13 16:17:22'),
	(146, 68, 1, 'Informatica', 'Agrego 1 elementos de LAB. HOSPITAL ORELLANA, con precio de $15', '2022-01-13 20:30:55'),
	(147, 68, 1, 'Informatica', 'El usuario ha cerrado la cuenta', '2022-01-13 20:30:59'),
	(148, 68, 1, 'Informatica', 'Creo el recibo número: 42', '2022-01-13 20:31:05'),
	(149, 70, 1, 'Informatica', 'Creo la hoja de cobro', '2022-01-14 20:59:59'),
	(150, 71, 1, 'Informatica', 'Creo la hoja de cobro', '2022-01-14 14:05:01'),
	(151, 72, 1, 'Informatica', 'Creo la hoja de cobro', '2022-01-14 14:05:25'),
	(152, 73, 1, 'Informatica', 'Creo la hoja de cobro', '2022-01-14 16:30:59'),
	(153, 74, 1, 'Informatica', 'Creo la hoja de cobro', '2022-01-14 16:26:58'),
	(154, 75, 1, 'Informatica', 'Creo la hoja de cobro', '2022-01-14 14:30:40'),
	(155, 76, 1, 'Informatica', 'Creo la hoja de cobro', '2022-01-15 14:37:59'),
	(156, 76, 1, 'Informatica', 'Agrego 1 elementos de ULTRASONIDO DE MUSCULO ESQUELETICO, con precio de $25.00', '2022-01-15 14:39:08'),
	(157, 76, 1, 'Informatica', 'El usuario ha cerrado la cuenta', '2022-01-15 14:39:10'),
	(158, 77, 1, 'Informatica', 'Creo la hoja de cobro', '2022-01-15 14:39:34'),
	(159, 77, 1, 'Informatica', 'Agrego 1 elementos de ULTRASONOGRAFIA POR REGION, con precio de $23.00', '2022-01-15 14:39:42'),
	(160, 76, 1, 'Informatica', 'Agrego el procedimiento realizado.', '2022-01-24 20:24:29'),
	(161, 76, 1, 'Informatica', 'Agrego el procedimiento realizado.', '2022-01-24 20:24:55'),
	(162, 76, 1, 'Informatica', 'Agrego el procedimiento realizado.', '2022-01-24 20:26:20'),
	(163, 78, 1, 'Informatica', 'Creo la hoja de cobro', '2022-01-24 20:36:57'),
	(164, 78, 1, 'Informatica', 'Agrego 1 elementos de ULTRASONOGRAFIA POR REGION, con precio de $23.00', '2022-01-24 20:37:06'),
	(165, 78, 1, 'Informatica', 'El usuario ha cerrado la cuenta', '2022-01-24 20:37:13'),
	(166, 79, 11, 'LABORATORIO', 'Creo la hoja de cobro', '2022-01-24 20:37:45'),
	(167, 79, 11, 'LABORATORIO', 'Agrego el procedimiento realizado.', '2022-01-24 20:39:16'),
	(168, 79, 11, 'LABORATORIO', 'Agrego 1 elementos de CATETER N° 22, con precio de $2.10', '2022-01-24 20:39:26'),
	(169, 79, 11, 'LABORATORIO', 'Agrego 1 elementos de BISTURI N° 11, con precio de $1.15', '2022-01-24 20:39:31'),
	(170, 79, 11, 'LABORATORIO', 'Agrego 1 elementos de DESCARTABLE PARA SUERO, con precio de $4.60', '2022-01-24 20:39:36'),
	(171, 79, 11, 'LABORATORIO', 'Agrego 1 elementos de JERINGA DE 20 ML, con precio de $1.75', '2022-01-24 20:39:41'),
	(172, 79, 11, 'LABORATORIO', 'Agrego 1 elementos de PROPOFOL, con precio de $11.30', '2022-01-24 20:39:46'),
	(173, 79, 11, 'LABORATORIO', 'Agrego 1 elementos de FENTANYL 100 MCG/2 ML, con precio de $1.75', '2022-01-24 20:39:49'),
	(174, 79, 11, 'LABORATORIO', 'Agrego 1 elementos de Atropina Sulfato PL 0.5 mg/ml amp, con precio de $2.25', '2022-01-24 20:39:55'),
	(175, 79, 11, 'LABORATORIO', 'Agrego 1 elementos de CLOPRIN, con precio de $3.46', '2022-01-24 20:39:59'),
	(176, 79, 11, 'LABORATORIO', 'Agrego al externo Dr. Nelson Edgar Orellana(Honorarios) con un valor de $200', '2022-01-24 20:40:55'),
	(177, 79, 11, 'LABORATORIO', 'Agrego 1 elementos de GASTOS ADMINISTRATIVOS, con precio de $15.00', '2022-01-24 20:41:04'),
	(178, 79, 11, 'LABORATORIO', 'Agrego 1 elementos de HABITACION, con precio de $30.00', '2022-01-24 20:41:06'),
	(179, 79, 11, 'LABORATORIO', 'Agrego 1 elementos de ENFERMERIA, con precio de $30.00', '2022-01-24 20:41:09'),
	(180, 79, 11, 'LABORATORIO', 'Agrego 1 elementos de PAPELERIA, con precio de $10.00', '2022-01-24 20:41:11'),
	(181, 79, 11, 'LABORATORIO', 'Agrego 2 elementos de ROPERIA, con precio de $1.50', '2022-01-24 20:41:23'),
	(182, 79, 11, 'LABORATORIO', 'Agrego 2 elementos de AGUA CRISTAL LT. MAS VASO, con precio de $1.50', '2022-01-24 20:41:27'),
	(183, 79, 11, 'LABORATORIO', 'El usuario ha cerrado la cuenta', '2022-01-24 20:41:46'),
	(184, 79, 11, 'LABORATORIO', 'Creo el recibo número: 43', '2022-01-24 20:41:48'),
	(185, 77, 1, 'Informatica', 'Agrego el descuento: $5.75', '2022-01-29 15:52:35'),
	(186, 77, 1, 'Informatica', 'El usuario ha cerrado la cuenta', '2022-01-31 14:22:31'),
	(187, 77, 1, 'Informatica', 'Creo el recibo número: 44', '2022-01-31 14:48:20'),
	(188, 78, 1, 'Informatica', 'El usuario abrio nuevamente la cuenta', '2022-01-31 14:48:33'),
	(189, 78, 1, 'Informatica', 'El usuario ha cerrado la cuenta', '2022-01-31 14:48:51'),
	(190, 77, 1, 'Informatica', 'El usuario abrio nuevamente la cuenta', '2022-01-31 14:48:58'),
	(191, 77, 1, 'Informatica', 'El usuario abrio nuevamente la cuenta', '2022-01-31 14:48:58'),
	(192, 77, 1, 'Informatica', 'Agrego el descuento: $5', '2022-01-31 14:52:44'),
	(193, 77, 1, 'Informatica', 'El usuario ha cerrado la cuenta', '2022-01-31 14:53:33'),
	(194, 0, 1, 'Informatica', 'Creo el recibo número: 45', '2022-01-31 14:59:24'),
	(195, 77, 1, 'Informatica', 'El usuario abrio nuevamente la cuenta', '2022-01-31 21:03:53'),
	(196, 77, 1, 'Informatica', 'Agrego el descuento: $22', '2022-01-31 21:04:03'),
	(197, 77, 1, 'Informatica', 'El usuario ha cerrado la cuenta', '2022-01-31 21:04:25'),
	(198, 77, 1, 'Informatica', 'El usuario abrio nuevamente la cuenta', '2022-01-31 21:47:56'),
	(199, 77, 1, 'Informatica', 'Agrego el descuento: $0', '2022-01-31 21:48:01'),
	(200, 77, 1, 'Informatica', 'Agrego el descuento: $', '2022-01-31 21:48:17'),
	(201, 77, 1, 'Informatica', 'Agrego el descuento: $', '2022-01-31 21:48:34'),
	(202, 77, 1, 'Informatica', 'El usuario ha cerrado la cuenta', '2022-01-31 22:11:09'),
	(203, 77, 1, 'Informatica', 'El usuario abrio nuevamente la cuenta', '2022-01-31 22:12:26'),
	(204, 77, 1, 'Informatica', 'Agrego el descuento: $5.75', '2022-01-31 22:12:37'),
	(205, 77, 1, 'Informatica', 'Agrego el descuento: $', '2022-01-31 22:19:55'),
	(206, 80, 11, 'LABORATORIO', 'Creo la hoja de cobro', '2022-02-01 15:52:52'),
	(207, 80, 11, 'LABORATORIO', 'Agrego 1 elementos de GUANTE N° 6 1/2, con precio de $2.00', '2022-02-01 15:54:56'),
	(208, 80, 11, 'LABORATORIO', 'Agrego 2  elementos de JERINGA DE 3 ML, con precio de $1.15', '2022-02-01 15:55:33'),
	(209, 80, 11, 'LABORATORIO', 'Agrego al externo Dr. Fidel Alfredo Sandoval Paniagua(Honorarios) con un valor de $75', '2022-02-01 15:58:36'),
	(210, 80, 11, 'LABORATORIO', 'Cambio la cantidada del externo Dr. Fidel Alfredo Sandoval Paniagua(Honorarios) de $75.00 a $25', '2022-02-01 15:59:29'),
	(211, 80, 11, 'LABORATORIO', 'Cambio 2 elementos de JERINGA DE 3 ML a 2 elementos de JERINGA DE 20 ML', '2022-02-01 16:01:08'),
	(212, 80, 11, 'LABORATORIO', 'Edito de 1 elementos a 5 el medicamento GUANTE N° 6 1/2', '2022-02-01 16:02:16'),
	(213, 80, 11, 'LABORATORIO', 'El usuario ha cerrado la cuenta', '2022-02-01 16:12:07'),
	(214, 80, 11, 'LABORATORIO', 'Creo el recibo número: 45', '2022-02-01 16:12:35'),
	(215, 80, 11, 'LABORATORIO', 'El usuario abrio nuevamente la cuenta', '2022-02-01 16:17:32'),
	(216, 80, 11, 'LABORATORIO', 'Edito de 5 elementos a 2 el medicamento GUANTE N° 6 1/2', '2022-02-01 16:18:05'),
	(217, 80, 11, 'LABORATORIO', 'El usuario ha cerrado la cuenta', '2022-02-01 16:18:18'),
	(218, 77, 11, 'LABORATORIO', 'Elimino 1 elementos del medicamento ULTRASONOGRAFIA POR REGION', '2022-02-01 16:24:38'),
	(219, 77, 11, 'LABORATORIO', 'Agrego 1 elementos de ULTRASONIDO DE MUSCULO ESQUELETICO, con precio de $25.00', '2022-02-01 16:25:31'),
	(220, 77, 11, 'LABORATORIO', 'El usuario ha cerrado la cuenta', '2022-02-01 16:25:38'),
	(221, 81, 11, 'LABORATORIO', 'Creo la hoja de cobro', '2022-02-01 16:37:41'),
	(222, 81, 11, 'LABORATORIO', 'Agrego 1 elementos de JERINGA DE 5 ML, con precio de $1.15', '2022-02-01 16:38:09'),
	(223, 81, 11, 'LABORATORIO', 'Agrego 2 elementos de GUANTE N° 6 1/2, con precio de $2.00', '2022-02-01 16:38:52'),
	(224, 81, 11, 'LABORATORIO', 'Agrego 1 elementos de GUANTE N° 7, con precio de $2.00', '2022-02-01 16:38:57'),
	(225, 81, 11, 'LABORATORIO', 'Agrego 1 elementos de BUSCAPINA COMPUESTA, con precio de $4.00', '2022-02-01 16:39:22'),
	(226, 81, 11, 'LABORATORIO', 'Agrego al externo Dr. Fidel Alfredo Sandoval Paniagua(Honorarios) con un valor de $100', '2022-02-01 16:40:20'),
	(227, 81, 11, 'LABORATORIO', 'Elimino 1 elementos del medicamento GUANTE N° 7', '2022-02-01 16:41:21'),
	(228, 81, 11, 'LABORATORIO', 'Edito de 2 elementos a 1 el medicamento GUANTE N° 6 1/2', '2022-02-01 16:41:40'),
	(229, 82, 11, 'LABORATORIO', 'Creo la hoja de cobro', '2022-02-01 19:49:08'),
	(230, 82, 11, 'LABORATORIO', 'Agrego 2 elementos de Acetaminofen MK 500 mg, con precio de $0.10', '2022-02-01 19:50:41'),
	(231, 82, 11, 'LABORATORIO', 'Agrego 2 elementos de JERINGA DE 5 ML, con precio de $1.15', '2022-02-01 19:51:17'),
	(232, 82, 11, 'LABORATORIO', 'Agrego 1 elementos de TORUNDA DE ALGODÓN CON ALCOHOL, con precio de $0.15', '2022-02-01 19:51:33'),
	(233, 82, 11, 'LABORATORIO', 'Agrego 1 elementos de GUANTE N° 6 1/2, con precio de $2.00', '2022-02-01 19:52:30'),
	(234, 82, 11, 'LABORATORIO', 'Agrego al externo Dr. Fidel Alfredo Sandoval Paniagua(Honorarios) con un valor de $50', '2022-02-01 19:54:29'),
	(235, 82, 11, 'LABORATORIO', 'Edito de 1 elementos a 1 el medicamento GUANTE N° 6 1/2', '2022-02-01 19:56:27'),
	(236, 82, 11, 'LABORATORIO', 'El usuario ha cerrado la cuenta', '2022-02-01 19:57:39'),
	(237, 83, 11, 'LABORATORIO', 'Creo la hoja de cobro', '2022-02-01 20:04:28'),
	(238, 83, 11, 'LABORATORIO', 'Agrego 1 elementos de Verolax Gotas, con precio de $5.24', '2022-02-01 20:05:02'),
	(239, 83, 11, 'LABORATORIO', 'Agrego 1 elementos de Aciclovirax 200mg , con precio de $0.53', '2022-02-01 20:05:11'),
	(240, 83, 11, 'LABORATORIO', 'Agrego 1 elementos de Acetaminofen MK 500 mg, con precio de $0.10', '2022-02-01 20:05:20'),
	(241, 83, 11, 'LABORATORIO', 'Agrego 1 elementos de Para- Denk 250mg, con precio de $0.78', '2022-02-01 20:05:24'),
	(242, 83, 11, 'LABORATORIO', 'Agrego 1 elementos de JERINGA DE 3 ML, con precio de $1.15', '2022-02-01 20:05:40'),
	(243, 83, 11, 'LABORATORIO', 'Agrego 1 elementos de BOLSA RECOLECTORA KENDALL, con precio de $11.50', '2022-02-01 20:06:07'),
	(244, 83, 11, 'LABORATORIO', 'Agrego 1 elementos de Hioscina PL 20mg/ml, con precio de $1.95', '2022-02-01 20:06:47'),
	(245, 83, 11, 'LABORATORIO', 'Edito de 1 elementos a 0 el medicamento JERINGA DE 3 ML', '2022-02-01 20:17:21'),
	(246, 83, 11, 'LABORATORIO', 'Edito de 1 elementos a 0 el medicamento Para- Denk 250mg', '2022-02-01 20:19:14'),
	(247, 84, 11, 'LABORATORIO', 'Creo la hoja de cobro', '2022-02-01 20:25:32'),
	(248, 84, 11, 'LABORATORIO', 'Agrego 1 elementos de Acetaminofen Medikem 120mg/5ml Jarabe 120 ml, con precio de $7.50', '2022-02-01 20:26:30'),
	(249, 84, 11, 'LABORATORIO', 'Agrego 1 elementos de JERINGA DE 20 ML, con precio de $1.75', '2022-02-01 20:26:45'),
	(250, 85, 11, 'LABORATORIO', 'Creo la hoja de cobro', '2022-02-01 20:35:32'),
	(251, 85, 11, 'LABORATORIO', 'Agrego 1 elementos de Vitaminan C MK 500 MG , con precio de $0.18', '2022-02-01 20:39:37'),
	(252, 85, 11, 'LABORATORIO', 'Agrego 1 elementos de Solucion Dextrosa 5% 250ml, con precio de $2.12', '2022-02-01 20:50:49'),
	(253, 85, 11, 'LABORATORIO', 'Agrego 1 elementos de CATETER N° 18, con precio de $2.10', '2022-02-01 20:51:10'),
	(254, 85, 11, 'LABORATORIO', 'Agrego 1 elementos de CATETER DE VENA CENTRALTRIO, con precio de $80.00', '2022-02-01 20:52:01'),
	(255, 85, 11, 'LABORATORIO', 'Edito de 1 elementos a 0 el medicamento CATETER N° 18', '2022-02-01 20:53:25'),
	(256, 85, 11, 'LABORATORIO', 'Edito de 1 elementos a 1 el medicamento Solucion Dextrosa 5% 250ml', '2022-02-01 20:55:33'),
	(257, 86, 11, 'LABORATORIO', 'Creo la hoja de cobro', '2022-02-01 20:59:01'),
	(258, 86, 11, 'LABORATORIO', 'Agrego 1 elementos de Verolax Gotas, con precio de $5.24', '2022-02-01 21:01:14'),
	(259, 86, 11, 'LABORATORIO', 'Agrego 1 elementos de Acetaminofen MK 500 mg, con precio de $0.10', '2022-02-01 21:01:21'),
	(260, 86, 11, 'LABORATORIO', 'Agrego 1 elementos de Agua Bidestilada esteril PL 10 ML, con precio de $1.25', '2022-02-01 21:01:47'),
	(261, 86, 11, 'LABORATORIO', 'Agrego 1 elementos de JERINGA DE 5 ML, con precio de $1.15', '2022-02-01 21:02:13'),
	(262, 86, 11, 'LABORATORIO', 'Edito de 1 elementos a 0 el medicamento Acetaminofen MK 500 mg', '2022-02-01 21:04:44'),
	(263, 86, 11, 'LABORATORIO', 'El usuario ha cerrado la cuenta', '2022-02-01 21:07:50'),
	(264, 86, 11, 'LABORATORIO', 'Creo el recibo número: 46', '2022-02-01 21:08:18'),
	(265, 85, 11, 'LABORATORIO', 'Agrego 1 elementos de CATETER N° 20, con precio de $2.10', '2022-02-01 21:12:32'),
	(266, 87, 11, 'LABORATORIO', 'Creo la hoja de cobro', '2022-02-01 21:22:38'),
	(267, 88, 11, 'LABORATORIO', 'Creo la hoja de cobro', '2022-02-01 21:56:27'),
	(268, 88, 11, 'LABORATORIO', 'Agrego 1 elementos de JERINGA DE 20 ML, con precio de $1.75', '2022-02-01 22:00:24'),
	(269, 88, 11, 'LABORATORIO', 'Agrego 1 elementos de Solucion Dextrosa 5% 250ml, con precio de $2.12', '2022-02-01 22:00:44'),
	(270, 88, 11, 'LABORATORIO', 'Agrego 1 elementos de HEMOGRAMA COMPLETO, con precio de $5.00', '2022-02-01 22:01:36'),
	(271, 88, 11, 'LABORATORIO', 'Edito de 1 elementos a 0 el medicamento Solucion Dextrosa 5% 250ml', '2022-02-01 22:02:34'),
	(272, 88, 11, 'LABORATORIO', 'El usuario ha cerrado la cuenta', '2022-02-01 22:03:00'),
	(273, 88, 11, 'LABORATORIO', 'Creo el recibo número: 47', '2022-02-01 22:03:13'),
	(274, 88, 1, 'Informatica', 'El usuario abrio nuevamente la cuenta', '2022-02-08 14:22:22'),
	(275, 88, 1, 'Informatica', 'Agrego 1 elementos de Verolax Gotas, con precio de $5.24', '2022-02-08 15:41:55'),
	(276, 88, 1, 'Informatica', 'Edito de 1 elementos a 2 el medicamento Verolax Gotas', '2022-02-08 15:42:04'),
	(277, 88, 1, 'Informatica', 'Cambio 2 elementos de Verolax Gotas a 2 elementos de Ambroxol PL 15mg', '2022-02-08 15:42:13'),
	(278, 88, 1, 'Informatica', 'Elimino 2 elementos del medicamento Ambroxol PL 15mg', '2022-02-08 15:42:15'),
	(279, 89, 1, 'Informatica', 'Creo la hoja de cobro', '2022-02-12 14:40:46'),
	(280, 89, 1, 'Informatica', 'Agrego 1 elementos de ULTRASONIDO DE MUSCULO ESQUELETICO, con precio de $25.00', '2022-02-12 14:41:44'),
	(281, 89, 1, 'Informatica', 'Edito de 1 elementos a 2 el medicamento ULTRASONIDO DE MUSCULO ESQUELETICO', '2022-02-12 14:41:52'),
	(282, 89, 1, 'Informatica', 'Cambio 2 elementos de ULTRASONIDO DE MUSCULO ESQUELETICO a 50 elementos de LAB. HOSPITAL ORELLANA', '2022-02-12 14:42:09'),
	(283, 89, 1, 'Informatica', 'Elimino 50 elementos del medicamento LAB. HOSPITAL ORELLANA', '2022-02-12 14:42:17'),
	(284, 89, 1, 'Informatica', 'Agrego 1 elementos de ULTRASONIDO DE MUSCULO ESQUELETICO, con precio de $25.00', '2022-02-12 14:42:22'),
	(285, 89, 1, 'Informatica', 'El usuario ha cerrado la cuenta', '2022-02-12 14:42:40'),
	(286, 90, 1, 'Informatica', 'Creo la hoja de cobro', '2022-02-12 14:43:46'),
	(287, 90, 1, 'Informatica', 'Agrego 1 elementos de RX-HOSPITAL ORELLANA, con precio de $50', '2022-02-12 14:46:38'),
	(288, 102, 1, 'Informatica', 'Creo la hoja de cobro desde hemodialisis', '2022-02-16 18:00:36'),
	(289, 103, 1, 'Informatica', 'Creo la hoja de cobro desde hemodialisis', '2022-02-16 18:13:44'),
	(290, 104, 1, 'Informatica', 'Creo la hoja de cobro desde hemodialisis', '2022-02-16 18:23:07'),
	(291, 105, 1, 'Informatica', 'Creo la hoja de cobro desde hemodialisis', '2022-02-17 14:57:00'),
	(292, 106, 1, 'Informatica', 'Creo la hoja de cobro desde hemodialisis', '2022-02-17 18:00:43'),
	(293, 107, 1, 'Informatica', 'Creo la hoja de cobro desde hemodialisis', '2022-02-18 14:28:50'),
	(294, 107, 1, 'Informatica', 'El usuario ha cerrado la cuenta', '2022-02-18 14:52:27'),
	(295, 107, 1, 'Informatica', 'Creo el recibo número: 48', '2022-02-18 14:52:32'),
	(296, 108, 1, 'Informatica', 'Creo la hoja de cobro desde hemodialisis', '2022-02-18 15:36:52'),
	(297, 109, 1, 'Informatica', 'Creo la hoja de cobro desde hemodialisis', '2022-02-18 15:40:09'),
	(298, 109, 1, 'Informatica', 'El usuario ha cerrado la cuenta', '2022-02-18 15:40:31'),
	(299, 109, 1, 'Informatica', 'Creo el recibo número: 49', '2022-02-18 15:40:35'),
	(300, 110, 1, 'Informatica', 'Creo la hoja de cobro desde hemodialisis', '2022-02-18 19:48:00'),
	(301, 110, 1, 'Informatica', 'El usuario ha cerrado la cuenta', '2022-02-18 19:48:22'),
	(302, 110, 1, 'Informatica', 'Creo el recibo número: 50', '2022-02-18 19:48:25'),
	(303, 108, 1, 'Informatica', 'Agrego 1 elementos de Verolax Gotas, con precio de $5.24', '2022-02-24 14:27:42'),
	(304, 111, 1, 'Informatica', 'Creo la hoja de cobro', '2022-02-28 16:02:13'),
	(305, 1, 1, 'Informatica', 'El usuario abrio nuevamente la cuenta', '2022-04-02 17:00:06'),
	(306, 111, 1, 'Informatica', 'Agrego 1 elementos de Verolax Gotas, con precio de $5.24', '2022-04-04 14:20:35'),
	(307, 111, 1, 'Informatica', 'Agrego 1 elementos de GLUCOSA EN ORINA AL AZAR, con precio de $8.00', '2022-04-04 14:20:38'),
	(308, 111, 1, 'Informatica', 'Agrego 1 elementos de Bromacepam MK 3MG, con precio de $0.26', '2022-04-04 14:20:47'),
	(309, 111, 1, 'Informatica', 'Agrego 1 elementos de Budesonida Pisa 0.5mg/ml, con precio de $4.31', '2022-04-04 14:20:48'),
	(310, 111, 1, 'Informatica', 'Agrego 1 elementos de Betoptic-s Suspensión Oftalmica, con precio de $21.61', '2022-04-04 14:20:49'),
	(311, 111, 1, 'Informatica', 'El usuario ha cerrado la cuenta', '2022-04-04 14:21:14'),
	(312, 111, 1, 'Informatica', 'El usuario abrio nuevamente la cuenta', '2022-04-04 14:39:53'),
	(313, 111, 1, 'Informatica', 'Agrego al externo Dr. Luis Gerardo Bernabel Cañas(Honorarios) con un valor de $50', '2022-04-04 14:40:18'),
	(314, 111, 1, 'Informatica', 'Agrego 1 elementos de PERFIL SALUDABLE PROM., con precio de $19.95', '2022-04-05 16:05:50'),
	(315, 111, 1, 'Informatica', 'Agrego 1 elementos de PERFIL SANO PROM., con precio de $9.99', '2022-04-05 16:05:51'),
	(316, 111, 1, 'Informatica', 'Agrego 1 elementos de PRUEBA DE EMBAZO EN SANGRE, con precio de $10.00', '2022-04-05 16:06:00'),
	(317, 111, 1, 'Informatica', 'Agrego 1 elementos de CREATININA EN SANGRE, con precio de $4.50', '2022-04-05 16:06:00'),
	(318, 111, 1, 'Informatica', 'Agrego 1 elementos de RX-ARCO SIGOMATICO, con precio de $20.00', '2022-04-05 16:06:06'),
	(319, 111, 1, 'Informatica', 'Agrego 1 elementos de RX-COLUMNA CERVICAL, con precio de $29.00', '2022-04-05 16:06:06'),
	(320, 111, 1, 'Informatica', 'El usuario ha cerrado la cuenta', '2022-04-05 16:06:12'),
	(321, 111, 1, 'Informatica', 'Creo el recibo número: 51', '2022-04-05 16:06:14'),
	(322, 108, 1, 'Informatica', 'Agrego 1 elementos de PERFIL SANO PROM., con precio de $9.99', '2022-04-05 16:28:07'),
	(323, 108, 1, 'Informatica', 'Agrego 1 elementos de CREATININA EN SANGRE, con precio de $4.50', '2022-04-05 16:28:14'),
	(324, 108, 1, 'Informatica', 'Agrego 1 elementos de LAB. HOSPITAL ORELLANA, con precio de $9.50', '2022-04-05 16:28:41'),
	(325, 108, 1, 'Informatica', 'Elimino 1 elementos del medicamento LAB. HOSPITAL ORELLANA', '2022-04-05 16:29:03'),
	(326, 108, 1, 'Informatica', 'Elimino 1 elementos del medicamento CREATININA EN SANGRE', '2022-04-05 16:29:05'),
	(327, 108, 1, 'Informatica', 'Elimino 1 elementos del medicamento PERFIL SANO PROM.', '2022-04-05 16:29:06'),
	(328, 108, 1, 'Informatica', 'Agrego el descuento: $0', '2022-04-11 20:38:24'),
	(329, 108, 1, 'Informatica', 'Agrego el descuento: $20', '2022-04-11 20:38:35'),
	(330, 108, 1, 'Informatica', 'Agrego el descuento: $20', '2022-04-11 20:50:17'),
	(331, 108, 1, 'Informatica', 'Agrego el descuento: $25', '2022-04-11 20:52:57'),
	(332, 108, 1, 'Informatica', 'Agrego el descuento: $50', '2022-04-11 20:53:53'),
	(333, 108, 1, 'Informatica', 'Agrego el descuento: $0', '2022-04-11 20:56:27'),
	(334, 108, 1, 'Informatica', 'Agrego al externo Dr. Carlos Ernesto Trejo(Honorarios) con un valor de $100', '2022-04-11 20:57:21'),
	(335, 108, 1, 'Informatica', 'Agrego el descuento: $25', '2022-04-11 21:07:11'),
	(336, 108, 1, 'Informatica', 'Agrego el descuento: $0', '2022-04-11 21:11:17'),
	(337, 108, 1, 'Informatica', 'Agrego el descuento: $20', '2022-04-11 21:11:25'),
	(338, 108, 1, 'Informatica', 'Agrego el descuento: $0', '2022-04-11 21:12:42'),
	(339, 108, 1, 'Informatica', 'Agrego el descuento: $25', '2022-04-11 21:14:13'),
	(340, 108, 1, 'Informatica', 'Agrego el descuento: $0.00', '2022-04-11 21:31:02'),
	(341, 108, 1, 'Informatica', 'Agrego el descuento: $25', '2022-04-11 21:36:27'),
	(342, 108, 1, 'Informatica', 'Agrego el descuento: $0.00', '2022-04-11 21:39:17'),
	(343, 108, 1, 'Informatica', 'Agrego el descuento: $25', '2022-04-11 21:40:22'),
	(344, 108, 1, 'Informatica', 'Agrego el descuento: $0.00', '2022-04-11 21:41:19'),
	(345, 108, 1, 'Informatica', 'Agrego el descuento: $25', '2022-04-11 21:42:19'),
	(346, 108, 1, 'Informatica', 'Agrego el descuento: $0', '2022-04-11 21:42:26'),
	(347, 108, 1, 'Informatica', 'Agrego el descuento: $10', '2022-04-11 21:47:14'),
	(348, 108, 1, 'Informatica', 'Agrego el descuento: $0', '2022-04-11 21:52:11'),
	(349, 108, 1, 'Informatica', 'Agrego el descuento: $25', '2022-04-11 21:54:00'),
	(350, 108, 1, 'Informatica', 'Agrego el descuento: $0', '2022-04-11 21:54:08'),
	(351, 108, 1, 'Informatica', 'Agrego el descuento: $25', '2022-04-11 21:56:51'),
	(352, 108, 1, 'Informatica', 'Agrego el descuento: $0.00', '2022-04-11 21:57:26'),
	(353, 108, 1, 'Informatica', 'Agrego el descuento: $25', '2022-04-11 21:58:25'),
	(354, 108, 1, 'Informatica', 'Agrego el descuento: $25', '2022-04-11 21:59:15'),
	(355, 108, 1, 'Informatica', 'Agrego el descuento: $0.00', '2022-04-11 21:59:39'),
	(356, 108, 1, 'Informatica', 'Agrego el descuento: $25', '2022-04-11 22:02:03'),
	(357, 108, 1, 'Informatica', 'Agrego el descuento: $0', '2022-04-11 22:05:46'),
	(358, 108, 1, 'Informatica', 'Agrego el descuento: $25', '2022-04-11 22:07:39'),
	(359, 108, 1, 'Informatica', 'El usuario ha cerrado la cuenta', '2022-04-11 22:07:51'),
	(360, 108, 1, 'Informatica', 'Creo el recibo número: 52', '2022-04-11 22:08:07'),
	(361, 112, 1, 'Informatica', 'Creo la hoja de cobro', '2022-04-11 22:14:55'),
	(362, 112, 1, 'Informatica', 'Agrego 10 elementos de Verolax Gotas, con precio de $0.00', '2022-04-11 22:15:13'),
	(363, 112, 1, 'Informatica', 'Edito de 10 elementos a 105 el medicamento Verolax Gotas', '2022-04-11 22:15:24'),
	(364, 112, 1, 'Informatica', 'Edito de 105 elementos a 5 el medicamento Verolax Gotas', '2022-04-11 22:15:28'),
	(365, 112, 1, 'Informatica', 'Elimino 10 elementos del medicamento Verolax Gotas', '2022-04-11 22:15:39'),
	(366, 112, 1, 'Informatica', 'Agrego 10 elementos de Verolax Gotas, con precio de $0.00', '2022-04-11 22:15:57'),
	(367, 112, 1, 'Informatica', 'Elimino 10 elementos del medicamento Verolax Gotas', '2022-04-11 22:16:10'),
	(368, 112, 1, 'Informatica', 'Agrego 14 elementos de Verolax Gotas, con precio de $0.00', '2022-04-11 22:16:39'),
	(369, 112, 1, 'Informatica', 'Edito de 14 elementos a 7 el medicamento Verolax Gotas', '2022-04-11 22:16:50'),
	(370, 112, 1, 'Informatica', 'Elimino 7 elementos del medicamento Verolax Gotas', '2022-04-11 22:17:03'),
	(371, 111, 1, 'Informatica', 'Agrego el descuento: $20', '2022-04-12 14:11:08'),
	(372, 107, 1, 'Informatica', 'Agrego el descuento: $20', '2022-04-12 14:11:57'),
	(373, 57, 1, 'Informatica', 'Agrego 1 elementos de Acetaminofen Medikem 120mg/5ml Jarabe 120 ml, con precio de $7.50', '2022-04-12 14:12:36'),
	(374, 57, 1, 'Informatica', 'Agrego 1 elementos de Aciclovirax 200mg , con precio de $0.53', '2022-04-12 14:12:37'),
	(375, 57, 1, 'Informatica', 'Agrego 1 elementos de Megafol-9 5mg tableta, con precio de $0.18', '2022-04-12 14:12:37'),
	(376, 57, 1, 'Informatica', 'Agrego 1 elementos de Lacritir 0.2 % Gel , con precio de $12.84', '2022-04-12 14:12:38'),
	(377, 57, 1, 'Informatica', 'Agrego 1 elementos de LAB. HOSPITAL ORELLANA, con precio de $50', '2022-04-12 14:12:54'),
	(378, 57, 1, 'Informatica', 'Agrego 1 elementos de RX-HOSPITAL ORELLANA, con precio de $25', '2022-04-12 14:12:56'),
	(379, 57, 1, 'Informatica', 'Agrego 2 elementos de Vitamina K PL 10mg/ml, con precio de $1.50', '2022-04-12 14:13:05'),
	(380, 57, 1, 'Informatica', 'Agrego 10 elementos de Suero Oral Vitaminado, con precio de $0.39', '2022-04-12 14:13:08'),
	(381, 57, 1, 'Informatica', 'Agrego al externo Dr. Walter Enrique Mitjavila(Honorarios) con un valor de $25', '2022-04-12 14:13:33'),
	(382, 57, 1, 'Informatica', 'Agrego el descuento: $25', '2022-04-12 14:13:54'),
	(383, 57, 1, 'Informatica', 'El usuario ha cerrado la cuenta', '2022-04-12 14:14:39'),
	(384, 112, 1, 'Informatica', 'El usuario ha cerrado la cuenta', '2022-04-26 13:55:05'),
	(385, 106, 1, 'Informatica', 'Agrego 1 elementos de Verolax Gotas, con precio de $5.24', '2022-04-26 16:18:59'),
	(386, 106, 1, 'Informatica', 'Agrego 1 elementos de Verolax Gotas, con precio de $5.24', '2022-04-26 16:19:18'),
	(387, 106, 1, 'Informatica', 'Agrego 1 elementos de Verolax Gotas, con precio de $5.24', '2022-04-26 16:21:47'),
	(388, 106, 1, 'Informatica', 'Agrego 1 elementos de Verolax Gotas, con precio de $5.24', '2022-04-26 16:22:05'),
	(389, 106, 1, 'Informatica', 'Agrego 1 elementos de Verolax Gotas, con precio de $5.24', '2022-04-26 16:22:15'),
	(390, 106, 1, 'Informatica', 'Agrego 1 elementos de Acetaminofen Medikem 120mg/5ml Jarabe 120 ml, con precio de $7.50', '2022-04-26 16:22:17'),
	(391, 106, 1, 'Informatica', 'Agrego 1 elementos de Acetaminofen MK 500 mg, con precio de $0.10', '2022-04-26 16:22:19'),
	(392, 106, 1, 'Informatica', 'Agrego 1 elementos de Para- Denk 250mg, con precio de $0.78', '2022-04-26 16:22:20'),
	(393, 106, 1, 'Informatica', 'Agrego 1 elementos de Aciclovirax 200mg , con precio de $0.53', '2022-04-26 16:22:20'),
	(394, 106, 1, 'Informatica', 'Agrego 1 elementos de Nor Clovir 200mg/5ml, con precio de $19.48', '2022-04-26 16:22:21'),
	(395, 106, 1, 'Informatica', 'Agrego 1 elementos de Vitaminan C MK 500 MG , con precio de $0.18', '2022-04-26 16:22:21'),
	(396, 106, 1, 'Informatica', 'Agrego 1 elementos de Megafol-9 5mg tableta, con precio de $0.18', '2022-04-26 16:22:21'),
	(397, 106, 1, 'Informatica', 'Agrego 1 elementos de Fucidin Leo 2% crema, con precio de $15.50', '2022-04-26 16:22:23'),
	(398, 106, 1, 'Informatica', 'Agrego 1 elementos de Verolax Gotas, con precio de $5.24', '2022-04-26 16:24:33'),
	(399, 106, 1, 'Informatica', 'Agrego 1 elementos de Acetaminofen Medikem 120mg/5ml Jarabe 120 ml, con precio de $7.50', '2022-04-26 16:24:35'),
	(400, 106, 1, 'Informatica', 'Agrego 1 elementos de Acetaminofen MK 500 mg, con precio de $0.10', '2022-04-26 16:24:36'),
	(401, 106, 1, 'Informatica', 'Agrego 1 elementos de Verolax Gotas, con precio de $5.24', '2022-04-26 16:24:50'),
	(402, 106, 1, 'Informatica', 'Agrego 1 elementos de Verolax Gotas, con precio de $5.24', '2022-04-26 16:25:10'),
	(403, 106, 1, 'Informatica', 'Agrego 1 elementos de Verolax Gotas, con precio de $5.24', '2022-04-26 16:25:22'),
	(404, 106, 1, 'Informatica', 'Agrego 1 elementos de Verolax Gotas, con precio de $5.24', '2022-04-26 16:28:34'),
	(405, 106, 1, 'Informatica', 'Agrego 1 elementos de Acetaminofen Medikem 120mg/5ml Jarabe 120 ml, con precio de $7.50', '2022-04-26 16:28:36'),
	(406, 106, 1, 'Informatica', 'Agrego al externo Caja Ortopédica (Dr. Santos) con un valor de $0', '2022-04-26 16:34:52'),
	(407, 106, 1, 'Informatica', 'Agrego al externo Dr. Adilson Zelaya(Honorarios) con un valor de $0', '2022-04-26 16:34:55'),
	(408, 106, 1, 'Informatica', 'Agrego al externo Dr. Carlos Eduardo Muñoz Marquez(Honorarios) con un valor de $0', '2022-04-26 16:34:57'),
	(409, 106, 1, 'Informatica', 'Agrego al externo Caja Ortopédica (Dr. Santos) con un valor de $0', '2022-04-26 16:35:58'),
	(410, 106, 1, 'Informatica', 'Agrego al externo Dr. Carlos Eduardo Muñoz Marquez(Honorarios) con un valor de $0', '2022-04-26 16:36:00'),
	(411, 106, 1, 'Informatica', 'Agrego 2 elementos de FIBRA DE VIDRIO 4 PULGADAS, con precio de $25.99', '2022-04-26 16:40:56'),
	(412, 106, 1, 'Informatica', 'Agrego 3 elementos de FIBRA DE VIDRIO 4 PULGADAS, con precio de $25.99', '2022-04-26 16:41:07'),
	(413, 106, 1, 'Informatica', 'Agrego 1 elementos de FIBRA DE VIDRIO 5 PULGADAS, con precio de $25.99', '2022-04-26 16:41:35'),
	(414, 106, 1, 'Informatica', 'Edito de 1 elementos a 1 el medicamento Verolax Gotas', '2022-04-26 16:58:29'),
	(415, 106, 1, 'Informatica', 'Edito de 1 elementos a 1 el medicamento Acetaminofen Medikem 120mg/5ml Jarabe 120 ml', '2022-04-26 16:58:50'),
	(416, 106, 1, 'Informatica', 'Edito de 1 elementos a 1 el medicamento Verolax Gotas', '2022-04-26 16:59:51'),
	(417, 106, 1, 'Informatica', 'Edito de 1 elementos a 1 el medicamento FIBRA DE VIDRIO 5 PULGADAS', '2022-04-26 17:00:34'),
	(418, 106, 1, 'Informatica', 'Edito de 1 elementos a 1 el medicamento FIBRA DE VIDRIO 5 PULGADAS', '2022-04-26 17:01:04'),
	(419, 106, 1, 'Informatica', 'Edito de 1 elementos a 1 el medicamento FIBRA DE VIDRIO 5 PULGADAS', '2022-04-26 17:02:19'),
	(420, 106, 1, 'Informatica', 'Edito de 1 elementos a 1 el medicamento FIBRA DE VIDRIO 5 PULGADAS', '2022-04-26 17:02:54'),
	(421, 106, 1, 'Informatica', 'Edito de 1 elementos a 1 el medicamento Acetaminofen Medikem 120mg/5ml Jarabe 120 ml', '2022-04-26 17:03:01'),
	(422, 106, 1, 'Informatica', 'Edito de 1 elementos a 1 el medicamento Verolax Gotas', '2022-04-26 17:03:04'),
	(423, 106, 1, 'Informatica', 'Edito de 1 elementos a 12 el medicamento FIBRA DE VIDRIO 5 PULGADAS', '2022-04-26 17:06:36'),
	(424, 106, 1, 'Informatica', 'Edito de 12 elementos a 1 el medicamento FIBRA DE VIDRIO 5 PULGADAS', '2022-04-26 17:07:48'),
	(425, 106, 1, 'Informatica', 'Edito de 1 elementos a 100 el medicamento FIBRA DE VIDRIO 5 PULGADAS', '2022-04-26 17:07:57'),
	(426, 106, 1, 'Informatica', 'Edito de 100 elementos a 10 el medicamento FIBRA DE VIDRIO 5 PULGADAS', '2022-04-26 17:08:17'),
	(427, 106, 1, 'Informatica', 'Edito de 10 elementos a 1 el medicamento FIBRA DE VIDRIO 5 PULGADAS', '2022-04-26 17:08:19'),
	(428, 106, 1, 'Informatica', 'Edito de 1 elementos a 100 el medicamento FIBRA DE VIDRIO 5 PULGADAS', '2022-04-26 17:08:24'),
	(429, 106, 1, 'Informatica', 'Edito de 100 elementos a 10 el medicamento FIBRA DE VIDRIO 5 PULGADAS', '2022-04-26 17:08:27'),
	(430, 106, 1, 'Informatica', 'Edito de 10 elementos a 5 el medicamento FIBRA DE VIDRIO 5 PULGADAS', '2022-04-26 17:08:31'),
	(431, 106, 1, 'Informatica', 'Edito de 3 elementos a 1 el medicamento FIBRA DE VIDRIO 4 PULGADAS', '2022-04-26 17:09:25'),
	(432, 106, 1, 'Informatica', 'Edito de 1 elementos a 98 el medicamento FIBRA DE VIDRIO 4 PULGADAS', '2022-04-26 17:09:46'),
	(433, 106, 1, 'Informatica', 'Edito de 2 elementos a 1 el medicamento FIBRA DE VIDRIO 4 PULGADAS', '2022-04-26 17:09:54'),
	(434, 106, 1, 'Informatica', 'Edito de 98 elementos a 4 el medicamento FIBRA DE VIDRIO 4 PULGADAS', '2022-04-26 17:10:03'),
	(435, 106, 1, 'Informatica', 'Edito de 5 elementos a 5 el medicamento FIBRA DE VIDRIO 5 PULGADAS', '2022-04-26 17:11:45'),
	(436, 106, 1, 'Informatica', 'Edito de 4 elementos a 4 el medicamento FIBRA DE VIDRIO 4 PULGADAS', '2022-04-26 17:11:58'),
	(437, 106, 1, 'Informatica', 'Edito de 4 elementos a 4 el medicamento FIBRA DE VIDRIO 4 PULGADAS', '2022-04-26 17:12:00'),
	(438, 106, 1, 'Informatica', 'Edito de 4 elementos a 4 el medicamento FIBRA DE VIDRIO 4 PULGADAS', '2022-04-26 17:12:01'),
	(439, 106, 1, 'Informatica', 'Edito de 4 elementos a 2 el medicamento FIBRA DE VIDRIO 4 PULGADAS', '2022-04-26 17:12:10'),
	(440, 106, 1, 'Informatica', 'Edito de 1 elementos a 1 el medicamento Acetaminofen Medikem 120mg/5ml Jarabe 120 ml', '2022-04-26 17:12:48'),
	(441, 106, 1, 'Informatica', 'Elimino 5 elementos del medicamento FIBRA DE VIDRIO 5 PULGADAS', '2022-04-26 17:18:28'),
	(442, 106, 1, 'Informatica', 'Elimino 2 elementos del medicamento FIBRA DE VIDRIO 4 PULGADAS', '2022-04-26 17:18:32'),
	(443, 106, 1, 'Informatica', 'Elimino 5 elementos del medicamento FIBRA DE VIDRIO 5 PULGADAS', '2022-04-26 17:18:33'),
	(444, 106, 1, 'Informatica', 'Elimino 1 elementos del medicamento Acetaminofen Medikem 120mg/5ml Jarabe 120 ml', '2022-04-26 17:18:33'),
	(445, 106, 1, 'Informatica', 'Elimino 1 elementos del medicamento Verolax Gotas', '2022-04-26 17:18:34'),
	(446, 106, 1, 'Informatica', 'Elimino 1 elementos del medicamento FIBRA DE VIDRIO 4 PULGADAS', '2022-04-26 17:18:35'),
	(447, 106, 1, 'Informatica', 'Edito de 1 elementos a 2 el medicamento FIBRA DE VIDRIO 4 PULGADAS', '2022-04-26 17:19:17'),
	(448, 106, 1, 'Informatica', 'Elimino 2 elementos del medicamento FIBRA DE VIDRIO 4 PULGADAS', '2022-04-26 17:19:23'),
	(449, 106, 1, 'Informatica', 'Elimino 5 elementos del medicamento FIBRA DE VIDRIO 5 PULGADAS', '2022-04-26 17:19:38'),
	(450, 106, 1, 'Informatica', 'Agrego al externo Caja Ortopédica (Dr. Santos) con un valor de $50', '2022-04-26 17:20:03'),
	(451, 106, 1, 'Informatica', 'Cambio la cantidada del externo Caja Ortopédica (Dr. Santos) de $50.00 a $100', '2022-04-26 17:20:12'),
	(452, 106, 1, 'Informatica', 'El usuario ha cerrado la cuenta', '2022-04-26 17:22:40'),
	(453, 106, 1, 'Informatica', 'El usuario abrio nuevamente la cuenta', '2022-04-26 17:23:04'),
	(454, 106, 1, 'Informatica', 'El usuario ha cerrado la cuenta', '2022-04-26 17:42:40'),
	(455, 106, 1, 'Informatica', 'El usuario abrio nuevamente la cuenta', '2022-04-26 17:50:40'),
	(456, 106, 1, 'Informatica', 'Agrego 2 elementos de Exetin-A 4000 UI, con precio de $31.00', '2022-04-26 21:50:07'),
	(457, 106, 1, 'Informatica', 'Elimino 2 elementos del medicamento Exetin-A 4000 UI', '2022-04-26 22:09:40'),
	(458, 106, 1, 'Informatica', 'El usuario ha cerrado la cuenta', '2022-04-26 22:17:50'),
	(459, 90, 1, 'Informatica', 'Agrego al externo Dr. Juan Carlos Reyes Vargas(Honorarios) con un valor de $25', '2022-05-09 15:17:55'),
	(460, 90, 1, 'Informatica', 'El usuario ha cerrado la cuenta', '2022-05-09 15:19:25'),
	(461, 112, 1, 'Informatica', 'El usuario abrio nuevamente la cuenta', '2022-05-09 15:47:44'),
	(462, 112, 1, 'Informatica', 'Agrego 1 elementos de LAB. HOSPITAL ORELLANA, con precio de $25', '2022-05-09 15:47:59'),
	(463, 112, 1, 'Informatica', 'El usuario ha cerrado la cuenta', '2022-05-09 15:48:05'),
	(464, 112, 1, 'Informatica', 'El usuario abrio nuevamente la cuenta', '2022-05-09 15:48:11'),
	(465, 112, 1, 'Informatica', 'Agrego al externo Dr. Luis Gerardo Bernabel Cañas(Honorarios) con un valor de $10', '2022-05-09 15:48:19'),
	(466, 112, 1, 'Informatica', 'El usuario ha cerrado la cuenta', '2022-05-09 15:48:28'),
	(467, 105, 1, 'Informatica', 'Agrego al externo Dr. Carlos Roberto Vidaurre Flores(Honorarios) con un valor de $150', '2022-05-17 02:31:31'),
	(468, 105, 1, 'Informatica', 'El usuario ha cerrado la cuenta', '2022-05-17 02:31:56'),
	(469, 113, 1, 'Informatica', 'Creo la hoja de cobro', '2022-05-16 20:09:22'),
	(470, 113, 1, 'Informatica', 'Agrego 12 elementos de Verolax Gotas, con precio de $5.24', '2022-05-16 20:09:38'),
	(471, 113, 1, 'Informatica', 'Edito de 12 elementos a 2 el medicamento Verolax Gotas', '2022-05-16 20:09:55'),
	(472, 113, 1, 'Informatica', 'Agrego 5 elementos de Aluboro Polvo para solución 36.45%+51.8%, con precio de $0.50', '2022-05-16 20:10:43'),
	(473, 113, 1, 'Informatica', 'Agrego 1 elementos de Meropenem 500mg , con precio de $36.09', '2022-05-16 20:11:14'),
	(474, 113, 1, 'Informatica', 'Cambio 1 elementos de Meropenem 500mg  a 5 elementos de Acetaminofen Medikem 120mg/5ml Jarabe 120 ml', '2022-05-16 20:12:40'),
	(475, 113, 1, 'Informatica', 'Agrego al externo Dr. Luis Gerardo Bernabel Cañas(Honorarios) con un valor de $50', '2022-05-16 20:13:41'),
	(476, 113, 1, 'Informatica', 'Agrego el descuento: $0.20', '2022-05-16 20:16:07'),
	(477, 113, 1, 'Informatica', 'Agrego el descuento: $20', '2022-05-16 20:20:34'),
	(478, 113, 1, 'Informatica', 'El usuario ha cerrado la cuenta', '2022-05-16 20:38:24'),
	(479, 113, 1, 'Informatica', 'Creo el recibo número: 53', '2022-05-16 20:38:45'),
	(480, 105, 11, 'LABORATORIO', 'Creo el recibo número: 54', '2022-05-23 22:21:19'),
	(481, 113, 11, 'LABORATORIO', 'El usuario abrio nuevamente la cuenta', '2022-07-25 21:26:18'),
	(482, 113, 11, 'LABORATORIO', 'El usuario ha cerrado la cuenta', '2022-07-25 21:26:24'),
	(483, 113, 1, 'Informatica', 'El usuario abrio nuevamente la cuenta', '2022-07-25 21:59:07'),
	(484, 113, 1, 'Informatica', 'Agrego 1 elementos de EXAMEN GENERAL DE ORINA, con precio de $1.50', '2022-07-25 21:59:26'),
	(485, 113, 1, 'Informatica', 'Agrego 1 elementos de RX-CLAVICULA, con precio de $20.00', '2022-07-25 21:59:47'),
	(486, 113, 1, 'Informatica', 'Agrego 1 elementos de ULTRASONIDO DE MUSCULO ESQUELETICO, con precio de $25.00', '2022-07-25 21:59:52'),
	(487, 113, 1, 'Informatica', 'Agrego 1 elementos de ULTRASONIDO DE MUSCULO ESQUELETICO EN HORA NO HABIL, con precio de $38.00', '2022-07-25 21:59:52'),
	(488, 113, 1, 'Informatica', 'El usuario ha cerrado la cuenta', '2022-07-25 22:00:08'),
	(489, 103, 1, 'Informatica', 'Agrego 1 elementos de VIMPICIL . AMPICILINA, con precio de $0.72', '2022-08-09 21:48:32'),
	(490, 103, 1, 'Informatica', 'Edito de 1 elementos a 10 el medicamento VIMPICIL . AMPICILINA', '2022-08-09 21:54:01'),
	(491, 103, 1, 'Informatica', 'Edito de 10 elementos a 100 el medicamento VIMPICIL . AMPICILINA', '2022-08-09 21:54:04'),
	(492, 103, 1, 'Informatica', 'Edito de 100 elementos a 1000 el medicamento VIMPICIL . AMPICILINA', '2022-08-09 21:54:09'),
	(493, 103, 1, 'Informatica', 'Edito de 1000 elementos a 10 el medicamento VIMPICIL . AMPICILINA', '2022-08-09 21:54:20'),
	(494, 103, 1, 'Informatica', 'Edito de 10 elementos a 1 el medicamento VIMPICIL . AMPICILINA', '2022-08-09 21:54:30'),
	(495, 103, 1, 'Informatica', 'Elimino 10 elementos del medicamento VIMPICIL . AMPICILINA', '2022-08-09 22:00:11'),
	(496, 103, 1, 'Informatica', 'Agrego 9 elementos de VIMPICIL . AMPICILINA, con precio de $0.72', '2022-08-09 22:00:37'),
	(497, 103, 1, 'Informatica', 'Edito de 9 elementos a 90 el medicamento VIMPICIL . AMPICILINA', '2022-08-09 22:00:48'),
	(498, 103, 1, 'Informatica', 'Edito de 90 elementos a 900 el medicamento VIMPICIL . AMPICILINA', '2022-08-09 22:00:52'),
	(499, 103, 1, 'Informatica', 'Edito de 900 elementos a 9000 el medicamento VIMPICIL . AMPICILINA', '2022-08-09 22:00:55'),
	(500, 103, 1, 'Informatica', 'Edito de 9000 elementos a 90 el medicamento VIMPICIL . AMPICILINA', '2022-08-09 22:01:10'),
	(501, 103, 1, 'Informatica', 'Edito de 90 elementos a 9 el medicamento VIMPICIL . AMPICILINA', '2022-08-09 22:01:21'),
	(502, 103, 1, 'Informatica', 'Edito de 9 elementos a 2 el medicamento VIMPICIL . AMPICILINA', '2022-08-09 22:01:27'),
	(503, 103, 1, 'Informatica', 'Elimino 9 elementos del medicamento VIMPICIL . AMPICILINA', '2022-08-09 22:01:38'),
	(504, 103, 1, 'Informatica', 'Agrego 1 elementos de VIMPICIL . AMPICILINA, con precio de $0.72', '2022-08-09 22:02:53'),
	(505, 103, 1, 'Informatica', 'Edito de 1 elementos a 10 el medicamento VIMPICIL . AMPICILINA', '2022-08-09 22:03:04'),
	(506, 103, 1, 'Informatica', 'Edito de 10 elementos a 101 el medicamento VIMPICIL . AMPICILINA', '2022-08-09 22:03:08'),
	(507, 103, 1, 'Informatica', 'Edito de 101 elementos a 999 el medicamento VIMPICIL . AMPICILINA', '2022-08-09 22:03:12'),
	(508, 103, 1, 'Informatica', 'Edito de 999 elementos a 10 el medicamento VIMPICIL . AMPICILINA', '2022-08-09 22:03:25'),
	(509, 103, 1, 'Informatica', 'Edito de 10 elementos a 1 el medicamento VIMPICIL . AMPICILINA', '2022-08-09 22:03:38'),
	(510, 103, 1, 'Informatica', 'Elimino 1 elementos del medicamento VIMPICIL . AMPICILINA', '2022-08-09 22:04:47'),
	(511, 103, 1, 'Informatica', 'Agrego 1 elementos de VIMPICIL . AMPICILINA, con precio de $0.72', '2022-08-09 22:07:27'),
	(512, 103, 1, 'Informatica', 'Edito de 1 elementos a 10 el medicamento VIMPICIL . AMPICILINA', '2022-08-09 22:07:32'),
	(513, 103, 1, 'Informatica', 'Edito de 10 elementos a 100 el medicamento VIMPICIL . AMPICILINA', '2022-08-09 22:07:36'),
	(514, 103, 1, 'Informatica', 'Edito de 100 elementos a 1 el medicamento VIMPICIL . AMPICILINA', '2022-08-09 22:07:45'),
	(515, 103, 1, 'Informatica', 'Elimino 100 elementos del medicamento VIMPICIL . AMPICILINA', '2022-08-09 22:07:52'),
	(516, 103, 1, 'Informatica', 'Agrego 1 elementos de VIMPICIL . AMPICILINA, con precio de $0.72', '2022-08-09 22:08:25'),
	(517, 103, 1, 'Informatica', 'Edito de 1 elementos a 10 el medicamento VIMPICIL . AMPICILINA', '2022-08-09 22:08:44'),
	(518, 103, 1, 'Informatica', 'Edito de 10 elementos a 100 el medicamento VIMPICIL . AMPICILINA', '2022-08-09 22:08:53'),
	(519, 103, 1, 'Informatica', 'Edito de 100 elementos a 1 el medicamento VIMPICIL . AMPICILINA', '2022-08-09 22:09:22'),
	(520, 103, 1, 'Informatica', 'Elimino 100 elementos del medicamento VIMPICIL . AMPICILINA', '2022-08-09 22:09:28'),
	(521, 103, 1, 'Informatica', 'Agrego 1 elementos de VIMPICIL . AMPICILINA, con precio de $0.72', '2022-08-09 22:09:47'),
	(522, 103, 1, 'Informatica', 'Edito de 1 elementos a 10 el medicamento VIMPICIL . AMPICILINA', '2022-08-09 22:10:06'),
	(523, 103, 1, 'Informatica', 'Edito de 10 elementos a 100 el medicamento VIMPICIL . AMPICILINA', '2022-08-09 22:10:09'),
	(524, 103, 1, 'Informatica', 'Edito de 100 elementos a 1 el medicamento VIMPICIL . AMPICILINA', '2022-08-09 22:10:19'),
	(525, 103, 1, 'Informatica', 'Edito de 1 elementos a 10 el medicamento VIMPICIL . AMPICILINA', '2022-08-09 22:14:56'),
	(526, 103, 1, 'Informatica', 'Edito de 10 elementos a 10 el medicamento VIMPICIL . AMPICILINA', '2022-08-09 22:15:00'),
	(527, 103, 1, 'Informatica', 'Edito de 10 elementos a 1 el medicamento VIMPICIL . AMPICILINA', '2022-08-09 22:17:32'),
	(528, 103, 1, 'Informatica', 'Edito de 1 elementos a 10 el medicamento VIMPICIL . AMPICILINA', '2022-08-09 22:18:21'),
	(529, 103, 1, 'Informatica', 'Edito de 10 elementos a 1 el medicamento VIMPICIL . AMPICILINA', '2022-08-09 22:19:05'),
	(530, 103, 1, 'Informatica', 'Edito de 1 elementos a 10 el medicamento VIMPICIL . AMPICILINA', '2022-08-09 22:20:40'),
	(531, 103, 1, 'Informatica', 'Edito de 10 elementos a 1 el medicamento VIMPICIL . AMPICILINA', '2022-08-09 22:22:59'),
	(532, 104, 11, 'LABORATORIO', 'Agrego 1 elementos de LANICOR, con precio de $8.00', '2022-08-10 14:09:41'),
	(533, 104, 11, 'LABORATORIO', 'Edito de 1 elementos a 10 el medicamento LANICOR', '2022-08-10 14:10:58'),
	(534, 104, 11, 'LABORATORIO', 'Edito de 10 elementos a 9 el medicamento LANICOR', '2022-08-10 14:11:03'),
	(535, 104, 11, 'LABORATORIO', 'Edito de 9 elementos a 90 el medicamento LANICOR', '2022-08-10 14:11:07'),
	(536, 104, 11, 'LABORATORIO', 'Edito de 90 elementos a 9 el medicamento LANICOR', '2022-08-10 14:15:38'),
	(537, 104, 11, 'LABORATORIO', 'Edito de 9 elementos a 1 el medicamento LANICOR', '2022-08-10 14:16:38'),
	(538, 104, 11, 'LABORATORIO', 'Edito de 1 elementos a 10 el medicamento LANICOR', '2022-08-10 14:42:10'),
	(539, 104, 11, 'LABORATORIO', 'Edito de 10 elementos a 15 el medicamento LANICOR', '2022-08-10 14:42:15'),
	(540, 104, 11, 'LABORATORIO', 'Elimino 15 elementos del medicamento LANICOR', '2022-08-10 14:44:13'),
	(541, 104, 11, 'LABORATORIO', 'Agrego 1 elementos de LANICOR, con precio de $8.00', '2022-08-10 14:44:26'),
	(542, 104, 11, 'LABORATORIO', 'Edito de 1 elementos a 10 el medicamento LANICOR', '2022-08-10 14:46:23'),
	(543, 104, 11, 'LABORATORIO', 'Edito de 10 elementos a 100 el medicamento LANICOR', '2022-08-10 14:46:27'),
	(544, 104, 11, 'LABORATORIO', 'Edito de 100 elementos a 10 el medicamento LANICOR', '2022-08-10 14:46:37'),
	(545, 104, 11, 'LABORATORIO', 'Elimino 10 elementos del medicamento LANICOR', '2022-08-10 14:46:43'),
	(546, 104, 11, 'LABORATORIO', 'Agrego 1 elementos de LANICOR, con precio de $8.00', '2022-08-10 14:47:04'),
	(547, 104, 11, 'LABORATORIO', 'Edito de 1 elementos a 10 el medicamento LANICOR', '2022-08-10 14:47:17'),
	(548, 104, 11, 'LABORATORIO', 'Elimino 10 elementos del medicamento LANICOR', '2022-08-10 14:47:24'),
	(549, 104, 11, 'LABORATORIO', 'Agrego 1 elementos de LANICOR, con precio de $8.00', '2022-08-10 14:48:06'),
	(550, 104, 11, 'LABORATORIO', 'Edito de 1 elementos a 11 el medicamento LANICOR', '2022-08-10 14:48:23'),
	(551, 104, 11, 'LABORATORIO', 'Edito de 11 elementos a 3 el medicamento LANICOR', '2022-08-10 14:48:27'),
	(552, 104, 11, 'LABORATORIO', 'Edito de 3 elementos a 9 el medicamento LANICOR', '2022-08-10 14:48:35'),
	(553, 104, 11, 'LABORATORIO', 'Elimino 9 elementos del medicamento LANICOR', '2022-08-10 14:48:43'),
	(554, 104, 11, 'LABORATORIO', 'Agrego 1 elementos de LANICOR, con precio de $8.00', '2022-08-10 14:48:54'),
	(555, 104, 11, 'LABORATORIO', 'Edito de 1 elementos a 100 el medicamento LANICOR', '2022-08-10 14:49:06'),
	(556, 104, 11, 'LABORATORIO', 'Elimino 100 elementos del medicamento LANICOR', '2022-08-10 14:49:13'),
	(557, 104, 11, 'LABORATORIO', 'Agrego 1 elementos de LANICOR, con precio de $8.00', '2022-08-10 14:49:52'),
	(558, 104, 11, 'LABORATORIO', 'Edito de 1 elementos a 6 el medicamento LANICOR', '2022-08-10 14:49:59'),
	(559, 104, 11, 'LABORATORIO', 'Edito de 6 elementos a 6 el medicamento LANICOR', '2022-08-10 14:50:05'),
	(560, 104, 11, 'LABORATORIO', 'Edito de 6 elementos a 1 el medicamento LANICOR', '2022-08-10 14:50:20'),
	(561, 104, 11, 'LABORATORIO', 'Elimino 1 elementos del medicamento LANICOR', '2022-08-10 14:50:25'),
	(562, 104, 11, 'LABORATORIO', 'Agrego 1 elementos de LANICOR, con precio de $8.00', '2022-08-10 14:51:05'),
	(563, 104, 11, 'LABORATORIO', 'Agrego 1 elementos de LACTULAX SOBRES, con precio de $1.47', '2022-08-10 14:51:21'),
	(564, 104, 11, 'LABORATORIO', 'Elimino 1 elementos del medicamento LACTULAX SOBRES', '2022-08-10 14:51:33'),
	(565, 104, 11, 'LABORATORIO', 'Cambio 1 elementos de LANICOR a 1 elementos de LACTULAX SOBRES', '2022-08-10 14:51:46'),
	(566, 104, 11, 'LABORATORIO', 'Cambio 1 elementos de LACTULAX SOBRES a 5 elementos de LANICOR', '2022-08-10 14:52:15'),
	(567, 104, 11, 'LABORATORIO', 'Edito de 5 elementos a 50 el medicamento LANICOR', '2022-08-10 14:52:31'),
	(568, 104, 11, 'LABORATORIO', 'Elimino 50 elementos del medicamento LANICOR', '2022-08-10 14:52:36'),
	(569, 104, 1, 'Informatica', 'Agrego 1 elementos de RX-HISTEROSALPIGONGRAFIA, con precio de $150.00', '2022-08-10 21:15:09'),
	(570, 2, 11, 'LABORATORIO', 'El usuario abrio nuevamente la cuenta', '2022-08-24 13:51:50'),
	(571, 2, 11, 'LABORATORIO', 'El usuario ha cerrado la cuenta', '2022-08-24 13:51:55'),
	(572, 2, 11, 'LABORATORIO', 'El usuario abrio nuevamente la cuenta', '2022-08-24 13:52:37'),
	(573, 2, 11, 'LABORATORIO', 'El usuario ha cerrado la cuenta', '2022-08-24 13:52:49'),
	(574, 6, 1, 'Informatica', 'El usuario abrio nuevamente la cuenta', '2022-08-24 14:51:52'),
	(575, 6, 1, 'Informatica', 'El usuario ha cerrado la cuenta', '2022-08-24 14:51:55'),
	(576, 114, 11, 'LABORATORIO', 'Creo la hoja de cobro', '2022-08-24 14:54:14'),
	(577, 114, 11, 'LABORATORIO', 'El usuario ha cerrado la cuenta', '2022-08-24 14:54:17'),
	(578, 115, 11, 'LABORATORIO', 'Creo la hoja de cobro', '2022-08-27 16:16:47'),
	(579, 116, 11, 'LABORATORIO', 'Creo la hoja de cobro', '2022-08-27 16:17:34'),
	(580, 116, 11, 'LABORATORIO', 'El usuario ha cerrado la cuenta', '2022-08-27 16:24:59'),
	(581, 116, 11, 'LABORATORIO', 'El usuario abrio nuevamente la cuenta', '2022-08-27 16:32:48'),
	(582, 116, 11, 'LABORATORIO', 'El usuario ha cerrado la cuenta', '2022-08-27 16:33:08'),
	(583, 115, 11, 'LABORATORIO', 'El usuario ha cerrado la cuenta', '2022-08-27 16:33:20'),
	(584, 116, 11, 'LABORATORIO', 'El usuario abrio nuevamente la cuenta', '2022-08-27 16:46:05'),
	(585, 116, 11, 'LABORATORIO', 'El usuario ha cerrado la cuenta', '2022-08-27 17:17:06'),
	(586, 116, 11, 'LABORATORIO', 'El usuario abrio nuevamente la cuenta', '2022-08-27 17:18:40'),
	(587, 116, 11, 'LABORATORIO', 'El usuario ha cerrado la cuenta', '2022-08-27 17:20:13'),
	(588, 116, 11, 'LABORATORIO', 'El usuario abrio nuevamente la cuenta', '2022-08-27 17:21:21'),
	(589, 116, 11, 'LABORATORIO', 'El usuario ha cerrado la cuenta', '2022-08-27 17:21:49'),
	(590, 116, 11, 'LABORATORIO', 'El usuario abrio nuevamente la cuenta', '2022-08-27 17:21:52'),
	(591, 116, 11, 'LABORATORIO', 'El usuario ha cerrado la cuenta', '2022-08-27 17:22:05'),
	(592, 116, 11, 'LABORATORIO', 'El usuario abrio nuevamente la cuenta', '2022-08-27 17:23:48'),
	(593, 116, 1, 'Informatica', 'El usuario ha cerrado la cuenta', '2022-09-05 22:03:11'),
	(594, 116, 1, 'Informatica', 'Creo el recibo número: 55', '2022-09-05 22:07:17'),
	(595, 116, 1, 'Informatica', 'Creo el recibo número: 55', '2022-09-05 22:08:28'),
	(596, 116, 1, 'Informatica', 'Creo el recibo número: 55', '2022-09-05 22:09:49'),
	(597, 116, 1, 'Informatica', 'Creo el recibo número: 55', '2022-09-05 22:11:05'),
	(598, 116, 1, 'Informatica', 'Creo el recibo número: 55', '2022-09-05 22:13:04'),
	(599, 116, 11, 'LABORATORIO', 'Creo el recibo número: 55', '2022-09-05 22:14:01'),
	(600, 116, 11, 'LABORATORIO', 'Creo el recibo número: 55', '2022-09-05 22:14:27'),
	(601, 116, 11, 'LABORATORIO', 'Creo el recibo número: 55', '2022-09-05 22:15:13'),
	(602, 116, 11, 'LABORATORIO', 'Creo el recibo número: 55', '2022-09-05 22:18:15'),
	(603, 116, 11, 'LABORATORIO', 'Creo el recibo número: 55', '2022-09-05 22:19:08'),
	(604, 74, 1, 'Informatica', 'Agrego 1 elementos de LAB. HOSPITAL ORELLANA, con precio de $150', '2023-01-09 18:02:26'),
	(605, 74, 1, 'Informatica', 'El usuario ha cerrado la cuenta', '2023-01-09 21:22:08'),
	(606, 74, 1, 'Informatica', 'El usuario abrio nuevamente la cuenta', '2023-01-09 21:27:02'),
	(607, 75, 1, 'Informatica', 'Agrego al externo Caja Ortopédica (Dr. Santos) con un valor de $500', '2023-01-10 20:50:08'),
	(608, 117, 1, 'Informatica', 'Creo la hoja de cobro', '2023-01-14 17:44:32'),
	(609, 117, 1, 'Informatica', 'Agrego 1 elementos de Verolax Gotas, con precio de $5.24', '2023-01-14 17:44:54'),
	(610, 117, 1, 'Informatica', 'Edito de 1 elementos a 4 el medicamento Verolax Gotas', '2023-01-14 17:45:06'),
	(611, 117, 1, 'Informatica', 'Edito de 4 elementos a 40 el medicamento Verolax Gotas', '2023-01-14 17:45:11'),
	(612, 117, 1, 'Informatica', 'Edito de 40 elementos a 1 el medicamento Verolax Gotas', '2023-01-14 17:45:16'),
	(613, 117, 1, 'Informatica', 'Elimino 1 elementos del medicamento Verolax Gotas', '2023-01-14 17:49:12'),
	(614, 117, 1, 'Informatica', 'Agrego 1 elementos de Verolax Gotas, con precio de $5.24', '2023-01-14 17:49:23'),
	(615, 117, 1, 'Informatica', 'Cambio 1 elementos de Verolax Gotas a 1 elementos de Nor Clovir 200mg/5ml', '2023-01-16 14:11:34'),
	(616, 117, 1, 'Informatica', 'Agrego 1 elementos de Verolax Gotas, con precio de $5.24', '2023-03-10 15:40:49'),
	(617, 117, 1, 'Informatica', 'Agrego 1 elementos de Acetaminofen Medikem 120mg/5ml Jarabe 120 ml, con precio de $7.50', '2023-03-10 15:40:49'),
	(618, 117, 1, 'Informatica', 'Agrego el descuento: $1', '2023-03-10 18:15:19'),
	(619, 116, 1, 'Informatica', 'El usuario abrio nuevamente la cuenta', '2023-03-11 15:01:24'),
	(620, 116, 1, 'Informatica', 'Agrego 1 elementos de Verolax Gotas, con precio de $5.24', '2023-03-11 15:02:22'),
	(621, 116, 1, 'Informatica', 'Agrego 1 elementos de Acetaminofen Medikem 120mg/5ml Jarabe 120 ml, con precio de $7.50', '2023-03-11 15:02:22'),
	(622, 116, 1, 'Informatica', 'Agrego 1 elementos de Acetaminofen MK 500 mg, con precio de $0.10', '2023-03-11 15:02:23'),
	(623, 116, 1, 'Informatica', 'Agrego 1 elementos de Para- Denk 250mg, con precio de $0.78', '2023-03-11 15:02:24'),
	(624, 116, 1, 'Informatica', 'Elimino 1 elementos del medicamento Verolax Gotas', '2023-03-11 15:02:35'),
	(625, 116, 1, 'Informatica', 'Edito de 1 elementos a 10 el medicamento Acetaminofen Medikem 120mg/5ml Jarabe 120 ml', '2023-03-11 15:02:43'),
	(626, 116, 1, 'Informatica', 'Edito de 10 elementos a 10 el medicamento Acetaminofen Medikem 120mg/5ml Jarabe 120 ml', '2023-03-11 15:03:06'),
	(627, 116, 1, 'Informatica', 'Edito de 10 elementos a 1 el medicamento Acetaminofen Medikem 120mg/5ml Jarabe 120 ml', '2023-03-11 15:03:14'),
	(628, 116, 1, 'Informatica', 'El usuario ha cerrado la cuenta', '2023-03-11 15:03:22'),
	(629, 116, 1, 'Informatica', 'Agrego el descuento: $20', '2023-03-11 15:03:34'),
	(630, 116, 1, 'Informatica', 'Agrego el descuento: $20', '2023-03-11 15:09:14'),
	(631, 111, 1, 'Informatica', 'El usuario abrio nuevamente la cuenta', '2023-03-11 15:12:11'),
	(632, 111, 1, 'Informatica', 'El usuario ha cerrado la cuenta', '2023-03-11 15:47:23'),
	(633, 111, 1, 'Informatica', 'Creo el abono 1015 con un valor de $6.29', '2023-03-11 15:47:32'),
	(634, 116, 1, 'Informatica', 'Cambio la modalidad de la hoja a Por pagos', '2023-03-11 16:07:52'),
	(635, 116, 1, 'Informatica', 'Cambio la modalidad de la hoja a Por pagos', '2023-03-11 16:10:14'),
	(636, 117, 1, 'Informatica', 'Edito de 1 elementos a 1 el medicamento Nor Clovir 200mg/5ml', '2023-05-23 14:18:14'),
	(637, 117, 1, 'Informatica', 'Elimino 1 elementos del medicamento Acetaminofen Medikem 120mg/5ml Jarabe 120 ml', '2023-05-23 14:18:21'),
	(638, 117, 1, 'Informatica', 'Agrego al externo Caja Ortopédica (Dr. Santos) con un valor de $50', '2023-05-23 14:18:30'),
	(639, 117, 1, 'Informatica', 'Cambio la cantidada del externo Caja Ortopédica (Dr. Santos) de $50.00 a $50.00', '2023-05-23 14:18:44'),
	(640, 117, 1, 'Informatica', 'Elimino al externo Caja Ortopédica (Dr. Santos) con un valor de $50.00', '2023-05-23 14:18:49'),
	(641, 117, 1, 'Informatica', 'El usuario ha cerrado la cuenta', '2023-05-23 14:45:53'),
	(642, 117, 1, 'Informatica', 'Creo el recibo número: 56', '2023-05-23 16:26:30'),
	(643, 116, 11, 'LABORATORIO', 'Creo el abono con codigo 1016 con un valor de $10', '2023-05-23 18:16:57'),
	(644, 119, 1, 'Informatica', 'Creo la hoja de cobro', '2023-06-07 14:02:06'),
	(645, 120, 1, 'Informatica', 'Creo la hoja de cobro', '2023-06-07 14:03:06'),
	(646, 121, 1, 'Informatica', 'Creo la hoja de cobro', '2023-06-07 14:21:58'),
	(647, 122, 1, 'Informatica', 'Creo la hoja de cobro', '2023-06-07 14:22:40'),
	(648, 122, 1, 'Informatica', 'Agrego 2 elementos de Verolax Gotas, con precio de $5.24', '2023-06-20 20:21:28'),
	(649, 122, 1, 'Informatica', 'Agrego 8 elementos de Verolax Gotas, con precio de $5.24', '2023-06-20 21:25:56'),
	(650, 122, 1, 'Informatica', 'Edito de 2 elementos a 2 el medicamento Verolax Gotas', '2023-06-21 15:20:53'),
	(651, 122, 1, 'Informatica', 'Agrego 1 elementos de Lacritir 0.2 % Gel , con precio de $12.84', '2023-06-21 15:41:39'),
	(652, 122, 1, 'Informatica', 'Edito de 25 elementos a 25 el medicamento Verolax Gotas', '2023-06-21 15:46:17'),
	(653, 122, 1, 'Informatica', 'Edito de 25 elementos a 25 el medicamento Verolax Gotas', '2023-06-21 15:46:34'),
	(654, 122, 1, 'Informatica', 'Edito de 25 elementos a 25 el medicamento Verolax Gotas', '2023-06-21 15:47:13'),
	(655, 122, 1, 'Informatica', 'Edito de 25 elementos a 25 el medicamento Verolax Gotas', '2023-06-21 15:47:16'),
	(656, 122, 1, 'Informatica', 'Edito de 25 elementos a 25 el medicamento Verolax Gotas', '2023-06-21 15:47:18'),
	(657, 122, 1, 'Informatica', 'Edito de 25 elementos a 2 el medicamento Verolax Gotas', '2023-06-21 15:47:30'),
	(658, 122, 1, 'Informatica', 'Edito de 2 elementos a 5 el medicamento Verolax Gotas', '2023-06-21 15:48:13'),
	(659, 122, 1, 'Informatica', 'Edito de 8 elementos a 1 el medicamento Verolax Gotas', '2023-06-21 15:48:44'),
	(660, 122, 1, 'Informatica', 'Edito de 1 elementos a 10 el medicamento Lacritir 0.2 % Gel ', '2023-06-21 15:48:55'),
	(661, 122, 1, 'Informatica', 'Elimino 1 elementos del medicamento Verolax Gotas', '2023-06-21 15:59:24'),
	(662, 122, 1, 'Informatica', 'Elimino 5 elementos del medicamento Verolax Gotas', '2023-06-21 15:59:38'),
	(663, 122, 1, 'Informatica', 'Elimino 1 elementos del medicamento Lacritir 0.2 % Gel ', '2023-06-21 15:59:44'),
	(664, 122, 1, 'Informatica', 'Agrego 5 elementos de Verolax Gotas, con precio de $5.24', '2023-06-21 16:01:43'),
	(665, 122, 1, 'Informatica', 'Edito de 5 elementos a 50 el medicamento Verolax Gotas', '2023-06-21 16:41:55'),
	(666, 122, 1, 'Informatica', 'Edito de 50 elementos a 1 el medicamento Verolax Gotas', '2023-06-21 16:42:06'),
	(667, 122, 1, 'Informatica', 'Edito de 1 elementos a 5 el medicamento Verolax Gotas', '2023-06-21 16:42:13'),
	(668, 122, 1, 'Informatica', 'Edito de 5 elementos a 3 el medicamento Acetaminofen Medikem 120mg/5ml Jarabe 120 ml', '2023-06-21 16:58:28'),
	(669, 122, 1, 'Informatica', 'Edito de 3 elementos a 1 el medicamento Acetaminofen Medikem 120mg/5ml Jarabe 120 ml', '2023-06-21 16:58:39'),
	(670, 122, 1, 'Informatica', 'Cambio 5 elementos de Acetaminofen Medikem 120mg/5ml Jarabe 120 ml a 6 elementos de Lacritir 0.2 % Gel ', '2023-06-21 16:59:22'),
	(671, 122, 1, 'Informatica', 'Cambio 6 elementos de Lacritir 0.2 % Gel  a 10 elementos de Verolax Gotas', '2023-06-21 17:00:59'),
	(672, 122, 1, 'Informatica', 'Edito de 10 elementos a 1 el medicamento Verolax Gotas', '2023-06-21 17:13:07'),
	(673, 123, 1, 'Informatica', 'Creo la hoja de cobro', '2023-06-22 14:35:45'),
	(674, 124, 1, 'Informatica', 'Creo la hoja de cobro', '2023-06-22 15:01:27'),
	(675, 123, 1, 'Informatica', 'Agrego 1 elementos de Verolax Gotas, con precio de $6.29', '2023-06-22 15:40:09'),
	(676, 123, 1, 'Informatica', 'Agrego 1 elementos de Acetaminofen Medikem 120mg/5ml Jarabe 120 ml, con precio de $9', '2023-06-22 15:40:12'),
	(677, 123, 1, 'Informatica', 'Agrego 1 elementos de Acetaminofen MK 500 mg, con precio de $0.12', '2023-06-22 15:40:14'),
	(678, 123, 1, 'Informatica', 'Agrego 1 elementos de Para- Denk 250mg, con precio de $0.94', '2023-06-22 15:40:15'),
	(679, 123, 1, 'Informatica', 'Agrego 1 elementos de Aciclovirax 200mg , con precio de $0.64', '2023-06-22 15:40:17'),
	(680, 124, 1, 'Informatica', 'Agrego 1 elementos de Verolax Gotas, con precio de $5.24', '2023-06-22 15:40:42'),
	(681, 124, 1, 'Informatica', 'Agrego 1 elementos de Acetaminofen Medikem 120mg/5ml Jarabe 120 ml, con precio de $7.5', '2023-06-22 15:40:43'),
	(682, 124, 1, 'Informatica', 'Agrego 1 elementos de Acetaminofen MK 500 mg, con precio de $0.1', '2023-06-22 15:40:44'),
	(683, 124, 1, 'Informatica', 'Agrego 1 elementos de Para- Denk 250mg, con precio de $0.78', '2023-06-22 15:40:45'),
	(684, 124, 1, 'Informatica', 'Agrego 1 elementos de Aciclovirax 200mg , con precio de $0.53', '2023-06-22 15:40:46'),
	(685, 123, 1, 'Informatica', 'Edito de 1 elementos a 1 el medicamento Verolax Gotas', '2023-06-22 15:41:46'),
	(686, 123, 1, 'Informatica', 'Edito de 1 elementos a 2 el medicamento Verolax Gotas', '2023-06-22 15:43:48'),
	(687, 123, 1, 'Informatica', 'Edito de 1 elementos a 2 el medicamento Acetaminofen Medikem 120mg/5ml Jarabe 120 ml', '2023-06-22 15:43:52'),
	(688, 123, 1, 'Informatica', 'Edito de 1 elementos a 2 el medicamento Acetaminofen MK 500 mg', '2023-06-22 15:43:55'),
	(689, 123, 1, 'Informatica', 'Edito de 1 elementos a 2 el medicamento Para- Denk 250mg', '2023-06-22 15:43:58'),
	(690, 123, 1, 'Informatica', 'Edito de 1 elementos a 2 el medicamento Aciclovirax 200mg ', '2023-06-22 15:44:01'),
	(691, 124, 1, 'Informatica', 'Edito de 1 elementos a 2 el medicamento Verolax Gotas', '2023-06-22 15:44:10'),
	(692, 124, 1, 'Informatica', 'Edito de 1 elementos a 2 el medicamento Acetaminofen Medikem 120mg/5ml Jarabe 120 ml', '2023-06-22 15:44:12'),
	(693, 124, 1, 'Informatica', 'Edito de 1 elementos a 2 el medicamento Acetaminofen MK 500 mg', '2023-06-22 15:44:17'),
	(694, 124, 1, 'Informatica', 'Edito de 1 elementos a 2 el medicamento Para- Denk 250mg', '2023-06-22 15:44:20'),
	(695, 124, 1, 'Informatica', 'Edito de 1 elementos a 2 el medicamento Aciclovirax 200mg ', '2023-06-22 15:44:23'),
	(696, 123, 1, 'Informatica', 'Cambio 2 elementos de Verolax Gotas a 2 elementos de Verolax Gotas', '2023-06-22 16:04:26'),
	(697, 123, 1, 'Informatica', 'Cambio 2 elementos de Verolax Gotas a 2 elementos de Verolax Gotas', '2023-06-22 16:09:54'),
	(698, 124, 1, 'Informatica', 'Cambio 2 elementos de Verolax Gotas a 2 elementos de Verolax Gotas', '2023-06-22 16:10:14'),
	(699, 123, 1, 'Informatica', 'Cambio 2 elementos de Acetaminofen Medikem 120mg/5ml Jarabe 120 ml a 2 elementos de Verolax Gotas', '2023-06-22 16:12:54'),
	(700, 123, 1, 'Informatica', 'Cambio 2 elementos de Verolax Gotas a 2 elementos de Acetaminofen Medikem 120mg/5ml Jarabe 120 ml', '2023-06-22 16:13:02'),
	(701, 124, 1, 'Informatica', 'Agrego el procedimiento: Corte de pelo. y un descuento de: $20%', '2023-06-23 17:24:10'),
	(702, 124, 1, 'Informatica', 'El usuario ha cerrado la cuenta', '2023-06-23 17:33:25'),
	(703, 124, 1, 'Informatica', 'Creo el recibo número: 57', '2023-06-23 17:33:34'),
	(704, 1, 1, 'Informatica', 'Agrego el procedimiento: Corte de pata', '2023-06-23 20:05:21'),
	(705, 1, 1, 'Informatica', 'El usuario ha cerrado la cuenta', '2023-06-23 20:26:57'),
	(706, 16, 1, 'Informatica', 'Cambio 8 elementos de Acetaminofen MK 500 mg a 8 elementos de Acetaminofen MK 500 mg', '2023-06-23 21:05:07'),
	(707, 16, 1, 'Informatica', 'Cambio 8 elementos de Acetaminofen MK 500 mg a 8 elementos de Acetaminofen MK 500 mg', '2023-06-23 21:05:57'),
	(708, 16, 1, 'Informatica', 'Cambio 1 elementos de Para- Denk 250mg a 1 elementos de Para- Denk 250mg', '2023-06-23 21:06:09'),
	(709, 16, 1, 'Informatica', 'Cambio 8 elementos de Acetaminofen Medikem 120mg/5ml Jarabe 120 ml a 8 elementos de Acetaminofen Medikem 120mg/5ml Jarabe 120 ml', '2023-06-23 21:06:18'),
	(710, 16, 1, 'Informatica', 'Agrego el descuento: 0', '2023-06-23 21:06:27'),
	(711, 13, 1, 'Informatica', ' Agrego el descuento: 25%,', '2023-06-23 21:52:58'),
	(712, 13, 1, 'Informatica', ' Agrego el procedimiento: Corte de pelo,', '2023-06-23 21:55:14'),
	(713, 13, 1, 'Informatica', ' Agrego el procedimiento: Corte de pelo,', '2023-06-23 21:56:38'),
	(714, 18, 1, 'Informatica', ' Agrego el descuento: 25%,', '2023-06-23 22:06:43'),
	(715, 18, 1, 'Informatica', 'El usuario ha cerrado la cuenta', '2023-06-23 22:07:37'),
	(716, 18, 1, 'Informatica', 'Creo el recibo número: 58', '2023-06-23 22:07:42'),
	(717, 27, 1, 'Informatica', ' Cambio la hoja al seguro: RPN,', '2023-06-23 22:08:18'),
	(718, 27, 1, 'Informatica', ' Agrego el procedimiento: Peinado total,', '2023-06-23 22:09:18'),
	(719, 25, 1, 'Informatica', ' Cambio la hoja al seguro: El tercio,', '2023-06-23 22:10:35'),
	(720, 22, 1, 'Informatica', ' Cambio la hoja al seguro: Mi Red,', '2023-06-23 22:11:08'),
	(721, 129, 1, 'Informatica', 'Creo la hoja de cobro', '2023-06-27 20:22:08'),
	(722, 129, 1, 'Informatica', 'Agrego 1 elementos de LAB. HOSPITAL ORELLANA, con precio de $200', '2023-06-27 20:23:15'),
	(723, 129, 1, 'Informatica', 'Edito de 1 elementos a 1 el medicamento LAB. HOSPITAL ORELLANA', '2023-06-27 20:30:43'),
	(724, 129, 1, 'Informatica', 'Edito de 1 elementos a 1 el medicamento LAB. HOSPITAL ORELLANA', '2023-06-27 20:30:52'),
	(725, 129, 1, 'Informatica', 'Edito de 1 elementos a 1 el medicamento LAB. HOSPITAL ORELLANA', '2023-06-27 20:31:01'),
	(726, 129, 1, 'Informatica', 'Edito de 1 elementos a 1 el medicamento LAB. HOSPITAL ORELLANA', '2023-06-27 20:31:39'),
	(727, 129, 1, 'Informatica', 'Edito de 1 elementos a 1 el medicamento LAB. HOSPITAL ORELLANA', '2023-06-27 20:32:27'),
	(728, 129, 1, 'Informatica', 'El usuario ha cerrado la cuenta', '2023-06-27 20:35:30'),
	(729, 129, 1, 'Informatica', 'El usuario abrio nuevamente la cuenta', '2023-06-27 20:35:34'),
	(730, 129, 1, 'Informatica', 'El usuario ha cerrado la cuenta', '2023-06-27 20:38:59'),
	(731, 129, 1, 'Informatica', 'El usuario abrio nuevamente la cuenta', '2023-06-27 20:39:16'),
	(732, 129, 1, 'Informatica', 'Edito de 1 elementos a 1 el medicamento LAB. HOSPITAL ORELLANA', '2023-06-27 20:39:22'),
	(733, 129, 1, 'Informatica', 'El usuario ha cerrado la cuenta', '2023-06-27 20:39:28'),
	(734, 129, 1, 'Informatica', 'El usuario abrio nuevamente la cuenta', '2023-06-27 20:39:34'),
	(735, 129, 1, 'Informatica', 'Edito de 1 elementos a 1 el medicamento LAB. HOSPITAL ORELLANA', '2023-06-27 20:39:40'),
	(736, 129, 1, 'Informatica', 'El usuario ha cerrado la cuenta', '2023-06-27 20:39:45'),
	(737, 128, 1, 'Informatica', 'Agrego al externo Caja Ortopédica (Dr. Santos) con un valor de $50', '2023-06-29 15:57:58'),
	(738, 128, 1, 'Informatica', 'Agrego al externo Dr. Carlos Mario Garcia(Honorarios) con un valor de $100', '2023-06-29 15:58:03'),
	(739, 128, 1, 'Informatica', 'Anulo la hoja de cobro, corespondiente al paciente Juan Chepito, motivo: La Kriscia dice', '2023-06-29 16:55:23'),
	(740, 128, 1, 'Informatica', 'El usuario abrio nuevamente la cuenta', '2023-06-29 16:57:58'),
	(741, 128, 1, 'Informatica', 'Anulo la hoja de cobro, corespondiente al paciente Juan Chepito, motivo: La kriscia dice', '2023-06-29 16:58:06'),
	(742, 124, 1, 'Informatica', 'El usuario abrio nuevamente la cuenta', '2023-06-29 17:11:30'),
	(743, 124, 1, 'Informatica', 'Agrego al externo Dr. Fidel Alfredo Sandoval Paniagua(Honorarios) con un valor de $500', '2023-06-29 17:11:42'),
	(744, 124, 1, 'Informatica', 'El usuario ha cerrado la cuenta', '2023-06-29 17:12:11'),
	(745, 129, 1, 'Informatica', 'El usuario abrio nuevamente la cuenta', '2023-06-29 17:12:21'),
	(746, 129, 1, 'Informatica', 'Agrego al externo Dr. Fidel Alfredo Sandoval Paniagua(Honorarios) con un valor de $400', '2023-06-29 17:12:36'),
	(747, 129, 1, 'Informatica', 'Anulo la hoja de cobro, corespondiente al paciente Paco Flores, motivo: Kriscia dice...', '2023-06-29 17:12:52'),
	(748, 130, 1, 'Informatica', 'Creo la hoja de cobro', '2023-06-29 19:58:21'),
	(749, 131, 1, 'Informatica', 'Creo la hoja de cobro', '2023-06-29 22:24:53'),
	(750, 131, 1, 'Informatica', 'Agrego al externo Caja Ortopédica (Dr. Santos) con un valor de $200', '2023-06-29 22:25:12'),
	(751, 131, 1, 'Informatica', 'Cambio la cantidada del externo Caja Ortopédica (Dr. Santos) de $200.00 a $20.00', '2023-06-29 22:25:37'),
	(752, 131, 1, 'Informatica', 'El usuario ha cerrado la cuenta', '2023-07-04 18:18:45'),
	(753, 131, 1, 'Informatica', 'Creo el recibo número: 59', '2023-07-04 18:21:24'),
	(754, 131, 1, 'Informatica', 'Creo el recibo número: 59', '2023-07-04 18:22:14'),
	(755, 131, 1, 'Informatica', 'Creo el recibo número: 59', '2023-07-04 18:26:09'),
	(756, 131, 1, 'Informatica', 'Creo el recibo número: 59', '2023-07-04 18:26:10'),
	(757, 131, 1, 'Informatica', 'Creo el recibo número: 59', '2023-07-04 18:26:20'),
	(758, 131, 1, 'Informatica', 'Creo el recibo número: 59', '2023-07-04 18:27:13'),
	(759, 132, 1, 'Informatica', 'Creo la hoja de cobro', '2023-07-10 15:59:26'),
	(760, 133, 1, 'Informatica', 'Creo la hoja de cobro', '2023-07-10 17:06:25'),
	(761, 133, 1, 'Informatica', 'Cambio la modalidad de la hoja a Por pagos', '2023-07-11 16:22:03'),
	(762, 133, 1, 'Informatica', 'Cambio la modalidad de la hoja a Paquete', '2023-07-11 16:26:54'),
	(763, 133, 1, 'Informatica', 'Genero la boleta informativa ', '2023-07-11 16:30:17'),
	(764, 133, 1, 'Informatica', 'Genero el consentimiento informado', '2023-07-11 16:33:49'),
	(765, 132, 1, 'Informatica', 'Agrego 5 elementos de JERINGA DE 5 ML, con precio de $1.15', '2023-07-14 15:09:56'),
	(766, 132, 1, 'Informatica', 'Elimino 5 elementos del medicamento JERINGA DE 5 ML', '2023-07-14 15:10:29'),
	(767, 132, 1, 'Informatica', 'Agrego 5 elementos de JERINGA DE 5 ML, con precio de $1.15', '2023-07-14 15:11:07'),
	(768, 132, 1, 'Informatica', 'Agrego 1 elementos de JERINGA DE 5 ML, con precio de $1.15', '2023-07-14 15:11:38'),
	(769, 132, 1, 'Informatica', 'Agrego 1 elementos de JERINGA DE 5 ML, con precio de $1.15', '2023-07-14 15:11:46'),
	(770, 132, 1, 'Informatica', 'Elimino 1 elementos del medicamento JERINGA DE 5 ML', '2023-07-14 15:12:15'),
	(771, 132, 1, 'Informatica', 'Elimino 1 elementos del medicamento JERINGA DE 5 ML', '2023-07-14 15:12:16'),
	(772, 132, 1, 'Informatica', 'Elimino 5 elementos del medicamento JERINGA DE 5 ML', '2023-07-14 15:12:21'),
	(773, 132, 1, 'Informatica', 'Agrego 5 elementos de JERINGA DE 3 ML, con precio de $1.15', '2023-07-14 15:12:32'),
	(774, 132, 1, 'Informatica', 'Agrego 5 elementos de JERINGA DE 5 ML, con precio de $1.15', '2023-07-14 15:12:52'),
	(775, 132, 1, 'Informatica', 'Agrego 5 elementos de JERINGA DE 50 ML, con precio de $2', '2023-07-14 15:12:54'),
	(776, 132, 1, 'Informatica', 'Edito de 5 elementos a 10 el medicamento JERINGA DE 50 ML', '2023-07-14 15:14:03'),
	(777, 132, 1, 'Informatica', 'Edito de 5 elementos a 10 el medicamento JERINGA DE 5 ML', '2023-07-14 15:14:06'),
	(778, 132, 1, 'Informatica', 'Edito de 5 elementos a 10 el medicamento JERINGA DE 3 ML', '2023-07-14 15:14:09'),
	(779, 132, 1, 'Informatica', 'Cambio 5 elementos de JERINGA DE 5 ML a 10 elementos de JERINGA DE 3 ML', '2023-07-14 15:14:29'),
	(780, 132, 1, 'Informatica', 'Cambio 10 elementos de JERINGA DE 50 ML a 10 elementos de JERINGA DE 3 ML', '2023-07-14 15:14:39'),
	(781, 132, 1, 'Informatica', 'Elimino 10 elementos del medicamento JERINGA DE 3 ML', '2023-07-14 15:14:57'),
	(782, 132, 1, 'Informatica', 'Elimino 10 elementos del medicamento JERINGA DE 3 ML', '2023-07-14 15:14:58'),
	(783, 132, 1, 'Informatica', 'Elimino 10 elementos del medicamento JERINGA DE 3 ML', '2023-07-14 15:15:03'),
	(784, 132, 1, 'Informatica', 'Agrego 5 elementos de JERINGA DE 5 ML, con precio de $1.15', '2023-07-14 15:15:40'),
	(785, 132, 1, 'Informatica', 'Agrego 5 elementos de JERINGA DE 5 ML, con precio de $1.15', '2023-07-14 17:34:19'),
	(786, 132, 1, 'Informatica', 'Elimino 5 elementos del medicamento JERINGA DE 5 ML', '2023-07-14 17:38:19'),
	(787, 132, 1, 'Informatica', 'Elimino 5 elementos del medicamento JERINGA DE 5 ML', '2023-07-14 17:38:20'),
	(788, 1, 1, 'Informatica', 'Agrego detalle que especifica que el médico cancelara la cuenta', '2023-07-24 21:22:58'),
	(789, 1, 1, 'Informatica', 'Agrego detalle que especifica que el médico cancelara la cuenta', '2023-07-24 21:24:38'),
	(790, 11, 1, 'Informatica', 'Agrego detalle que especifica que el médico cancelara la cuenta', '2023-07-24 21:27:16'),
	(791, 134, 1, 'Informatica', 'Creo la hoja de cobro', '2023-07-25 14:13:35'),
	(792, 134, 1, 'Informatica', 'Agrego 1 elementos de Verolax Gotas, con precio de $5.24', '2023-07-25 14:13:46'),
	(793, 134, 1, 'Informatica', 'Agrego 1 elementos de Acetaminofen Medikem 120mg/5ml Jarabe 120 ml, con precio de $7.5', '2023-07-25 14:13:46'),
	(794, 134, 1, 'Informatica', 'Agrego 1 elementos de Acetaminofen MK 500 mg, con precio de $0.1', '2023-07-25 14:13:46'),
	(795, 134, 1, 'Informatica', 'Agrego 1 elementos de Para- Denk 250mg, con precio de $0.78', '2023-07-25 14:13:46'),
	(796, 134, 1, 'Informatica', 'Agrego 1 elementos de Aciclovirax 200mg , con precio de $0.53', '2023-07-25 14:13:46'),
	(797, 134, 1, 'Informatica', 'Agrego 1 elementos de Nor Clovir 200mg/5ml, con precio de $19.48', '2023-07-25 14:13:47'),
	(798, 134, 1, 'Informatica', 'Elimino 1 elementos del medicamento Verolax Gotas, motivo: Medicamento equivocado', '2023-07-25 15:29:20'),
	(799, 134, 1, 'Informatica', 'Elimino 1 elementos del medicamento Verolax Gotas, motivo: Equivocado', '2023-07-25 15:30:09'),
	(800, 134, 1, 'Informatica', 'Elimino 1 elementos del medicamento Verolax Gotas, motivo: Medicamento equicado', '2023-07-25 15:33:27'),
	(801, 134, 1, 'Informatica', 'Elimino 1 elementos del medicamento Aciclovirax 200mg , motivo: Equivocado', '2023-07-25 15:52:00'),
	(802, 134, 1, 'Informatica', 'Elimino 1 elementos del medicamento Nor Clovir 200mg/5ml, motivo: Equivocado', '2023-07-25 15:53:57'),
	(803, 134, 1, 'Informatica', 'El usuario ha cerrado la cuenta', '2023-07-25 15:54:13'),
	(804, 134, 1, 'Informatica', 'Creo el recibo número: 60', '2023-07-25 15:54:17'),
	(805, 133, 1, 'Informatica', 'Agrego 2 elementos de Verolax Gotas, con precio de $5.24', '2023-07-25 21:44:55'),
	(806, 133, 1, 'Informatica', 'Agrego 6 elementos de Acetaminofen Medikem 120mg/5ml Jarabe 120 ml, con precio de $7.5', '2023-07-25 21:45:05'),
	(807, 133, 1, 'Informatica', 'Agrego 1 elementos de Acetaminofen MK 500 mg, con precio de $0.1', '2023-07-25 21:45:13'),
	(808, 133, 1, 'Informatica', 'Edito de 6 elementos a 1 el medicamento Acetaminofen Medikem 120mg/5ml Jarabe 120 ml', '2023-07-25 21:45:37'),
	(809, 133, 1, 'Informatica', 'Agrego 1 elementos de Verolax Gotas, con precio de $5.24', '2023-07-25 21:45:59'),
	(810, 133, 1, 'Informatica', 'Cambio 1 elementos de Verolax Gotas a 5 elementos de Acetaminofen Medikem 120mg/5ml Jarabe 120 ml', '2023-07-25 21:46:46'),
	(811, 133, 1, 'Informatica', 'Cambio 5 elementos de Acetaminofen Medikem 120mg/5ml Jarabe 120 ml a 1 elementos de Verolax Gotas', '2023-07-25 21:47:04'),
	(812, 133, 1, 'Informatica', 'Cambio 1 elementos de Verolax Gotas a 5 elementos de Acetaminofen Medikem 120mg/5ml Jarabe 120 ml', '2023-07-25 21:47:25'),
	(813, 133, 1, 'Informatica', 'Cambio 5 elementos de Acetaminofen Medikem 120mg/5ml Jarabe 120 ml a 1 elementos de Verolax Gotas', '2023-07-25 21:47:37'),
	(814, 133, 1, 'Informatica', 'Genero el consentimiento informado', '2023-07-25 21:48:06'),
	(815, 133, 1, 'Informatica', 'Genero el consentimiento informado', '2023-07-25 21:48:37'),
	(816, 133, 1, 'Informatica', 'Genero el consentimiento informado', '2023-07-25 21:49:35'),
	(817, 133, 1, 'Informatica', 'El usuario ha cerrado la cuenta', '2023-07-25 21:49:51'),
	(818, 133, 1, 'Informatica', 'Creo el recibo número: 61', '2023-07-25 21:49:53'),
	(819, 133, 1, 'Informatica', 'El usuario abrio nuevamente la cuenta', '2023-07-25 21:50:08'),
	(820, 133, 1, 'Informatica', 'Elimino 1 elementos del medicamento Verolax Gotas, motivo: Medicamento repetido', '2023-07-25 21:50:20'),
	(821, 133, 1, 'Informatica', 'El usuario ha cerrado la cuenta', '2023-07-25 21:50:29'),
	(822, 135, 1, 'Informatica', 'Creo la hoja de cobro', '2023-07-25 21:51:25'),
	(823, 135, 1, 'Informatica', 'Genero el consentimiento informado', '2023-07-25 21:52:26'),
	(824, 135, 1, 'Informatica', 'Agrego 1 elementos de LAB. HOSPITAL ORELLANA, con precio de $50', '2023-07-25 21:57:02'),
	(825, 135, 1, 'Informatica', 'El usuario ha cerrado la cuenta', '2023-07-25 21:57:08'),
	(826, 135, 1, 'Informatica', 'Creo el recibo número: 62', '2023-07-25 21:57:10'),
	(827, 53, 1, 'Informatica', 'El usuario ha cerrado la cuenta', '2023-09-01 14:06:04'),
	(828, 136, 1, 'Informatica', 'Creo la hoja de cobro', '2023-09-01 14:06:50'),
	(829, 136, 1, 'Informatica', 'Agrego 3 elementos de Verolax Gotas, con precio de $5.24', '2023-09-01 14:08:28'),
	(830, 136, 1, 'Informatica', 'Agrego 1 elementos de Lacritir 0.2 % Gel , con precio de $12.84', '2023-09-01 14:08:40'),
	(831, 136, 1, 'Informatica', 'Agrego al externo Dr. Luis Gerardo Bernabel Cañas(Honorarios) con un valor de $50', '2023-09-01 14:09:14'),
	(832, 136, 1, 'Informatica', 'Edito de 3 elementos a 2 el medicamento Verolax Gotas', '2023-09-01 14:09:39'),
	(833, 136, 1, 'Informatica', 'Agrego 7 elementos de Megafol-9 5mg tableta, con precio de $0.18', '2023-09-01 14:10:02'),
	(834, 136, 1, 'Informatica', 'El usuario visualizo el resumen de la cuenta', '2023-09-01 14:31:37'),
	(835, 136, 1, 'Informatica', 'El usuario ha cerrado la cuenta', '2023-09-01 14:32:02'),
	(836, 136, 1, 'Informatica', 'El usuario visualizo el resumen de la cuenta', '2023-09-01 14:32:22'),
	(837, 136, 1, 'Informatica', 'El usuario abrio nuevamente la cuenta', '2023-09-01 14:32:33'),
	(838, 136, 1, 'Informatica', 'Genero el consentimiento informado', '2023-09-01 14:38:00'),
	(839, 136, 1, 'Informatica', 'Genero el consentimiento informado', '2023-09-01 14:39:42'),
	(840, 136, 1, 'Informatica', 'Creo el consentimiento para persona mayor.', '2023-09-01 14:39:42'),
	(841, 136, 1, 'Informatica', 'Genero el consentimiento informado', '2023-09-01 14:40:24'),
	(842, 136, 1, 'Informatica', 'Genero la boleta informativa ', '2023-09-01 14:40:36'),
	(843, 136, 1, 'Informatica', '', '2023-09-01 14:41:06'),
	(844, 136, 1, 'Informatica', 'Actualizo los datos del paciente', '2023-09-01 14:45:42'),
	(845, 136, 1, 'Informatica', 'Actualizo informacion para elaborar el consentimiento informado', '2023-09-01 14:49:21'),
	(846, 136, 1, 'Informatica', 'Cambio la modalidad de la hoja a \'Por pagos\'', '2023-09-01 14:50:08'),
	(847, 136, 1, 'Informatica', 'Creo el abono con codigo 1017 con un valor de $50', '2023-09-01 14:51:18'),
	(848, 136, 1, 'Informatica', 'El usuario ha cerrado la cuenta', '2023-09-01 15:14:36'),
	(849, 136, 1, 'Informatica', 'Agrego la factura #2266', '2023-09-01 15:20:20'),
	(850, 136, 1, 'Informatica', 'Creo el recibo número: 63', '2023-09-01 15:21:21'),
	(851, 130, 1, 'Informatica', 'Agrego 1 elementos de LAB. HOSPITAL ORELLANA, con precio de $500', '2023-09-05 20:26:15'),
	(852, 130, 1, 'Informatica', 'Cambio la modalidad de la hoja a \'Por pagos\'', '2023-09-05 20:27:13'),
	(853, 130, 1, 'Informatica', 'Creo el abono con codigo 1018 con un valor de $350', '2023-09-05 20:27:24'),
	(854, 136, 1, 'Informatica', 'El usuario visualizo el resumen de la cuenta', '2023-09-08 15:57:13'),
	(855, 136, 1, 'Informatica', 'El usuario visualizo el resumen de la cuenta', '2023-09-08 16:35:16'),
	(856, 137, 1, 'Informatica', 'Creo la hoja de cobro', '2023-09-14 14:02:34'),
	(857, 137, 1, 'Informatica', 'Agrego 1 elementos de LAB. HOSPITAL ORELLANA, con precio de $250', '2023-09-14 14:03:13'),
	(858, 137, 1, 'Informatica', 'Agrego al externo Dr. Jose Adalberto Sanchez Diaz(Honorarios) con un valor de $50', '2023-09-14 14:03:24'),
	(859, 137, 1, 'Informatica', 'Cambio la modalidad de la hoja a \'Por pagos\'', '2023-09-14 14:42:48'),
	(860, 137, 1, 'Informatica', 'Creo el abono con codigo 1019 con un valor de $150', '2023-09-14 14:42:55'),
	(861, 137, 1, 'Informatica', 'Genero el consentimiento informado', '2023-09-19 14:49:19'),
	(862, 138, 1, 'Informatica', 'Creo la hoja de cobro y agrego el abono por: 400', '2023-09-20 16:07:03'),
	(863, 139, 1, 'Informatica', 'Creo la hoja de cobro y agrego el abono por: 150', '2023-09-20 16:19:04'),
	(864, 57, 1, 'Informatica', 'Agrego la factura #2267', '2023-09-20 21:46:49'),
	(865, 132, 1, 'Informatica', 'Agrego 1 elementos de LAB. HOSPITAL ORELLANA, con precio de $500', '2023-09-21 19:59:16'),
	(866, 132, 1, 'Informatica', 'Anulo la hoja de cobro, corespondiente al paciente Mario Balloteli, motivo: Cuenta repetida', '2023-09-21 20:01:51'),
	(867, 132, 1, 'Informatica', 'El usuario abrio nuevamente la cuenta', '2023-09-21 20:03:59'),
	(868, 132, 1, 'Informatica', 'Anulo la hoja de cobro, corespondiente al paciente Mario Balloteli, motivo: Cuenta repetida', '2023-09-21 20:04:06'),
	(869, 138, 1, 'Informatica', 'Agrego 1 elementos de LAB. HOSPITAL ORELLANA, con precio de $50', '2023-09-21 20:08:36'),
	(870, 138, 1, 'Informatica', 'Agrego 1 elementos de RX-HOSPITAL ORELLANA, con precio de $0', '2023-09-21 20:08:46'),
	(871, 138, 1, 'Informatica', 'Edito de 1 elementos a 1 el medicamento RX-HOSPITAL ORELLANA', '2023-09-21 20:08:53'),
	(872, 138, 1, 'Informatica', 'Agrego al externo Dr. Adilson Zelaya(Honorarios) con un valor de $50', '2023-09-21 20:11:18'),
	(873, 138, 1, 'Informatica', 'El usuario visualizo el resumen de la cuenta', '2023-09-21 20:11:29'),
	(874, 138, 1, 'Informatica', 'El usuario visualizo el resumen de la cuenta', '2023-09-21 20:14:10'),
	(875, 138, 1, 'Informatica', 'El usuario visualizo el resumen de la cuenta', '2023-09-21 20:15:49'),
	(876, 138, 1, 'Informatica', 'El usuario visualizo el resumen de la cuenta', '2023-09-21 20:16:49'),
	(877, 141, 1, 'Informatica', 'Creo la hoja de cobro', '2023-09-26 14:54:31'),
	(878, 141, 1, 'Informatica', 'Actualizo los datos del paciente', '2023-10-02 14:35:04'),
	(879, 139, 1, 'Informatica', 'Creo el abono con codigo 1023 con un valor de $25', '2023-10-03 14:27:28'),
	(880, 141, 1, 'Informatica', 'Cambio la modalidad de la hoja a \'Por pagos\'', '2023-10-03 14:28:10'),
	(881, 141, 1, 'Informatica', 'Creo el abono con codigo 1024 con un valor de $100', '2023-10-03 14:28:20'),
	(882, 142, 1, 'Informatica', 'Creo la hoja de cobro', '2023-10-03 19:54:36'),
	(883, 143, 1, 'Informatica', 'Creo la hoja de cobro', '2023-10-03 20:34:29'),
	(884, 142, 1, 'Informatica', 'Agrego 1 elementos de Verolax Gotas, con precio de $5.24', '2023-10-10 14:57:57'),
	(885, 142, 1, 'Informatica', 'Edito de 1 elementos a 10 el medicamento Verolax Gotas', '2023-10-10 14:58:11'),
	(886, 142, 1, 'Informatica', 'Edito de 10 elementos a 2 el medicamento Verolax Gotas', '2023-10-10 14:58:26'),
	(887, 142, 1, 'Informatica', 'Agrego 5 elementos de AGUJA N°21, con precio de $0.3', '2023-10-10 14:59:02'),
	(888, 144, 1, 'Informatica', 'Creo la hoja de cobro', '2023-10-10 17:24:51'),
	(889, 144, 1, 'Informatica', 'Agrego 1 elementos de AGUJA N°18, con precio de $0.3', '2023-10-10 18:01:06'),
	(890, 144, 12, 'SALAS', 'Edito de 1 elementos a 2 el medicamento AGUJA N°18', '2023-10-10 20:16:48'),
	(891, 144, 12, 'SALAS', 'Edito de 2 elementos a 1 el medicamento AGUJA N°18', '2023-10-10 20:16:58'),
	(892, 145, 1, 'Informatica', 'Creo la hoja de cobro', '2023-10-11 20:30:06'),
	(893, 146, 1, 'Informatica', 'Creo la hoja de cobro', '2023-10-12 14:36:26'),
	(894, 147, 1, 'Informatica', 'Creo la hoja de cobro', '2023-10-12 14:40:20'),
	(895, 148, 1, 'Informatica', 'Creo la hoja de cobro', '2023-10-12 14:41:51'),
	(896, 149, 1, 'Informatica', 'Creo la hoja de cobro', '2023-10-12 14:43:52'),
	(897, 150, 1, 'Informatica', 'Creo la hoja de cobro y agrego el abono por: 2500', '2023-10-12 15:04:06'),
	(898, 151, 1, 'Informatica', 'Creo la hoja de cobro y agrego el abono por: 2500', '2023-10-12 15:07:47'),
	(899, 152, 1, 'Informatica', 'Creo la hoja de cobro y agrego el abono por: 3000', '2023-10-12 15:09:59'),
	(900, 146, 1, 'Informatica', 'Cambio la modalidad de la hoja a Paquete', '2023-10-12 15:29:47'),
	(901, 146, 1, 'Informatica', 'Cambio la modalidad de la hoja a Paquete', '2023-10-12 15:31:17'),
	(902, 146, 1, 'Informatica', 'Cambio la modalidad de la hoja a Paquete', '2023-10-12 15:32:30'),
	(903, 146, 1, 'Informatica', 'Agrego 1 elementos de LAB. HOSPITAL ORELLANA, con precio de $350', '2023-10-12 15:35:01'),
	(904, 146, 1, 'Informatica', 'Agrego 1 elementos de RX-HOSPITAL ORELLANA, con precio de $150', '2023-10-12 15:35:16'),
	(905, 146, 1, 'Informatica', 'El usuario ha cerrado la cuenta', '2023-10-12 15:35:30'),
	(906, 145, 1, 'Informatica', 'Creo el recibo número: #64', '2023-10-12 16:43:05'),
	(907, 146, 1, 'Informatica', 'Creo el recibo número: #65', '2023-10-12 16:43:38'),
	(908, 149, 1, 'Informatica', 'Agrego 1 elementos de LAB. HOSPITAL ORELLANA, con precio de $1200', '2023-10-12 16:44:49'),
	(909, 149, 1, 'Informatica', 'El usuario ha cerrado la cuenta', '2023-10-12 16:44:57'),
	(910, 149, 1, 'Informatica', 'Creo el recibo número: #66', '2023-10-12 16:44:58'),
	(911, 152, 1, 'Informatica', 'Agrego 1 elementos de RX-HOSPITAL ORELLANA, con precio de $100', '2023-10-12 16:45:41'),
	(912, 152, 1, 'Informatica', 'Agrego al externo Dr. Luis Gerardo Bernabel Cañas(Honorarios) con un valor de $2900', '2023-10-12 16:46:07'),
	(913, 152, 1, 'Informatica', 'El usuario ha cerrado la cuenta', '2023-10-12 16:46:13'),
	(914, 152, 1, 'Informatica', 'Creo el recibo número: #67', '2023-10-12 16:47:04'),
	(915, 152, 1, 'Informatica', 'Creo el recibo número: #67', '2023-10-12 16:49:19'),
	(916, 152, 1, 'Informatica', 'El usuario abrio nuevamente la cuenta', '2023-10-12 16:50:04'),
	(917, 152, 1, 'Informatica', 'Edito de 1 elementos a 1 el medicamento RX-HOSPITAL ORELLANA', '2023-10-12 16:50:10'),
	(918, 152, 1, 'Informatica', 'El usuario ha cerrado la cuenta', '2023-10-12 16:50:22'),
	(919, 152, 1, 'Informatica', 'Creo el recibo número: #67', '2023-10-12 16:50:23'),
	(920, 153, 1, 'Informatica', 'Creo la hoja de cobro', '2023-10-13 15:34:47'),
	(921, 153, 1, 'Informatica', 'Agrego 1 elementos de LAB. HOSPITAL ORELLANA, con precio de $565', '2023-10-13 15:35:46'),
	(922, 153, 1, 'Informatica', 'El usuario ha cerrado la cuenta', '2023-10-13 15:35:51'),
	(923, 153, 1, 'Informatica', 'Creo el recibo número: #68', '2023-10-13 15:36:19'),
	(924, 154, 1, 'Informatica', 'Creo la hoja de cobro', '2023-10-17 17:25:19'),
	(925, 154, 1, 'Informatica', 'Agrego 1 elementos de LAB. HOSPITAL ORELLANA, con precio de $250.99', '2023-10-17 17:25:33'),
	(926, 154, 1, 'Informatica', 'El usuario ha cerrado la cuenta', '2023-10-17 17:25:38'),
	(927, 154, 1, 'Informatica', 'Creo el recibo número: #69', '2023-10-17 17:25:52'),
	(928, 144, 1, 'Informatica', 'Actualizo el precio del paquete a: $3000', '2023-10-17 20:11:11'),
	(929, 152, 1, 'Informatica', 'El usuario abrio nuevamente la cuenta', '2023-10-17 20:42:16'),
	(930, 152, 1, 'Informatica', 'Elimino al externo Dr. Luis Gerardo Bernabel Cañas(Honorarios) con un valor de $2900.00', '2023-10-17 20:42:18'),
	(931, 152, 1, 'Informatica', 'El usuario ha cerrado la cuenta', '2023-10-17 20:42:21'),
	(932, 74, 1, 'Informatica', 'El usuario ha cerrado la cuenta', '2023-10-17 20:50:57'),
	(933, 74, 1, 'Informatica', 'Creo el recibo número: #70', '2023-10-17 20:50:59'),
	(934, 116, 1, 'Informatica', 'El usuario abrio nuevamente la cuenta', '2023-10-17 21:13:30'),
	(935, 116, 1, 'Informatica', 'Agrego 1 elementos de LAB. HOSPITAL ORELLANA, con precio de $10', '2023-10-17 21:13:37'),
	(936, 116, 1, 'Informatica', 'El usuario ha cerrado la cuenta', '2023-10-17 21:13:41'),
	(937, 139, 1, 'Informatica', 'Agrego 1 elementos de RX-HOSPITAL ORELLANA, con precio de $500', '2023-10-17 21:16:09'),
	(938, 139, 1, 'Informatica', 'El usuario ha cerrado la cuenta', '2023-10-17 21:16:14'),
	(939, 144, 1, 'Informatica', 'Cambio la modalidad de la hoja a \'Por pagos\'', '2023-10-18 17:32:26'),
	(940, 144, 1, 'Informatica', 'Creo el abono con codigo 1026 con un valor de $2000', '2023-10-18 17:32:35'),
	(941, 143, 1, 'Informatica', 'Agrego 1 elementos de HOSPITAL ORELLANA, con precio de $500', '2023-10-18 17:33:20'),
	(942, 143, 1, 'Informatica', 'Cambio la modalidad de la hoja a \'Por pagos\'', '2023-10-18 17:33:23'),
	(943, 143, 1, 'Informatica', 'Creo el abono con codigo 1027 con un valor de $150', '2023-10-18 17:33:31'),
	(944, 141, 1, 'Informatica', 'Cambio la modalidad de la hoja a Paquete', '2023-10-18 17:34:06'),
	(945, 141, 1, 'Informatica', 'Creo el abono con codigo 1028 con un valor de $85', '2023-10-18 17:34:42'),
	(946, 141, 1, 'Informatica', 'Agrego 1 elementos de RX-HOSPITAL ORELLANA, con precio de $85', '2023-10-18 17:38:10'),
	(947, 141, 1, 'Informatica', 'El usuario ha cerrado la cuenta', '2023-10-18 17:38:15'),
	(948, 141, 1, 'Informatica', 'Creo el recibo número: #71', '2023-10-18 17:38:18'),
	(949, 144, 1, 'Informatica', 'El usuario ha cerrado la cuenta', '2023-10-18 17:38:47'),
	(950, 144, 1, 'Informatica', 'Creo el recibo número: #72', '2023-10-18 17:38:52'),
	(951, 143, 1, 'Informatica', 'El usuario ha cerrado la cuenta', '2023-10-18 17:39:24'),
	(952, 143, 1, 'Informatica', 'Creo el recibo número: #73', '2023-10-18 17:39:26'),
	(953, 142, 1, 'Informatica', 'El usuario ha cerrado la cuenta', '2023-10-18 17:39:37'),
	(954, 142, 1, 'Informatica', 'El usuario abrio nuevamente la cuenta', '2023-10-18 20:53:00'),
	(955, 137, 1, 'Informatica', 'El usuario ha cerrado la cuenta', '2023-10-19 14:35:14'),
	(956, 155, 1, 'Informatica', 'Creo la hoja de cobro', '2023-10-19 14:35:38'),
	(957, 155, 1, 'Informatica', 'Agrego 2 elementos de Verolax Gotas, con precio de $5.24', '2023-10-19 14:36:09'),
	(958, 155, 1, 'Informatica', 'Edito de 2 elementos a 1 el medicamento Verolax Gotas', '2023-10-19 14:37:08'),
	(959, 155, 1, 'Informatica', 'Edito de 1 elementos a 0 el medicamento Verolax Gotas', '2023-10-19 14:37:15'),
	(960, 155, 1, 'Informatica', 'Edito de 0 elementos a 3 el medicamento Verolax Gotas', '2023-10-19 14:37:23'),
	(961, 155, 1, 'Informatica', 'Cambio 2 elementos de Verolax Gotas a 3 elementos de Acetaminofen Medikem 120mg/5ml Jarabe 120 ml', '2023-10-19 14:42:13'),
	(962, 155, 1, 'Informatica', 'Edito de 3 elementos a 6 el medicamento Acetaminofen Medikem 120mg/5ml Jarabe 120 ml', '2023-10-19 14:42:41'),
	(963, 155, 1, 'Informatica', 'Edito de 6 elementos a 1 el medicamento Acetaminofen Medikem 120mg/5ml Jarabe 120 ml', '2023-10-19 14:42:47'),
	(964, 155, 1, 'Informatica', 'Edito de 1 elementos a 3 el medicamento Acetaminofen Medikem 120mg/5ml Jarabe 120 ml', '2023-10-19 14:42:56'),
	(965, 155, 1, 'Informatica', 'Elimino 3 elementos del medicamento Acetaminofen Medikem 120mg/5ml Jarabe 120 ml, motivo: Equivocado', '2023-10-19 14:43:15'),
	(966, 155, 1, 'Informatica', 'Agrego 1 elementos de Verolax Gotas, con precio de $5.24', '2023-10-19 14:45:46'),
	(967, 155, 1, 'Informatica', 'Elimino 1 elementos del medicamento Verolax Gotas, motivo: Equivocado', '2023-10-19 14:46:47'),
	(968, 155, 1, 'Informatica', 'Agrego 1 elementos de Verolax Gotas, con precio de $5.24', '2023-10-19 14:59:01'),
	(969, 155, 1, 'Informatica', 'Agrego 1 elementos de Acetaminofen Medikem 120mg/5ml Jarabe 120 ml, con precio de $7.5', '2023-10-19 15:12:24'),
	(970, 155, 1, 'Informatica', 'Agrego 1 elementos de Acetaminofen MK 500 mg, con precio de $0.1', '2023-10-19 15:12:24'),
	(971, 155, 1, 'Informatica', 'Agrego 1 elementos de Para- Denk 250mg, con precio de $0.78', '2023-10-19 15:12:25'),
	(972, 155, 1, 'Informatica', 'Elimino 1 elementos del medicamento Verolax Gotas, motivo: Testing', '2023-10-19 15:19:21'),
	(973, 155, 1, 'Informatica', 'Elimino 1 elementos del medicamento Acetaminofen Medikem 120mg/5ml Jarabe 120 ml, motivo: Testing', '2023-10-19 15:19:42'),
	(974, 155, 1, 'Informatica', 'Elimino 1 elementos del medicamento Acetaminofen MK 500 mg, motivo: Testing', '2023-10-19 15:19:46'),
	(975, 155, 1, 'Informatica', 'Elimino 1 elementos del medicamento Para- Denk 250mg, motivo: Testing', '2023-10-19 15:19:48'),
	(976, 155, 1, 'Informatica', 'Agrego 1 elementos de Verolax Gotas, con precio de $5.24', '2023-10-19 15:21:34'),
	(977, 155, 1, 'Informatica', 'Elimino 1 elementos del medicamento Verolax Gotas, motivo: Testing', '2023-10-19 15:21:39'),
	(978, 155, 1, 'Informatica', 'Agrego 1 elementos de Verolax Gotas, con precio de $5.24', '2023-10-19 15:22:58'),
	(979, 155, 1, 'Informatica', 'Elimino 1 elementos del medicamento Verolax Gotas, motivo: Testing', '2023-10-19 15:23:10'),
	(980, 155, 1, 'Informatica', 'Agrego 1 elementos de Verolax Gotas, con precio de $5.24', '2023-10-19 15:35:09'),
	(981, 155, 1, 'Informatica', 'Agrego 1 elementos de Acetaminofen Medikem 120mg/5ml Jarabe 120 ml, con precio de $7.5', '2023-10-19 15:35:09'),
	(982, 155, 1, 'Informatica', 'Agrego 1 elementos de Acetaminofen MK 500 mg, con precio de $0.1', '2023-10-19 15:35:09'),
	(983, 155, 1, 'Informatica', 'Agrego 1 elementos de Para- Denk 250mg, con precio de $0.78', '2023-10-19 15:35:09'),
	(984, 155, 1, 'Informatica', 'Elimino 1 elementos del medicamento Verolax Gotas, motivo: Testing', '2023-10-19 15:35:30'),
	(985, 155, 1, 'Informatica', 'Elimino 1 elementos del medicamento Acetaminofen Medikem 120mg/5ml Jarabe 120 ml, motivo: Testing', '2023-10-19 15:35:33'),
	(986, 155, 1, 'Informatica', 'Elimino 1 elementos del medicamento Acetaminofen MK 500 mg, motivo: Testing', '2023-10-19 15:35:35'),
	(987, 155, 1, 'Informatica', 'Elimino 1 elementos del medicamento Para- Denk 250mg, motivo: Testing', '2023-10-19 15:35:37'),
	(988, 156, 1, 'Informatica', 'Creo la hoja de cobro', '2023-10-19 16:34:41'),
	(989, 157, 1, 'Informatica', 'Creo la hoja de cobro', '2023-10-19 16:35:30'),
	(990, 158, 1, 'Informatica', 'Creo la hoja de cobro', '2023-10-19 16:37:42'),
	(991, 159, 1, 'Informatica', 'Creo la hoja de cobro', '2023-10-19 16:38:30'),
	(992, 159, 1, 'Informatica', 'Cambio la modalidad de la hoja a Paquete', '2023-10-19 16:49:52'),
	(993, 158, 1, 'Informatica', ' Agrego el procedimiento:  Corte de mano.,', '2023-10-19 21:39:05'),
	(994, 160, 1, 'Informatica', 'Creo la hoja de cobro', '2023-10-21 17:25:34'),
	(995, 160, 1, 'Informatica', 'Agrego 1 elementos de Verolax Gotas, con precio de $5.24', '2023-10-21 17:26:21'),
	(996, 160, 1, 'Informatica', 'Edito de 1 elementos a 10 el medicamento Verolax Gotas', '2023-10-21 17:26:49'),
	(997, 160, 1, 'Informatica', 'Edito de 10 elementos a 1 el medicamento Verolax Gotas', '2023-10-21 17:27:23'),
	(998, 160, 1, 'Informatica', 'Elimino 1 elementos del medicamento Verolax Gotas, motivo: Equivocado', '2023-10-21 17:27:39'),
	(999, 160, 1, 'Informatica', 'Agrego 1 elementos de Verolax Gotas, con precio de $5.24', '2023-10-21 17:29:53'),
	(1000, 160, 1, 'Informatica', 'Elimino 1 elementos del medicamento Verolax Gotas, motivo: Equivocado', '2023-10-21 17:30:00'),
	(1001, 160, 1, 'Informatica', 'Agrego 1 elementos de Verolax Gotas, con precio de $5.24', '2023-10-23 20:02:57'),
	(1002, 160, 1, 'Informatica', 'El usuario ha cerrado la cuenta', '2023-10-23 20:03:00'),
	(1003, 160, 1, 'Informatica', 'Creo el recibo número: #74', '2023-10-23 20:03:03'),
	(1004, 159, 1, 'Informatica', 'El usuario ha cerrado la cuenta', '2023-10-24 14:23:20'),
	(1005, 159, 1, 'Informatica', 'El usuario abrio nuevamente la cuenta', '2023-10-24 14:58:17'),
	(1006, 159, 1, 'Informatica', 'Agrego 1 elementos de LAB. HOSPITAL ORELLANA, con precio de $25', '2023-10-24 14:58:30'),
	(1007, 159, 1, 'Informatica', 'El usuario ha cerrado la cuenta', '2023-10-24 14:59:38'),
	(1008, 159, 1, 'Informatica', 'Creo el recibo número: #75', '2023-10-24 14:59:42'),
	(1009, 159, 1, 'Informatica', 'Creo el recibo número: #75', '2023-10-24 15:01:20'),
	(1010, 159, 1, 'Informatica', 'Creo el recibo número: #75', '2023-10-24 15:01:24'),
	(1011, 159, 1, 'Informatica', 'Creo el recibo número: #75', '2023-10-24 15:01:49'),
	(1012, 159, 1, 'Informatica', 'Creo el recibo número: #75', '2023-10-24 15:02:19'),
	(1013, 158, 1, 'Informatica', 'Agrego 1 elementos de RX-HOSPITAL ORELLANA, con precio de $150', '2023-10-24 15:16:39'),
	(1014, 158, 1, 'Informatica', 'El usuario ha cerrado la cuenta', '2023-10-24 15:16:44'),
	(1015, 158, 1, 'Informatica', 'Creo el recibo número: #76', '2023-10-24 15:16:47'),
	(1016, 157, 1, 'Informatica', 'Cambio la modalidad de la hoja a Paquete', '2023-10-24 15:17:24'),
	(1017, 157, 1, 'Informatica', 'Agrego 1 elementos de HOSPITAL ORELLANA, con precio de $1000', '2023-10-24 15:17:42'),
	(1018, 157, 1, 'Informatica', 'El usuario ha cerrado la cuenta', '2023-10-24 15:17:47'),
	(1019, 157, 1, 'Informatica', 'Creo el recibo número: #77', '2023-10-24 15:17:51'),
	(1020, 161, 1, 'Informatica', 'Creo la hoja de cobro', '2023-10-24 15:19:23'),
	(1021, 161, 1, 'Informatica', 'Agrego 1 elementos de LAB. HOSPITAL ORELLANA, con precio de $1000', '2023-10-24 15:19:36'),
	(1022, 161, 1, 'Informatica', 'Agrego al externo Dr. Jorge Nelson Santos Pineda(Honorarios) con un valor de $1000', '2023-10-24 15:19:46'),
	(1023, 161, 1, 'Informatica', 'El usuario ha cerrado la cuenta', '2023-10-24 15:19:50'),
	(1024, 161, 1, 'Informatica', 'Creo el recibo número: #78', '2023-10-24 15:19:53'),
	(1025, 155, 1, 'Informatica', 'Agrego 1 elementos de HOSPITAL ORELLANA, con precio de $100', '2023-10-25 16:59:33'),
	(1026, 155, 1, 'Informatica', 'El usuario ha cerrado la cuenta', '2023-10-25 16:59:38'),
	(1027, 155, 1, 'Informatica', 'Creo el recibo número: #79', '2023-10-25 16:59:40'),
	(1028, 156, 1, 'Informatica', 'Agrego 1 elementos de LAB. HOSPITAL ORELLANA, con precio de $500', '2023-10-26 14:30:17'),
	(1029, 156, 1, 'Informatica', 'Agrego al externo Dr. Carlos Roberto Vidaurre Flores(Honorarios) con un valor de $50', '2023-10-26 14:30:27'),
	(1030, 156, 1, 'Informatica', 'Agrego al externo Dr. Luis Gerardo Bernabel Cañas(Honorarios) con un valor de $60', '2023-10-26 14:30:35'),
	(1031, 156, 1, 'Informatica', 'El usuario ha cerrado la cuenta', '2023-10-26 14:30:42'),
	(1032, 156, 1, 'Informatica', 'Creo el recibo número: #80', '2023-10-26 14:30:46'),
	(1033, 142, 1, 'Informatica', 'Agrego al externo Dr. Luis Gerardo Bernabel Cañas(Honorarios) con un valor de $100', '2023-10-26 14:31:14'),
	(1034, 142, 1, 'Informatica', 'Cambio la modalidad de la hoja a Paquete', '2023-10-26 14:31:25'),
	(1035, 142, 1, 'Informatica', 'El usuario ha cerrado la cuenta', '2023-10-26 14:31:29'),
	(1036, 142, 1, 'Informatica', 'Creo el recibo número: #81', '2023-10-26 14:31:31'),
	(1037, 139, 1, 'Informatica', 'El usuario abrio nuevamente la cuenta', '2023-10-26 14:32:15'),
	(1038, 139, 1, 'Informatica', 'Agrego al externo Dr. Luis Gerardo Bernabel Cañas(Honorarios) con un valor de $50', '2023-10-26 14:32:22'),
	(1039, 139, 1, 'Informatica', 'Agrego al externo Dr. Jorge Nelson Santos Pineda(Honorarios) con un valor de $50', '2023-10-26 14:32:28'),
	(1040, 139, 1, 'Informatica', 'El usuario ha cerrado la cuenta', '2023-10-26 14:32:48'),
	(1041, 139, 1, 'Informatica', 'Creo el recibo número: #82', '2023-10-26 14:32:49'),
	(1042, 138, 1, 'Informatica', 'Agrego al externo Dr. Jorge Nelson Santos Pineda(Honorarios) con un valor de $150', '2023-10-26 14:33:21'),
	(1043, 138, 1, 'Informatica', 'Cambio la modalidad de la hoja a Paquete', '2023-10-26 14:33:39'),
	(1044, 138, 1, 'Informatica', 'El usuario ha cerrado la cuenta', '2023-10-26 14:33:45'),
	(1045, 138, 1, 'Informatica', 'Creo el recibo número: #83', '2023-10-26 14:33:47'),
	(1046, 137, 1, 'Informatica', 'Creo el recibo número: #84', '2023-10-26 14:34:11'),
	(1047, 138, 1, 'Informatica', 'El usuario abrio nuevamente la cuenta', '2023-10-26 14:34:36'),
	(1048, 138, 1, 'Informatica', 'Elimino al externo Dr. Adilson Zelaya(Honorarios) con un valor de $50.00', '2023-10-26 14:34:40'),
	(1049, 138, 1, 'Informatica', 'Elimino al externo Dr. Jorge Nelson Santos Pineda(Honorarios) con un valor de $150.00', '2023-10-26 14:34:41'),
	(1050, 138, 1, 'Informatica', 'El usuario ha cerrado la cuenta', '2023-10-26 14:34:45'),
	(1051, 142, 1, 'Informatica', 'El usuario abrio nuevamente la cuenta', '2023-10-26 14:34:56'),
	(1052, 142, 1, 'Informatica', 'Elimino al externo Dr. Luis Gerardo Bernabel Cañas(Honorarios) con un valor de $100.00', '2023-10-26 14:34:59'),
	(1053, 142, 1, 'Informatica', 'El usuario ha cerrado la cuenta', '2023-10-26 14:35:01'),
	(1054, 162, 1, 'Informatica', 'Creo la hoja de cobro y agrego el abono por: 500', '2023-10-30 20:12:48'),
	(1055, 16, 1, 'Informatica', 'Cambio la modalidad de la hoja a \'Por pagos\'', '2023-10-30 20:23:49'),
	(1056, 16, 1, 'Informatica', 'Creo el abono con codigo 1030 con un valor de $0.50', '2023-10-30 20:29:23'),
	(1057, 162, 1, 'Informatica', 'Agrego al externo Caja Ortopédica (Dr. Santos) con un valor de $50', '2023-10-31 17:01:18'),
	(1058, 162, 1, 'Informatica', 'Agrego 1 elementos de Verolax Gotas, con precio de $5.24', '2023-10-31 17:01:28'),
	(1059, 162, 1, 'Informatica', 'El usuario ha cerrado la cuenta', '2023-10-31 17:02:23'),
	(1060, 162, 1, 'Informatica', 'Creo el recibo número: #85', '2023-10-31 17:02:36'),
	(1061, 21, 1, 'Informatica', 'El usuario abrio nuevamente la cuenta', '2023-11-08 17:20:14'),
	(1062, 21, 1, 'Informatica', 'Agrego al externo Lic. Douglas Trejo(Honorarios) con un valor de $50', '2023-11-08 17:20:28'),
	(1063, 21, 1, 'Informatica', 'Agrego al externo Dr. Luis Gerardo Bernabel Cañas(Honorarios) con un valor de $0', '2023-11-08 17:20:31'),
	(1064, 21, 1, 'Informatica', 'Cambio la modalidad de la hoja a \'Por pagos\'', '2023-11-08 17:20:35'),
	(1065, 21, 1, 'Informatica', 'Creo el abono con codigo 1031 con un valor de $50', '2023-11-08 17:20:40'),
	(1066, 21, 1, 'Informatica', 'El usuario ha cerrado la cuenta', '2023-11-08 17:20:46'),
	(1067, 21, 1, 'Informatica', 'Creo el recibo número: #86', '2023-11-08 17:20:47'),
	(1068, 130, 1, 'Informatica', 'Agrego al externo Dr. Luis Gerardo Bernabel Cañas(Honorarios) con un valor de $25', '2023-11-09 15:52:36'),
	(1069, 130, 1, 'Informatica', 'El usuario ha cerrado la cuenta', '2023-11-09 15:52:39'),
	(1070, 130, 1, 'Informatica', 'Creo el recibo número: #87', '2023-11-09 15:52:42'),
	(1071, 127, 1, 'Informatica', 'Cambio la modalidad de la hoja a \'Por pagos\'', '2023-11-09 15:52:51'),
	(1072, 127, 1, 'Informatica', 'El usuario ha cerrado la cuenta', '2023-11-09 15:53:02'),
	(1073, 127, 1, 'Informatica', 'Creo el recibo número: #88', '2023-11-09 15:53:04'),
	(1074, 126, 1, 'Informatica', 'Cambio la modalidad de la hoja a \'Por pagos\'', '2023-11-09 15:53:11'),
	(1075, 126, 1, 'Informatica', 'Agrego al externo Dr. Luis Gerardo Bernabel Cañas(Honorarios) con un valor de $500', '2023-11-09 15:53:31'),
	(1076, 126, 1, 'Informatica', 'El usuario ha cerrado la cuenta', '2023-11-09 15:53:43'),
	(1077, 126, 1, 'Informatica', 'Creo el recibo número: #89', '2023-11-09 15:53:45'),
	(1078, 123, 1, 'Informatica', 'Agrego al externo Dr. Cesar Antonio Galdamez(Honorarios) con un valor de $0', '2023-11-09 16:12:21'),
	(1079, 123, 1, 'Informatica', 'Cambio la modalidad de la hoja a Paquete', '2023-11-09 16:12:32'),
	(1080, 123, 1, 'Informatica', 'Cambio la modalidad de la hoja a \'Por pagos\'', '2023-11-09 16:12:35'),
	(1081, 123, 1, 'Informatica', 'Cambio la cantidada del externo Dr. Cesar Antonio Galdamez(Honorarios) de $0.00 a $15', '2023-11-09 16:12:41'),
	(1082, 123, 1, 'Informatica', 'El usuario ha cerrado la cuenta', '2023-11-09 16:12:44'),
	(1083, 123, 1, 'Informatica', 'Creo el recibo número: #90', '2023-11-09 16:12:48'),
	(1084, 106, 8, 'JACQUELINNE TREJO', 'El usuario abrio nuevamente la cuenta', '2023-11-24 17:55:38'),
	(1085, 170, 1, 'Informatica', 'Creo la hoja de cobro desde hemodialisis', '2023-11-28 14:19:51'),
	(1086, 171, 1, 'Informatica', 'Creo la hoja de cobro desde hemodialisis', '2023-11-28 14:21:54'),
	(1087, 170, 1, 'Informatica', 'El usuario ha cerrado la cuenta', '2023-11-29 15:17:44'),
	(1088, 170, 1, 'Informatica', 'Creo el recibo número: #91', '2023-11-29 15:17:46'),
	(1089, 172, 1, 'Informatica', 'Creo la hoja de cobro desde hemodialisis', '2023-11-29 17:40:59'),
	(1090, 173, 1, 'Informatica', 'Creo la hoja de cobro desde hemodialisis', '2023-11-29 17:41:17'),
	(1091, 172, 1, 'Informatica', 'El usuario ha cerrado la cuenta', '2023-11-29 17:42:01'),
	(1092, 172, 1, 'Informatica', 'Creo el recibo número: #92', '2023-11-29 17:42:05'),
	(1093, 173, 1, 'Informatica', 'El usuario ha cerrado la cuenta', '2023-11-29 17:42:13'),
	(1094, 173, 1, 'Informatica', 'Creo el recibo número: #93', '2023-11-29 17:42:15'),
	(1095, 171, 1, 'Informatica', 'El usuario ha cerrado la cuenta', '2023-11-29 17:42:25'),
	(1096, 171, 1, 'Informatica', 'Creo el recibo número: #94', '2023-11-29 17:42:27'),
	(1097, 174, 1, 'Informatica', 'El usuario ha cerrado la cuenta', '2023-12-04 17:09:49'),
	(1098, 174, 1, 'Informatica', 'Creo el recibo número: #95', '2023-12-04 17:10:25'),
	(1099, 174, 1, 'Informatica', 'El usuario visualizo el resumen de la cuenta', '2023-12-04 17:10:59'),
	(1100, 175, 1, 'Informatica', 'Creo la hoja de cobro', '2023-12-04 17:13:44'),
	(1101, 175, 1, 'Informatica', 'Cambio la modalidad de la hoja a Paquete', '2023-12-04 17:14:38'),
	(1102, 175, 1, 'Informatica', 'Agrego 1 elementos de Acetaminofen Medikem 120mg/5ml Jarabe 120 ml, con precio de $7.5', '2023-12-04 17:15:18'),
	(1103, 175, 1, 'Informatica', 'Agrego al externo Dr. Carlos Mario Garcia(Honorarios) con un valor de $250', '2023-12-04 17:15:47'),
	(1104, 175, 1, 'Informatica', 'Edito de 1 elementos a 1 el medicamento Acetaminofen Medikem 120mg/5ml Jarabe 120 ml', '2023-12-04 17:16:10'),
	(1105, 175, 1, 'Informatica', 'Edito de 1 elementos a 1 el medicamento Acetaminofen Medikem 120mg/5ml Jarabe 120 ml', '2023-12-04 17:16:17'),
	(1106, 175, 1, 'Informatica', 'Cambio 1 elementos de Acetaminofen Medikem 120mg/5ml Jarabe 120 ml a 10 elementos de Acetaminofen MK 500 mg', '2023-12-04 17:16:35'),
	(1107, 175, 1, 'Informatica', 'Actualizo el precio del paquete a: $2000', '2023-12-04 17:20:08'),
	(1108, 175, 1, 'Informatica', 'Elimino al externo Dr. Carlos Mario Garcia(Honorarios) con un valor de $250.00', '2023-12-04 17:22:05'),
	(1109, 175, 1, 'Informatica', 'Agrego al externo Dr. Carlos Roberto Vidaurre Flores(Honorarios) con un valor de $200', '2023-12-04 17:24:10'),
	(1110, 175, 1, 'Informatica', 'El usuario ha cerrado la cuenta', '2023-12-04 17:25:01'),
	(1111, 175, 1, 'Informatica', 'Creo el recibo número: #96', '2023-12-04 17:25:14'),
	(1112, 176, 1, 'Informatica', 'Creo la hoja de cobro', '2023-12-04 17:38:49'),
	(1113, 176, 1, 'Informatica', 'Actualizo informacion para elaborar el consentimiento informado', '2023-12-04 17:39:58'),
	(1114, 176, 1, 'Informatica', 'Agrego 1 elementos de LAB. HOSPITAL ORELLANA, con precio de $500', '2023-12-04 17:41:24'),
	(1115, 176, 1, 'Informatica', 'Agrego 1 elementos de RX-HOSPITAL ORELLANA, con precio de $500', '2023-12-04 17:43:04'),
	(1116, 176, 1, 'Informatica', 'Agrego al externo Dr. Carlos Zepeda Fuentes(Honorarios) con un valor de $1000', '2023-12-04 17:43:29'),
	(1117, 176, 1, 'Informatica', 'Cambio la modalidad de la hoja a \'Por pagos\'', '2023-12-04 17:44:01'),
	(1118, 176, 1, 'Informatica', 'Creo el abono con codigo 1032 con un valor de $500', '2023-12-04 17:44:22'),
	(1119, 176, 1, 'Informatica', ' Cambio la hoja al seguro: Empleados, Agrego el procedimiento:  HISTERECTOMIA,', '2023-12-04 17:59:43'),
	(1120, 158, 1, 'Informatica', 'El usuario abrio nuevamente la cuenta', '2023-12-04 18:03:47'),
	(1121, 176, 1, 'Informatica', 'El usuario ha cerrado la cuenta', '2023-12-04 18:08:15'),
	(1122, 176, 1, 'Informatica', 'Creo el recibo número: #97', '2023-12-04 18:08:31'),
	(1123, 156, 1, 'Informatica', 'Agrego la factura #2268', '2023-12-04 18:16:05'),
	(1124, 122, 1, 'Informatica', 'Actualizo los datos del paciente', '2023-12-04 18:18:37'),
	(1125, 3, 1, 'Informatica', 'El usuario visualizo el resumen de la cuenta', '2023-12-08 13:58:11'),
	(1126, 169, 1, 'Informatica', 'Agrego 1 elementos de LIDOCAINA 2%, con precio de $0.25', '2023-12-11 18:07:05'),
	(1127, 169, 1, 'Informatica', 'Edito de 1 elementos a 2 el medicamento LIDOCAINA 2%', '2023-12-11 18:16:55'),
	(1128, 169, 1, 'Informatica', 'Edito de 1 elementos a 3 el medicamento LIDOCAINA 2%', '2023-12-11 18:17:12'),
	(1129, 169, 1, 'Informatica', 'Edito de 3 elementos a 1 el medicamento LIDOCAINA 2%', '2023-12-11 18:17:28'),
	(1130, 169, 1, 'Informatica', 'Edito de 1 elementos a 2 el medicamento Solucion Dextrosa 5% 1000ml', '2023-12-11 20:53:31'),
	(1131, 169, 1, 'Informatica', 'Edito de 2 elementos a 5 el medicamento Solucion Dextrosa 5% 1000ml', '2023-12-11 20:53:47'),
	(1132, 169, 1, 'Informatica', 'Edito de 5 elementos a 1 el medicamento Solucion Dextrosa 5% 1000ml', '2023-12-11 20:53:59'),
	(1133, 169, 1, 'Informatica', 'Agrego 1 elementos de Nitroglicerina 50mg/10ml, con precio de $14.39', '2023-12-11 20:56:26'),
	(1134, 169, 1, 'Informatica', 'Edito de 1 elementos a 4 el medicamento Nitroglicerina 50mg/10ml', '2023-12-11 20:56:48'),
	(1135, 169, 1, 'Informatica', 'Edito de 4 elementos a 1 el medicamento Nitroglicerina 50mg/10ml', '2023-12-11 20:57:07'),
	(1136, 169, 1, 'Informatica', 'Elimino 1 elementos del medicamento Nitroglicerina 50mg/10ml, motivo: Equivocado', '2023-12-11 21:33:08'),
	(1137, 169, 1, 'Informatica', 'El usuario ha cerrado la cuenta', '2023-12-12 14:41:15'),
	(1138, 169, 1, 'Informatica', 'Creo el recibo número: #98', '2023-12-12 14:41:17'),
	(1139, 177, 1, 'Informatica', 'Creo la hoja de cobro', '2023-12-12 14:42:08'),
	(1140, 177, 1, 'Informatica', 'Agrego 1 elementos de Solucion Dextrosa 5% 1000ml, con precio de $6', '2023-12-12 14:49:52'),
	(1141, 177, 1, 'Informatica', 'Edito de 1 elementos a 5 el medicamento Solucion Dextrosa 5% 1000ml', '2023-12-12 14:59:03'),
	(1142, 177, 1, 'Informatica', 'Edito de 5 elementos a 2 el medicamento Solucion Dextrosa 5% 1000ml', '2023-12-12 14:59:20'),
	(1143, 177, 1, 'Informatica', 'Edito de 1 elementos a 2 el medicamento Solucion Dextrosa 5% 1000ml', '2023-12-12 15:03:57'),
	(1144, 177, 1, 'Informatica', 'Edito de 1 elementos a 2 el medicamento Solucion Dextrosa 5% 1000ml', '2023-12-12 15:04:06'),
	(1145, 177, 1, 'Informatica', 'Elimino 2 elementos del medicamento Solucion Dextrosa 5% 1000ml, motivo: Equivocado', '2023-12-12 15:06:00'),
	(1146, 177, 1, 'Informatica', 'Elimino 2 elementos del medicamento Solucion Dextrosa 5% 1000ml, motivo: Equivocado', '2023-12-12 15:06:02'),
	(1147, 177, 1, 'Informatica', 'Elimino 2 elementos del medicamento Solucion Dextrosa 5% 1000ml, motivo: Equivocado', '2023-12-12 15:06:05'),
	(1148, 177, 1, 'Informatica', 'Agrego 1 elementos de LIDOCAINA 2%, con precio de $0.25', '2023-12-12 15:28:42'),
	(1149, 177, 1, 'Informatica', 'Cambio 1 elementos de LIDOCAINA 2% a 1 elementos de Verolax Gotas', '2023-12-12 15:40:17'),
	(1150, 122, 1, 'Informatica', 'Edito de 1 elementos a 3 el medicamento Nitroglicerina 50mg/10ml', '2023-12-14 17:54:57'),
	(1151, 121, 1, 'Informatica', 'Edito de 1 elementos a 2 el medicamento Solucion Dextrosa 5% 1000ml', '2023-12-19 20:58:17'),
	(1152, 121, 1, 'Informatica', 'Edito de 1 elementos a 2 el medicamento Solucion Dextrosa 5% 1000ml', '2023-12-19 20:58:19'),
	(1153, 121, 1, 'Informatica', 'Edito de 2 elementos a 1 el medicamento Solucion Dextrosa 5% 1000ml', '2023-12-19 20:58:47'),
	(1154, 121, 1, 'Informatica', 'Edito de 2 elementos a 1 el medicamento Solucion Dextrosa 5% 1000ml', '2023-12-19 20:58:50'),
	(1155, 121, 1, 'Informatica', 'Elimino 1 elementos del medicamento Solucion Dextrosa 5% 1000ml, motivo: Error', '2023-12-19 20:59:51'),
	(1156, 121, 1, 'Informatica', 'Elimino 1 elementos del medicamento Solucion Dextrosa 5% 1000ml, motivo: Error', '2023-12-19 20:59:55'),
	(1157, 121, 1, 'Informatica', 'Edito de 1 elementos a 3 el medicamento LIDOCAINA 2%', '2023-12-19 21:01:25'),
	(1158, 121, 1, 'Informatica', 'Edito de 1 elementos a 2 el medicamento LIDOCAINA 2%', '2023-12-19 21:01:29'),
	(1159, 121, 1, 'Informatica', 'Edito de 1 elementos a 4 el medicamento LIDOCAINA 2%', '2023-12-19 21:01:32'),
	(1160, 121, 1, 'Informatica', 'Agrego 10 elementos de LIDOCAINA 2%, con precio de $0.25', '2023-12-19 21:02:51'),
	(1161, 177, 1, 'Informatica', 'Edito de 2 elementos a 9 el medicamento LIDOCAINA 2%', '2024-01-02 17:29:04'),
	(1162, 177, 1, 'Informatica', 'Edito de 9 elementos a 3 el medicamento LIDOCAINA 2%', '2024-01-02 17:29:11'),
	(1163, 177, 1, 'Informatica', 'Edito de 3 elementos a 1 el medicamento LIDOCAINA 2%', '2024-01-02 17:29:18'),
	(1164, 30, 1, 'Informatica', 'Agrego la factura #2269', '2024-02-06 17:52:26'),
	(1165, 177, 1, 'Informatica', 'El usuario ha cerrado la cuenta', '2024-02-14 14:50:32'),
	(1166, 177, 1, 'Informatica', 'El usuario abrio nuevamente la cuenta', '2024-02-14 14:50:35'),
	(1167, 176, 1, 'Informatica', 'El usuario visualizo el resumen de la cuenta', '2024-02-14 14:52:28'),
	(1168, 176, 1, 'Informatica', 'El usuario visualizo el resumen de la cuenta', '2024-02-14 15:17:08'),
	(1169, 153, 1, 'Informatica', 'El usuario visualizo el resumen de la cuenta', '2024-02-14 15:18:17'),
	(1170, 161, 1, 'Informatica', 'El usuario visualizo el resumen de la cuenta', '2024-02-14 15:18:42'),
	(1171, 146, 1, 'Informatica', 'Agrego la factura #2270', '2024-02-14 21:37:32'),
	(1172, 130, 1, 'Informatica', 'Genero el consentimiento informado', '2024-02-19 13:55:34'),
	(1173, 178, 1, 'Informatica', 'Creo la hoja de cobro', '2024-02-20 15:46:22'),
	(1174, 178, 1, 'Informatica', 'Genero la boleta informativa ', '2024-02-20 15:47:41'),
	(1175, 179, 1, 'Informatica', 'Creo la hoja de cobro', '2024-02-21 14:08:38'),
	(1176, 179, 1, 'Informatica', 'Genero la boleta informativa ', '2024-02-21 15:08:14'),
	(1177, 179, 1, 'Informatica', 'Genero la boleta informativa ', '2024-02-21 15:15:08'),
	(1178, 179, 1, 'Informatica', 'Genero la boleta informativa ', '2024-02-21 15:15:14'),
	(1179, 179, 1, 'Informatica', 'Genero la boleta informativa ', '2024-02-21 15:15:29'),
	(1180, 179, 1, 'Informatica', 'Genero la boleta informativa ', '2024-02-21 15:21:07'),
	(1181, 179, 1, 'Informatica', 'Genero la boleta informativa ', '2024-02-21 15:22:04'),
	(1182, 179, 1, 'Informatica', 'Genero la boleta informativa ', '2024-02-21 15:22:13'),
	(1183, 179, 1, 'Informatica', 'Genero la boleta informativa ', '2024-02-21 15:22:44'),
	(1184, 179, 1, 'Informatica', 'Genero la boleta informativa ', '2024-02-21 15:22:53'),
	(1185, 179, 1, 'Informatica', 'Genero la boleta informativa ', '2024-02-21 15:23:05'),
	(1186, 179, 1, 'Informatica', 'Genero la boleta informativa ', '2024-02-21 15:24:20'),
	(1187, 179, 1, 'Informatica', 'Genero la boleta informativa ', '2024-02-21 15:25:31'),
	(1188, 179, 1, 'Informatica', 'Genero la boleta informativa ', '2024-02-21 15:25:45'),
	(1189, 179, 1, 'Informatica', 'Genero la boleta informativa ', '2024-02-21 15:25:51'),
	(1190, 179, 1, 'Informatica', 'Genero la boleta informativa ', '2024-02-21 15:26:05'),
	(1191, 179, 1, 'Informatica', 'Genero la boleta informativa ', '2024-02-21 15:26:22'),
	(1192, 179, 1, 'Informatica', 'Genero la boleta informativa ', '2024-02-21 15:26:25'),
	(1193, 179, 1, 'Informatica', 'Genero la boleta informativa ', '2024-02-21 15:26:29'),
	(1194, 179, 1, 'Informatica', 'Genero la boleta informativa ', '2024-02-21 15:26:33'),
	(1195, 179, 1, 'Informatica', 'Genero la boleta informativa ', '2024-02-21 15:26:37'),
	(1196, 179, 1, 'Informatica', 'Genero la boleta informativa ', '2024-02-21 15:27:09'),
	(1197, 179, 1, 'Informatica', 'Genero la boleta informativa ', '2024-02-21 15:27:15'),
	(1198, 179, 1, 'Informatica', 'Genero la boleta informativa ', '2024-02-21 15:27:19'),
	(1199, 179, 1, 'Informatica', 'Genero la boleta informativa ', '2024-02-21 15:27:28'),
	(1200, 179, 1, 'Informatica', 'Genero la boleta informativa ', '2024-02-21 15:27:36'),
	(1201, 179, 1, 'Informatica', 'Genero la boleta informativa ', '2024-02-21 15:27:40'),
	(1202, 179, 1, 'Informatica', 'Genero la boleta informativa ', '2024-02-21 15:27:44'),
	(1203, 179, 1, 'Informatica', 'Genero la boleta informativa ', '2024-02-21 15:29:17'),
	(1204, 179, 1, 'Informatica', 'Genero la boleta informativa ', '2024-02-21 15:29:33'),
	(1205, 179, 1, 'Informatica', 'Genero la boleta informativa ', '2024-02-21 15:31:16'),
	(1206, 179, 1, 'Informatica', 'Genero la boleta informativa ', '2024-02-21 15:31:48'),
	(1207, 179, 1, 'Informatica', 'Genero la boleta informativa ', '2024-02-21 15:31:57'),
	(1208, 179, 1, 'Informatica', 'Genero la boleta informativa ', '2024-02-21 15:32:17'),
	(1209, 179, 1, 'Informatica', 'Genero la boleta informativa ', '2024-02-21 15:34:14'),
	(1210, 179, 1, 'Informatica', 'Genero la boleta informativa ', '2024-02-21 15:34:23'),
	(1211, 179, 1, 'Informatica', 'Genero la boleta informativa ', '2024-02-21 15:34:32'),
	(1212, 179, 1, 'Informatica', 'Genero la boleta informativa ', '2024-02-21 15:34:43'),
	(1213, 179, 1, 'Informatica', 'Genero la boleta informativa ', '2024-02-21 15:37:20'),
	(1214, 179, 1, 'Informatica', 'Genero la boleta informativa ', '2024-02-21 15:53:41'),
	(1215, 179, 1, 'Informatica', 'Genero la boleta informativa ', '2024-02-21 15:53:59'),
	(1216, 179, 1, 'Informatica', 'Genero la boleta informativa ', '2024-02-21 15:54:20'),
	(1217, 179, 1, 'Informatica', 'Genero la boleta informativa ', '2024-02-21 15:54:27'),
	(1218, 179, 1, 'Informatica', 'Genero la boleta informativa ', '2024-02-21 15:55:05'),
	(1219, 179, 1, 'Informatica', 'Genero la boleta informativa ', '2024-02-21 15:55:14'),
	(1220, 179, 1, 'Informatica', 'Genero la boleta informativa ', '2024-02-21 15:57:09'),
	(1221, 179, 1, 'Informatica', 'Genero la boleta informativa ', '2024-02-21 15:57:18'),
	(1222, 179, 1, 'Informatica', 'Genero la boleta informativa ', '2024-02-21 15:59:52'),
	(1223, 179, 1, 'Informatica', 'Genero la boleta informativa ', '2024-02-21 16:00:18'),
	(1224, 179, 1, 'Informatica', 'Genero la boleta informativa ', '2024-02-21 16:07:51'),
	(1225, 179, 1, 'Informatica', 'Genero la boleta informativa ', '2024-02-21 16:08:11'),
	(1226, 179, 1, 'Informatica', 'Genero la boleta informativa ', '2024-02-21 16:08:42'),
	(1227, 179, 1, 'Informatica', 'Genero la boleta informativa ', '2024-02-21 16:09:55'),
	(1228, 1, 1, 'Informatica', 'Genero la boleta informativa ', '2024-02-21 16:11:07'),
	(1229, 1, 1, 'Informatica', 'Genero la boleta informativa ', '2024-02-21 16:11:52'),
	(1230, 179, 1, 'Informatica', 'Genero la boleta informativa ', '2024-02-21 16:12:58'),
	(1231, 1, 1, 'Informatica', 'Genero la boleta informativa ', '2024-02-21 16:12:59'),
	(1232, 1, 1, 'Informatica', 'Genero la boleta informativa ', '2024-02-21 16:13:00'),
	(1233, 1, 1, 'Informatica', 'Genero la boleta informativa ', '2024-02-21 16:13:01'),
	(1234, 1, 1, 'Informatica', 'Genero la boleta informativa ', '2024-02-21 16:13:32'),
	(1235, 1, 1, 'Informatica', 'Genero la boleta informativa ', '2024-02-21 16:13:38'),
	(1236, 1, 1, 'Informatica', 'Genero la boleta informativa ', '2024-02-21 16:16:26'),
	(1237, 1, 1, 'Informatica', 'Genero la boleta informativa ', '2024-02-21 16:16:51'),
	(1238, 1, 1, 'Informatica', 'Genero la boleta informativa ', '2024-02-21 16:20:57'),
	(1239, 179, 1, 'Informatica', 'Genero la boleta informativa ', '2024-02-21 16:23:23'),
	(1240, 179, 1, 'Informatica', 'Genero la boleta informativa ', '2024-02-21 16:24:00'),
	(1241, 179, 1, 'Informatica', 'Genero la boleta informativa ', '2024-02-21 16:24:09'),
	(1242, 179, 1, 'Informatica', 'Genero la boleta informativa ', '2024-02-21 16:24:39'),
	(1243, 179, 1, 'Informatica', 'Genero la boleta informativa ', '2024-02-21 16:25:00'),
	(1244, 179, 1, 'Informatica', 'Genero la boleta informativa ', '2024-02-21 16:27:45'),
	(1245, 179, 1, 'Informatica', 'Genero la boleta informativa ', '2024-02-21 16:28:17'),
	(1246, 179, 1, 'Informatica', 'Genero la boleta informativa ', '2024-02-21 16:28:28'),
	(1247, 179, 1, 'Informatica', 'Genero la boleta informativa ', '2024-02-21 16:30:45'),
	(1248, 179, 1, 'Informatica', 'Genero la boleta informativa ', '2024-02-21 16:30:55'),
	(1249, 179, 1, 'Informatica', 'Genero la boleta informativa ', '2024-02-21 16:31:12'),
	(1250, 179, 1, 'Informatica', 'Genero la boleta informativa ', '2024-02-21 16:31:27'),
	(1251, 179, 1, 'Informatica', 'Genero la boleta informativa ', '2024-02-21 16:31:41'),
	(1252, 179, 1, 'Informatica', 'Genero la boleta informativa ', '2024-02-21 16:31:48'),
	(1253, 179, 1, 'Informatica', 'Genero la boleta informativa ', '2024-02-21 16:31:53'),
	(1254, 179, 1, 'Informatica', 'Genero la boleta informativa ', '2024-02-21 16:31:57'),
	(1255, 179, 1, 'Informatica', 'Genero la boleta informativa ', '2024-02-21 16:32:04'),
	(1256, 179, 1, 'Informatica', 'Genero la boleta informativa ', '2024-02-21 16:32:18'),
	(1257, 179, 1, 'Informatica', 'Genero la boleta informativa ', '2024-02-21 16:32:22'),
	(1258, 179, 1, 'Informatica', 'Genero la boleta informativa ', '2024-02-21 16:32:47'),
	(1259, 179, 1, 'Informatica', 'Genero la boleta informativa ', '2024-02-21 16:33:04'),
	(1260, 179, 1, 'Informatica', 'Genero la boleta informativa ', '2024-02-21 16:33:10'),
	(1261, 179, 1, 'Informatica', 'Genero la boleta informativa ', '2024-02-21 16:36:58'),
	(1262, 179, 1, 'Informatica', 'Genero la boleta informativa ', '2024-02-21 16:41:20'),
	(1263, 179, 1, 'Informatica', 'Genero la boleta informativa ', '2024-02-21 16:44:36'),
	(1264, 179, 1, 'Informatica', 'Genero la boleta informativa ', '2024-02-21 16:45:05'),
	(1265, 179, 1, 'Informatica', 'Genero la boleta informativa ', '2024-02-21 16:45:22'),
	(1266, 179, 1, 'Informatica', 'Genero la boleta informativa ', '2024-02-21 16:51:52'),
	(1267, 179, 1, 'Informatica', 'Genero la boleta informativa ', '2024-02-21 16:52:13'),
	(1268, 179, 1, 'Informatica', 'Genero la boleta informativa ', '2024-02-21 16:53:20'),
	(1269, 179, 1, 'Informatica', 'Genero la boleta informativa ', '2024-02-21 16:54:01'),
	(1270, 179, 1, 'Informatica', 'Genero la boleta informativa ', '2024-02-21 16:54:37'),
	(1271, 179, 1, 'Informatica', 'Genero la boleta informativa ', '2024-02-21 16:54:51'),
	(1272, 179, 1, 'Informatica', 'Genero la boleta informativa ', '2024-02-21 16:55:09'),
	(1273, 179, 1, 'Informatica', 'Genero la boleta informativa ', '2024-02-21 16:55:32'),
	(1274, 179, 1, 'Informatica', 'Genero la boleta informativa ', '2024-02-21 16:56:07'),
	(1275, 179, 1, 'Informatica', 'Genero la boleta informativa ', '2024-02-21 16:56:29'),
	(1276, 179, 1, 'Informatica', 'Genero la boleta informativa ', '2024-02-21 16:56:43'),
	(1277, 179, 1, 'Informatica', 'Genero la boleta informativa ', '2024-02-21 16:56:48'),
	(1278, 179, 1, 'Informatica', 'Genero la boleta informativa ', '2024-02-21 16:58:54'),
	(1279, 179, 1, 'Informatica', 'Genero la boleta informativa ', '2024-02-21 16:59:20'),
	(1280, 179, 1, 'Informatica', 'Genero la boleta informativa ', '2024-02-21 17:00:41'),
	(1281, 179, 1, 'Informatica', 'Genero la boleta informativa ', '2024-02-21 17:36:37'),
	(1282, 179, 1, 'Informatica', 'Genero la boleta informativa ', '2024-02-21 17:36:57'),
	(1283, 179, 1, 'Informatica', 'Genero la boleta informativa ', '2024-02-21 17:37:04'),
	(1284, 179, 1, 'Informatica', 'Genero la boleta informativa ', '2024-02-21 17:37:07'),
	(1285, 179, 1, 'Informatica', 'Genero la boleta informativa ', '2024-02-21 17:37:22'),
	(1286, 179, 1, 'Informatica', 'Genero la boleta informativa ', '2024-02-21 17:37:33'),
	(1287, 179, 1, 'Informatica', 'Genero la boleta informativa ', '2024-02-21 17:40:42'),
	(1288, 179, 1, 'Informatica', 'Genero la boleta informativa ', '2024-02-21 17:40:57'),
	(1289, 179, 1, 'Informatica', 'Genero la boleta informativa ', '2024-02-21 17:41:42'),
	(1290, 179, 1, 'Informatica', 'Genero la boleta informativa ', '2024-02-21 17:42:17'),
	(1291, 179, 1, 'Informatica', 'Genero la boleta informativa ', '2024-02-21 17:43:06'),
	(1292, 179, 1, 'Informatica', 'Genero la boleta informativa ', '2024-02-21 17:43:16'),
	(1293, 179, 1, 'Informatica', 'Genero la boleta informativa ', '2024-02-21 17:43:35'),
	(1294, 179, 1, 'Informatica', 'Genero la boleta informativa ', '2024-02-21 17:43:41'),
	(1295, 1, 1, 'Informatica', 'Genero la boleta informativa ', '2024-02-21 17:54:16'),
	(1296, 179, 1, 'Informatica', 'Genero la boleta informativa ', '2024-02-21 18:09:58'),
	(1297, 179, 1, 'Informatica', 'Genero la boleta informativa ', '2024-02-21 18:10:05'),
	(1298, 179, 1, 'Informatica', 'Genero la boleta informativa ', '2024-02-21 18:10:12'),
	(1299, 1, 1, 'Informatica', 'Genero la boleta informativa ', '2024-02-21 18:12:54'),
	(1300, 1, 1, 'Informatica', 'Genero la boleta informativa ', '2024-02-21 18:15:18'),
	(1301, 1, 1, 'Informatica', 'Genero la boleta informativa ', '2024-02-21 18:15:30'),
	(1302, 1, 1, 'Informatica', 'Genero la boleta informativa ', '2024-02-21 18:15:48'),
	(1303, 1, 1, 'Informatica', 'Genero la boleta informativa ', '2024-02-21 18:17:00'),
	(1304, 1, 1, 'Informatica', 'Genero la boleta informativa ', '2024-02-21 18:17:24'),
	(1305, 179, 1, 'Informatica', 'Genero la boleta informativa ', '2024-02-21 18:17:55'),
	(1306, 179, 1, 'Informatica', 'Genero la boleta informativa ', '2024-02-21 18:18:23'),
	(1307, 179, 1, 'Informatica', 'Genero la boleta informativa ', '2024-02-21 18:19:14'),
	(1308, 179, 1, 'Informatica', 'Genero la boleta informativa ', '2024-02-21 18:19:25'),
	(1309, 179, 1, 'Informatica', 'Genero la boleta informativa ', '2024-02-21 18:19:45'),
	(1310, 179, 1, 'Informatica', 'Genero la boleta informativa ', '2024-02-21 18:19:54'),
	(1311, 179, 1, 'Informatica', 'Genero la boleta informativa ', '2024-02-21 18:20:04'),
	(1312, 179, 1, 'Informatica', 'Genero la boleta informativa ', '2024-02-21 18:20:25'),
	(1313, 179, 1, 'Informatica', 'Genero la boleta informativa ', '2024-02-21 18:20:35'),
	(1314, 179, 1, 'Informatica', 'Genero la boleta informativa ', '2024-02-21 18:20:45'),
	(1315, 179, 1, 'Informatica', 'Genero la boleta informativa ', '2024-02-21 19:45:02'),
	(1316, 179, 1, 'Informatica', 'Genero la boleta informativa ', '2024-02-21 19:45:16'),
	(1317, 179, 1, 'Informatica', 'Genero la boleta informativa ', '2024-02-21 19:46:46'),
	(1318, 179, 1, 'Informatica', 'Genero la boleta informativa ', '2024-02-21 22:06:53'),
	(1319, 179, 1, 'Informatica', 'Genero la boleta informativa ', '2024-02-21 22:08:35'),
	(1320, 179, 1, 'Informatica', 'Genero la boleta informativa ', '2024-02-21 22:08:59'),
	(1321, 179, 1, 'Informatica', 'Genero la boleta informativa ', '2024-02-21 22:09:55'),
	(1322, 179, 1, 'Informatica', 'Genero la boleta informativa ', '2024-02-21 22:10:13'),
	(1323, 179, 1, 'Informatica', 'Genero la boleta informativa ', '2024-02-21 22:10:54'),
	(1324, 179, 1, 'Informatica', 'Genero la boleta informativa ', '2024-02-21 22:11:16'),
	(1325, 179, 1, 'Informatica', 'Genero la boleta informativa ', '2024-02-21 22:11:28'),
	(1326, 179, 1, 'Informatica', 'Genero la boleta informativa ', '2024-02-21 22:11:34'),
	(1327, 179, 1, 'Informatica', 'Genero la boleta informativa ', '2024-02-21 22:11:39'),
	(1328, 179, 1, 'Informatica', 'Genero la boleta informativa ', '2024-02-21 22:12:14'),
	(1329, 179, 1, 'Informatica', 'Genero la boleta informativa ', '2024-02-21 22:12:34'),
	(1330, 179, 1, 'Informatica', 'Genero la boleta informativa ', '2024-02-21 22:13:52'),
	(1331, 179, 1, 'Informatica', 'Genero la boleta informativa ', '2024-02-21 22:14:05'),
	(1332, 179, 1, 'Informatica', 'Genero la boleta informativa ', '2024-02-21 22:14:09'),
	(1333, 179, 1, 'Informatica', 'Genero la boleta informativa ', '2024-02-21 22:14:13'),
	(1334, 179, 1, 'Informatica', 'Genero la boleta informativa ', '2024-02-21 22:14:34'),
	(1335, 179, 1, 'Informatica', 'Genero la boleta informativa ', '2024-02-21 22:14:38'),
	(1336, 179, 1, 'Informatica', 'Genero la boleta informativa ', '2024-02-21 22:14:43'),
	(1337, 179, 1, 'Informatica', 'Genero la boleta informativa ', '2024-02-21 22:15:41'),
	(1338, 179, 1, 'Informatica', 'Genero la boleta informativa ', '2024-02-21 22:16:25'),
	(1339, 179, 1, 'Informatica', 'Genero la boleta informativa ', '2024-02-21 22:16:46'),
	(1340, 179, 1, 'Informatica', 'Genero la boleta informativa ', '2024-02-21 22:16:51'),
	(1341, 179, 1, 'Informatica', 'Genero la boleta informativa ', '2024-02-21 22:16:57'),
	(1342, 179, 1, 'Informatica', 'Genero la boleta informativa ', '2024-02-21 22:17:03'),
	(1343, 179, 1, 'Informatica', 'Genero la boleta informativa ', '2024-02-21 22:17:09'),
	(1344, 179, 1, 'Informatica', 'Genero la boleta informativa ', '2024-02-21 22:17:12'),
	(1345, 179, 1, 'Informatica', 'Genero la boleta informativa ', '2024-02-21 22:17:24'),
	(1346, 179, 1, 'Informatica', 'Genero la boleta informativa ', '2024-02-21 22:17:30'),
	(1347, 179, 1, 'Informatica', 'Genero la boleta informativa ', '2024-02-21 22:17:37'),
	(1348, 179, 1, 'Informatica', 'Genero la boleta informativa ', '2024-02-21 22:17:41'),
	(1349, 179, 1, 'Informatica', 'Genero la boleta informativa ', '2024-02-21 22:18:01'),
	(1350, 179, 1, 'Informatica', 'Genero la boleta informativa ', '2024-02-21 22:18:16'),
	(1351, 179, 1, 'Informatica', 'Genero la boleta informativa ', '2024-02-21 22:18:37'),
	(1352, 179, 1, 'Informatica', 'Genero la boleta informativa ', '2024-02-21 22:18:59'),
	(1353, 179, 1, 'Informatica', 'Genero la boleta informativa ', '2024-02-21 22:19:15'),
	(1354, 179, 1, 'Informatica', 'Genero la boleta informativa ', '2024-02-21 22:19:23'),
	(1355, 179, 1, 'Informatica', 'Genero la boleta informativa ', '2024-02-21 22:19:45'),
	(1356, 179, 1, 'Informatica', 'Genero la boleta informativa ', '2024-02-21 22:20:22'),
	(1357, 179, 1, 'Informatica', 'Genero la boleta informativa ', '2024-02-21 22:20:32'),
	(1358, 179, 1, 'Informatica', 'Genero la boleta informativa ', '2024-02-21 22:20:37'),
	(1359, 179, 1, 'Informatica', 'Genero la boleta informativa ', '2024-02-21 22:21:45'),
	(1360, 179, 1, 'Informatica', 'Genero la boleta informativa ', '2024-02-21 22:21:50'),
	(1361, 179, 1, 'Informatica', 'Genero la boleta informativa ', '2024-02-21 22:22:08'),
	(1362, 179, 1, 'Informatica', 'Genero la boleta informativa ', '2024-02-21 22:22:16'),
	(1363, 179, 1, 'Informatica', 'Genero la boleta informativa ', '2024-02-22 14:40:50'),
	(1364, 179, 1, 'Informatica', 'Genero la boleta informativa ', '2024-02-22 14:44:22'),
	(1365, 179, 1, 'Informatica', 'Genero la boleta informativa ', '2024-02-22 14:45:39'),
	(1366, 179, 1, 'Informatica', 'Genero la boleta informativa ', '2024-02-22 14:46:28'),
	(1367, 179, 1, 'Informatica', 'Genero la boleta informativa ', '2024-02-22 14:46:47'),
	(1368, 179, 1, 'Informatica', 'Genero la boleta informativa ', '2024-02-22 14:46:59'),
	(1369, 179, 1, 'Informatica', 'Genero la boleta informativa ', '2024-02-22 14:47:15'),
	(1370, 179, 1, 'Informatica', 'Genero la boleta informativa ', '2024-02-22 14:56:55'),
	(1371, 179, 1, 'Informatica', 'Genero la boleta informativa ', '2024-02-22 14:58:15'),
	(1372, 179, 1, 'Informatica', 'Genero la boleta informativa ', '2024-02-22 14:58:47'),
	(1373, 179, 1, 'Informatica', 'Genero la boleta informativa ', '2024-02-22 14:58:57'),
	(1374, 180, 1, 'Informatica', 'Creo la hoja de cobro', '2024-02-22 15:08:00'),
	(1375, 180, 1, 'Informatica', 'Genero la boleta informativa ', '2024-02-24 16:45:27'),
	(1376, 180, 1, 'Informatica', 'Genero la boleta informativa ', '2024-02-24 16:45:29'),
	(1377, 181, 1, 'Informatica', 'Creo la hoja de cobro', '2024-02-26 14:10:22'),
	(1378, 181, 1, 'Informatica', 'Genero la boleta informativa ', '2024-02-26 14:12:01'),
	(1379, 181, 1, 'Informatica', 'Cambio la modalidad de la hoja a \'Por pagos\'', '2024-02-26 15:24:42'),
	(1380, 182, 11, 'LABORATORIO', 'Creo la hoja de cobro', '2024-02-26 17:56:48'),
	(1381, 183, 1, 'Informatica', 'Creo la hoja de cobro', '2024-02-28 14:08:58'),
	(1382, 183, 1, 'Informatica', 'Genero la boleta informativa ', '2024-02-28 14:37:05'),
	(1383, 183, 1, 'Informatica', 'Genero la boleta informativa ', '2024-02-28 14:37:24'),
	(1384, 183, 1, 'Informatica', 'Genero la boleta informativa ', '2024-02-28 21:51:51'),
	(1385, 183, 1, 'Informatica', 'Cambio la modalidad de la hoja a \'Por pagos\'', '2024-02-29 21:01:29'),
	(1386, 184, 1, 'Informatica', 'Creo la hoja de cobro', '2024-02-29 21:36:48'),
	(1387, 185, 1, 'Informatica', 'Creo la hoja de cobro', '2024-02-29 21:38:05'),
	(1388, 185, 1, 'Informatica', 'Agrego 1 elementos de Verolax Gotas, con precio de $5.24', '2024-02-29 21:38:28'),
	(1389, 185, 1, 'Informatica', 'Agrego 5 elementos de Acetaminofen Medikem 120mg/5ml Jarabe 120 ml, con precio de $7.5', '2024-02-29 21:38:38'),
	(1390, 185, 1, 'Informatica', 'Edito de 1 elementos a 10 el medicamento Verolax Gotas', '2024-02-29 21:38:50'),
	(1391, 185, 1, 'Informatica', 'Edito de 5 elementos a 1 el medicamento Acetaminofen Medikem 120mg/5ml Jarabe 120 ml', '2024-02-29 21:39:03'),
	(1392, 185, 1, 'Informatica', 'Elimino 1 elementos del medicamento Acetaminofen Medikem 120mg/5ml Jarabe 120 ml, motivo: Error', '2024-02-29 21:39:14'),
	(1393, 185, 1, 'Informatica', 'Elimino 10 elementos del medicamento Verolax Gotas, motivo: Error', '2024-02-29 21:39:21'),
	(1394, 185, 1, 'Informatica', 'Genero la boleta informativa ', '2024-02-29 21:40:35'),
	(1395, 185, 1, 'Informatica', 'El usuario visualizo el resumen de la cuenta', '2024-02-29 21:40:46'),
	(1396, 185, 1, 'Informatica', 'Agrego 1 elementos de LAB. HOSPITAL ORELLANA, con precio de $50', '2024-02-29 21:40:57'),
	(1397, 185, 1, 'Informatica', 'Agrego al externo Dra. Anabell De Vidaurre(Honorarios) con un valor de $50', '2024-02-29 21:41:11'),
	(1398, 185, 1, 'Informatica', 'El usuario visualizo el resumen de la cuenta', '2024-02-29 21:41:15'),
	(1399, 185, 1, 'Informatica', 'El usuario visualizo el resumen de la cuenta', '2024-02-29 21:41:49'),
	(1400, 185, 1, 'Informatica', 'El usuario visualizo el resumen de la cuenta', '2024-02-29 21:42:37'),
	(1401, 185, 11, 'LABORATORIO', 'El usuario ha cerrado la cuenta', '2024-02-29 21:46:09'),
	(1402, 185, 1, 'Informatica', 'Cambio la modalidad de la hoja a \'Por pagos\'', '2024-02-29 21:50:14'),
	(1403, 185, 1, 'Informatica', 'El usuario visualizo el resumen de la cuenta', '2024-03-01 14:50:35'),
	(1404, 185, 1, 'Informatica', 'El usuario visualizo el resumen de la cuenta', '2024-03-01 14:50:49'),
	(1405, 185, 1, 'Informatica', 'El usuario visualizo el resumen de la cuenta', '2024-03-01 14:51:10'),
	(1406, 185, 1, 'Informatica', 'El usuario visualizo el resumen de la cuenta', '2024-03-01 14:53:28'),
	(1407, 185, 1, 'Informatica', 'El usuario visualizo el resumen de la cuenta', '2024-03-01 14:53:36'),
	(1408, 186, 1, 'Informatica', 'Creo la hoja de cobro', '2024-03-07 20:44:06'),
	(1409, 187, 1, 'Informatica', 'Creo la hoja de cobro', '2024-03-07 20:46:27'),
	(1410, 188, 1, 'Informatica', 'Creo la hoja de cobro', '2024-03-19 14:41:25'),
	(1411, 188, 1, 'Informatica', 'Agrego 1 elementos de RX-CLAVICULA, con precio de $20', '2024-03-19 15:25:55'),
	(1412, 188, 1, 'Informatica', 'Elimino 1 elementos del medicamento RX-CLAVICULA, motivo: ERROR', '2024-03-19 15:27:52'),
	(1413, 188, 1, 'Informatica', 'Agrego 1 elementos de RX-TORAX, con precio de $15', '2024-03-19 15:27:58'),
	(1414, 188, 1, 'Informatica', 'Elimino 1 elementos del medicamento RX-TORAX, motivo: error', '2024-03-19 15:29:57'),
	(1415, 188, 1, 'Informatica', 'Agrego 1 elementos de RX-TORAX, con precio de $15', '2024-03-19 15:30:05'),
	(1416, 188, 1, 'Informatica', 'Elimino 1 elementos del medicamento RX-TORAX, motivo: error', '2024-03-19 15:34:02'),
	(1417, 188, 1, 'Informatica', 'Agrego 1 elementos de RX-TORAX, con precio de $15', '2024-03-19 15:34:07'),
	(1418, 188, 1, 'Informatica', 'Agrego 1 elementos de RX-PELVIS, con precio de $24', '2024-03-19 15:34:18'),
	(1419, 188, 1, 'Informatica', 'Agrego 1 elementos de RX-CRANEO, con precio de $32', '2024-03-19 15:35:22'),
	(1420, 189, 1, 'Informatica', 'Creo la hoja de cobro', '2024-04-01 14:54:08'),
	(1421, 189, 1, 'Informatica', 'Agrego 1 elementos de RX-CLAVICULA, con precio de $20', '2024-04-01 14:54:22'),
	(1422, 189, 1, 'Informatica', 'El usuario ha cerrado la cuenta', '2024-04-01 14:54:25'),
	(1423, 189, 1, 'Informatica', 'El usuario visualizo el resumen de la cuenta', '2024-04-03 15:39:59'),
	(1424, 189, 1, 'Informatica', 'El usuario visualizo el resumen de la cuenta', '2024-04-03 17:32:13'),
	(1425, 189, 1, 'Informatica', 'El usuario visualizo el resumen de la cuenta', '2024-04-04 22:17:51'),
	(1426, 190, 1, 'Informatica', 'Creo la hoja de cobro', '2024-04-05 20:45:40'),
	(1427, 190, 1, 'Informatica', 'Agrego 1 elementos de RX-CLAVICULA, con precio de $20', '2024-04-05 20:46:17');

-- Volcando estructura para tabla db_hospital_orellana.tbl_movimientos_stocks
CREATE TABLE IF NOT EXISTS `tbl_movimientos_stocks` (
  `idMovimiento` int(11) NOT NULL AUTO_INCREMENT,
  `idStock` int(11) NOT NULL,
  `idHoja` int(11) NOT NULL,
  `idInsumo` int(11) NOT NULL,
  `precioInsumo` decimal(9,3) NOT NULL,
  `cantidadInsumo` int(11) NOT NULL,
  `por` int(11) NOT NULL DEFAULT 0,
  `eliminado` int(11) NOT NULL DEFAULT 0,
  `motivoEliminado` text NOT NULL,
  `reintegro` int(11) NOT NULL DEFAULT 0,
  `fechaAgregado` timestamp NOT NULL DEFAULT current_timestamp(),
  PRIMARY KEY (`idMovimiento`),
  KEY `idMovimiento` (`idHoja`),
  KEY `idInsumo` (`idInsumo`),
  CONSTRAINT `tbl_movimientos_stocks_ibfk_3` FOREIGN KEY (`idHoja`) REFERENCES `tbl_hoja_cobro` (`idHoja`) ON DELETE NO ACTION ON UPDATE NO ACTION
) ENGINE=InnoDB AUTO_INCREMENT=28 DEFAULT CHARSET=utf8 COLLATE=utf8_spanish_ci;

-- Volcando datos para la tabla db_hospital_orellana.tbl_movimientos_stocks: ~23 rows (aproximadamente)
INSERT INTO `tbl_movimientos_stocks` (`idMovimiento`, `idStock`, `idHoja`, `idInsumo`, `precioInsumo`, `cantidadInsumo`, `por`, `eliminado`, `motivoEliminado`, `reintegro`, `fechaAgregado`) VALUES
	(5, 1, 169, 360, 0.250, 1, 1, 0, '', 0, '2023-12-11 17:40:47'),
	(6, 1, 169, 88, 6.000, 1, 1, 0, '', 0, '2023-12-11 17:44:25'),
	(7, 1, 169, 360, 0.250, 1, 1, 0, '', 0, '2023-12-11 17:56:33'),
	(8, 1, 169, 191, 14.390, 1, 1, 0, '', 0, '2023-12-11 20:07:50'),
	(9, 1, 169, 173, 35.950, 1, 1, 0, '', 0, '2023-12-11 20:07:51'),
	(10, 1, 169, 88, 6.000, 1, 1, 0, '', 0, '2023-12-11 20:39:06'),
	(11, 1, 169, 191, 14.390, 1, 1, 0, '', 0, '2023-12-11 20:55:40'),
	(12, 2, 177, 88, 6.000, 1, 1, 0, '', 0, '2023-12-12 14:48:55'),
	(13, 1, 177, 88, 6.000, 1, 1, 0, '', 0, '2023-12-12 14:49:47'),
	(14, 3, 177, 360, 0.250, 2, 1, 0, '', 0, '2023-12-12 15:13:04'),
	(15, 1, 177, 360, 0.250, 1, 1, 0, '', 0, '2023-12-12 15:28:19'),
	(16, 2, 177, 360, 0.250, 1, 1, 0, '', 0, '2023-12-12 15:28:24'),
	(17, 1, 122, 88, 7.200, 1, 1, 0, '', 0, '2023-12-14 17:53:59'),
	(18, 1, 122, 191, 17.270, 1, 1, 0, '', 0, '2023-12-14 17:54:00'),
	(19, 1, 122, 88, 7.200, 1, 1, 0, '', 0, '2023-12-14 17:54:38'),
	(20, 1, 122, 360, 0.300, 1, 1, 0, '', 0, '2023-12-14 18:06:55'),
	(21, 2, 121, 88, 6.000, 1, 1, 0, '', 0, '2023-12-19 20:31:47'),
	(22, 3, 121, 88, 6.000, 1, 1, 0, '', 0, '2023-12-19 20:57:41'),
	(23, 1, 121, 360, 0.250, 1, 1, 0, '', 0, '2023-12-19 21:00:36'),
	(24, 2, 121, 360, 0.250, 1, 1, 0, '', 0, '2023-12-19 21:00:43'),
	(25, 3, 121, 360, 0.250, 1, 1, 0, '', 0, '2023-12-19 21:00:47'),
	(26, 4, 177, 360, 0.250, 2, 1, 0, '', 0, '2024-01-02 17:28:50'),
	(27, 5, 177, 191, 14.390, 3, 1, 0, '', 0, '2024-01-02 17:32:35');

-- Volcando estructura para tabla db_hospital_orellana.tbl_municipios_sv
CREATE TABLE IF NOT EXISTS `tbl_municipios_sv` (
  `idMunicipio` int(11) NOT NULL AUTO_INCREMENT,
  `nombreMunicipio` varchar(100) NOT NULL,
  `idDepartamento` int(11) NOT NULL,
  PRIMARY KEY (`idMunicipio`),
  KEY `idDepartamento` (`idDepartamento`),
  CONSTRAINT `tbl_municipios_sv_ibfk_1` FOREIGN KEY (`idDepartamento`) REFERENCES `tbl_departamentos_sv` (`idDepartamento`) ON DELETE NO ACTION ON UPDATE NO ACTION
) ENGINE=InnoDB AUTO_INCREMENT=263 DEFAULT CHARSET=utf8 COLLATE=utf8_spanish_ci;

-- Volcando datos para la tabla db_hospital_orellana.tbl_municipios_sv: ~262 rows (aproximadamente)
INSERT INTO `tbl_municipios_sv` (`idMunicipio`, `nombreMunicipio`, `idDepartamento`) VALUES
	(1, 'Ahuachapán', 1),
	(2, 'Jujutla', 1),
	(3, 'Atiquizaya', 1),
	(4, 'Concepción de Ataco', 1),
	(5, 'El Refugio', 1),
	(6, 'Guaymango', 1),
	(7, 'Apaneca', 1),
	(8, 'San Francisco Menéndez', 1),
	(9, 'San Lorenzo', 1),
	(10, 'San Pedro Puxtla', 1),
	(11, 'Tacuba', 1),
	(12, 'Turín', 1),
	(13, 'Candelaria de la Frontera', 2),
	(14, 'Chalchuapa', 2),
	(15, 'Coatepeque', 2),
	(16, 'El Congo', 2),
	(17, 'El Porvenir', 2),
	(18, 'Masahuat', 2),
	(19, 'Metapán', 2),
	(20, 'San Antonio Pajonal', 2),
	(21, 'San Sebastián Salitrillo', 2),
	(22, 'Santa Ana', 2),
	(23, 'Santa Rosa Guachipilín', 2),
	(24, 'Santiago de la Frontera', 2),
	(25, 'Texistepeque', 2),
	(26, 'Acajutla', 3),
	(27, 'Armenia', 3),
	(28, 'Caluco', 3),
	(29, 'Cuisnahuat', 3),
	(30, 'Izalco', 3),
	(31, 'Juayúa', 3),
	(32, 'Nahuizalco', 3),
	(33, 'Nahulingo', 3),
	(34, 'Salcoatitán', 3),
	(35, 'San Antonio del Monte', 3),
	(36, 'San Julián', 3),
	(37, 'Santa Catarina Masahuat', 3),
	(38, 'Santa Isabel Ishuatán', 3),
	(39, 'Santo Domingo de Guzmán', 3),
	(40, 'Sonsonate', 3),
	(41, 'Sonzacate', 3),
	(42, 'Alegría', 11),
	(43, 'Berlín', 11),
	(44, 'California', 11),
	(45, 'Concepción Batres', 11),
	(46, 'El Triunfo', 11),
	(47, 'Ereguayquín', 11),
	(48, 'Estanzuelas', 11),
	(49, 'Jiquilisco', 11),
	(50, 'Jucuapa', 11),
	(51, 'Jucuarán', 11),
	(52, 'Mercedes Umaña', 11),
	(53, 'Nueva Granada', 11),
	(54, 'Ozatlán', 11),
	(55, 'Puerto El Triunfo', 11),
	(56, 'San Agustín', 11),
	(57, 'San Buenaventura', 11),
	(58, 'San Dionisio', 11),
	(59, 'San Francisco Javier', 11),
	(60, 'Santa Elena', 11),
	(61, 'Santa María', 11),
	(62, 'Santiago de María', 11),
	(63, 'Tecapán', 11),
	(64, 'Usulután', 11),
	(65, 'Carolina', 13),
	(66, 'Chapeltique', 13),
	(67, 'Chinameca', 13),
	(68, 'Chirilagua', 13),
	(69, 'Ciudad Barrios', 13),
	(70, 'Comacarán', 13),
	(71, 'El Tránsito', 13),
	(72, 'Lolotique', 13),
	(73, 'Moncagua', 13),
	(74, 'Nueva Guadalupe', 13),
	(75, 'Nuevo Edén de San Juan', 13),
	(76, 'Quelepa', 13),
	(77, 'San Antonio del Mosco', 13),
	(78, 'San Gerardo', 13),
	(79, 'San Jorge', 13),
	(80, 'San Luis de la Reina', 13),
	(81, 'San Miguel', 13),
	(82, 'San Rafael Oriente', 13),
	(83, 'Sesori', 13),
	(84, 'Uluazapa', 13),
	(85, 'Arambala', 12),
	(86, 'Cacaopera', 12),
	(87, 'Chilanga', 12),
	(88, 'Corinto', 12),
	(89, 'Delicias de Concepción', 12),
	(90, 'El Divisadero', 12),
	(91, 'El Rosario (Morazán)', 12),
	(92, 'Gualococti', 12),
	(93, 'Guatajiagua', 12),
	(94, 'Joateca', 12),
	(95, 'Jocoaitique', 12),
	(96, 'Jocoro', 12),
	(97, 'Lolotiquillo', 12),
	(98, 'Meanguera', 12),
	(99, 'Osicala', 12),
	(100, 'Perquín', 12),
	(101, 'San Carlos', 12),
	(102, 'San Fernando (Morazán)', 12),
	(103, 'San Francisco Gotera', 12),
	(104, 'San Isidro (Morazán)', 12),
	(105, 'San Simón', 12),
	(106, 'Sensembra', 12),
	(107, 'Sociedad', 12),
	(108, 'Torola', 12),
	(109, 'Yamabal', 12),
	(110, 'Yoloaiquín', 12),
	(111, 'La Unión', 14),
	(112, 'San Alejo', 14),
	(113, 'Yucuaiquín', 14),
	(114, 'Conchagua', 14),
	(115, 'Intipucá', 14),
	(116, 'San José', 14),
	(117, 'El Carmen (La Unión)', 14),
	(118, 'Yayantique', 14),
	(119, 'Bolívar', 14),
	(120, 'Meanguera del Golfo', 14),
	(121, 'Santa Rosa de Lima', 14),
	(122, 'Pasaquina', 14),
	(123, 'Anamoros', 14),
	(124, 'Nueva Esparta', 14),
	(125, 'El Sauce', 14),
	(126, 'Concepción de Oriente', 14),
	(127, 'Polorós', 14),
	(128, 'Lislique', 14),
	(129, 'Antiguo Cuscatlán', 4),
	(130, 'Chiltiupán', 4),
	(131, 'Ciudad Arce', 4),
	(132, 'Colón', 4),
	(133, 'Comasagua', 4),
	(134, 'Huizúcar', 4),
	(135, 'Jayaque', 4),
	(136, 'Jicalapa', 4),
	(137, 'La Libertad', 4),
	(138, 'Santa Tecla', 4),
	(139, 'Nuevo Cuscatlán', 4),
	(140, 'San Juan Opico', 4),
	(141, 'Quezaltepeque', 4),
	(142, 'Sacacoyo', 4),
	(143, 'San José Villanueva', 4),
	(144, 'San Matías', 4),
	(145, 'San Pablo Tacachico', 4),
	(146, 'Talnique', 4),
	(147, 'Tamanique', 4),
	(148, 'Teotepeque', 4),
	(149, 'Tepecoyo', 4),
	(150, 'Zaragoza', 4),
	(151, 'Agua Caliente', 5),
	(152, 'Arcatao', 5),
	(153, 'Azacualpa', 5),
	(154, 'Cancasque', 5),
	(155, 'Chalatenango', 5),
	(156, 'Citalá', 5),
	(157, 'Comapala', 5),
	(158, 'Concepción Quezaltepeque', 5),
	(159, 'Dulce Nombre de María', 5),
	(160, 'El Carrizal', 5),
	(161, 'El Paraíso', 5),
	(162, 'La Laguna', 5),
	(163, 'La Palma', 5),
	(164, 'La Reina', 5),
	(165, 'Las Vueltas', 5),
	(166, 'Nueva Concepción', 5),
	(167, 'Nueva Trinidad', 5),
	(168, 'Nombre de Jesús', 5),
	(169, 'Ojos de Agua', 5),
	(170, 'Potonico', 5),
	(171, 'San Antonio de la Cruz', 5),
	(172, 'San Antonio Los Ranchos', 5),
	(173, 'San Fernando (Chalatenango)', 5),
	(174, 'San Francisco Lempa', 5),
	(175, 'San Francisco Morazán', 5),
	(176, 'San Ignacio', 5),
	(177, 'San Isidro Labrador', 5),
	(178, 'Las Flores', 5),
	(179, 'San Luis del Carmen', 5),
	(180, 'San Miguel de Mercedes', 5),
	(181, 'San Rafael', 5),
	(182, 'Santa Rita', 5),
	(183, 'Tejutla', 5),
	(184, 'Cojutepeque', 7),
	(185, 'Candelaria', 7),
	(186, 'El Carmen (Cuscatlán)', 7),
	(187, 'El Rosario (Cuscatlán)', 7),
	(188, 'Monte San Juan', 7),
	(189, 'Oratorio de Concepción', 7),
	(190, 'San Bartolomé Perulapía', 7),
	(191, 'San Cristóbal', 7),
	(192, 'San José Guayabal', 7),
	(193, 'San Pedro Perulapán', 7),
	(194, 'San Rafael Cedros', 7),
	(195, 'San Ramón', 7),
	(196, 'Santa Cruz Analquito', 7),
	(197, 'Santa Cruz Michapa', 7),
	(198, 'Suchitoto', 7),
	(199, 'Tenancingo', 7),
	(200, 'Aguilares', 6),
	(201, 'Apopa', 6),
	(202, 'Ayutuxtepeque', 6),
	(203, 'Cuscatancingo', 6),
	(204, 'Ciudad Delgado', 6),
	(205, 'El Paisnal', 6),
	(206, 'Guazapa', 6),
	(207, 'Ilopango', 6),
	(208, 'Mejicanos', 6),
	(209, 'Nejapa', 6),
	(210, 'Panchimalco', 6),
	(211, 'Rosario de Mora', 6),
	(212, 'San Marcos', 6),
	(213, 'San Martín', 6),
	(214, 'San Salvador', 6),
	(215, 'Santiago Texacuangos', 6),
	(216, 'Santo Tomás', 6),
	(217, 'Soyapango', 6),
	(218, 'Tonacatepeque', 6),
	(219, 'Zacatecoluca', 8),
	(220, 'Cuyultitán', 8),
	(221, 'El Rosario (La Paz)', 8),
	(222, 'Jerusalén', 8),
	(223, 'Mercedes La Ceiba', 8),
	(224, 'Olocuilta', 8),
	(225, 'Paraíso de Osorio', 8),
	(226, 'San Antonio Masahuat', 8),
	(227, 'San Emigdio', 8),
	(228, 'San Francisco Chinameca', 8),
	(229, 'San Pedro Masahuat', 8),
	(230, 'San Juan Nonualco', 8),
	(231, 'San Juan Talpa', 8),
	(232, 'San Juan Tepezontes', 8),
	(233, 'San Luis La Herradura', 8),
	(234, 'San Luis Talpa', 8),
	(235, 'San Miguel Tepezontes', 8),
	(236, 'San Pedro Nonualco', 8),
	(237, 'San Rafael Obrajuelo', 8),
	(238, 'Santa María Ostuma', 8),
	(239, 'Santiago Nonualco', 8),
	(240, 'Tapalhuaca', 8),
	(241, 'Cinquera', 9),
	(242, 'Dolores', 9),
	(243, 'Guacotecti', 9),
	(244, 'Ilobasco', 9),
	(245, 'Jutiapa', 9),
	(246, 'San Isidro (Cabañas)', 9),
	(247, 'Sensuntepeque', 9),
	(248, 'Tejutepeque', 9),
	(249, 'Victoria', 9),
	(250, 'Apastepeque', 10),
	(251, 'Guadalupe', 10),
	(252, 'San Cayetano Istepeque', 10),
	(253, 'San Esteban Catarina', 10),
	(254, 'San Ildefonso', 10),
	(255, 'San Lorenzo', 10),
	(256, 'San Sebastián', 10),
	(257, 'San Vicente', 10),
	(258, 'Santa Clara', 10),
	(259, 'Santo Domingo', 10),
	(260, 'Tecoluca', 10),
	(261, 'Tepetitán', 10),
	(262, 'Verapaz', 10);

-- Volcando estructura para tabla db_hospital_orellana.tbl_orina
CREATE TABLE IF NOT EXISTS `tbl_orina` (
  `idOrina` int(11) NOT NULL AUTO_INCREMENT,
  `examenSolicitado` int(11) NOT NULL,
  `colorOrina` text NOT NULL,
  `urobilinogenoOrina` varchar(25) NOT NULL,
  `aspectoOrina` varchar(25) NOT NULL,
  `cuerposCetonicosOrina` varchar(25) NOT NULL,
  `densidadOrina` varchar(25) NOT NULL,
  `cilindrosOrina` varchar(25) NOT NULL,
  `phOrina` varchar(25) NOT NULL,
  `hematiesOrina` varchar(25) NOT NULL,
  `proteinasOrina` varchar(25) NOT NULL,
  `leucocitosOrina` varchar(25) NOT NULL,
  `glucosaOrina` varchar(25) NOT NULL,
  `celulasEpitelialesOrina` varchar(25) NOT NULL,
  `sangreOcultaOrina` varchar(25) NOT NULL,
  `cristalesOrina` varchar(25) NOT NULL,
  `bilirrubinaOrina` varchar(25) NOT NULL,
  `parasitologicoOrina` varchar(25) NOT NULL,
  `nitritoOrina` varchar(25) NOT NULL,
  `bacteriasOrina` varchar(25) NOT NULL,
  `grumosOrina` varchar(25) NOT NULL,
  `filamentoOrina` varchar(25) NOT NULL,
  `observacionesOrina` text NOT NULL,
  `fechaOrina` timestamp NOT NULL DEFAULT current_timestamp(),
  PRIMARY KEY (`idOrina`)
) ENGINE=InnoDB AUTO_INCREMENT=19 DEFAULT CHARSET=utf8 COLLATE=utf8_spanish_ci;

-- Volcando datos para la tabla db_hospital_orellana.tbl_orina: ~7 rows (aproximadamente)
INSERT INTO `tbl_orina` (`idOrina`, `examenSolicitado`, `colorOrina`, `urobilinogenoOrina`, `aspectoOrina`, `cuerposCetonicosOrina`, `densidadOrina`, `cilindrosOrina`, `phOrina`, `hematiesOrina`, `proteinasOrina`, `leucocitosOrina`, `glucosaOrina`, `celulasEpitelialesOrina`, `sangreOcultaOrina`, `cristalesOrina`, `bilirrubinaOrina`, `parasitologicoOrina`, `nitritoOrina`, `bacteriasOrina`, `grumosOrina`, `filamentoOrina`, `observacionesOrina`, `fechaOrina`) VALUES
	(2, 711, '', 'a', 'b', 'c', 'd', 'e', 'f', 'g', 'h', 'i', 'j', 'k', 'l', 'm', 'n', 'o', 'p', 'q', '', '', 'namaste wea conchatumae', '2021-08-24 16:27:41'),
	(3, 682, 'red', 'Negativo', 'espeso', 'Negativo', '5', 'No se observan', '2', '6', 'Negativo', '7', 'Negativo', '3', 'Negativo', 'No se observan', 'Negativo', 'Negativo', 'Negativo', '4', '', '', 'This is a test', '2021-10-13 17:46:36'),
	(4, 682, 'AMARILLO', 'Negativo', 'TURBIO', 'Negativo', '1020', 'No se observan', '7', '90 - 95 X CAMPO', 'Negativo', 'MAS DE 100 X CAMPO', 'Negativo', 'ABUNDANTES', 'POSITIVO + + +', 'No se observan', 'Negativo', 'Negativo', 'Negativo', 'ABUNDANTES', '', '', 'GRUMOS LEUCOCITARIOS 2 - 4 X CAMPO', '2021-10-14 17:25:32'),
	(5, 682, 'test', 'Negativo', 'test', 'Negativo', 'test', 'No se observan', 'test', '1', 'Negativo', '1', 'Negativo', '1', 'Negativo', 'No se observan', 'Negativo', 'Negativo', 'Negativo', '1', '', '', 'This is a test', '2021-10-15 16:34:08'),
	(6, 682, 'AMARILLO', 'NEGATIVO', 'VISCOSO', 'NEGATIVO', 'FUERTE', 'NO SE OBSERVAN', '2', '', 'NEGATIVO', '5-6', 'NEGATIVO', '', 'NEGATIVO', 'NO SE OBSERVAN', 'NEGATIVO', 'NEGATIVO', 'NEGATIVO', '', '', '', '', '2021-10-21 20:19:52'),
	(7, 682, '', 'NEGATIVO', '', 'NEGATIVO', '', 'NO SE OBSERVAN', '', '0-2', 'NEGATIVO', '', 'NEGATIVO', '', 'NEGATIVO', 'NO SE OBSERVAN', 'NEGATIVO', 'NO SE OBSERVAN', 'NEGATIVO', '', '', '', '', '2022-03-16 16:24:48'),
	(17, 682, '', 'NEGATIVO', '', 'NEGATIVO', '', 'NO SE OBSERVAN', '', '', 'NEGATIVO', '', 'NEGATIVO', '', 'NEGATIVO', 'NO SE OBSERVAN', 'NEGATIVO', 'NO SE OBSERVAN', 'NEGATIVO', '', 'gru edit', 'fi edit', '', '2022-09-21 14:59:06');

-- Volcando estructura para tabla db_hospital_orellana.tbl_pacientes
CREATE TABLE IF NOT EXISTS `tbl_pacientes` (
  `idPaciente` int(11) NOT NULL AUTO_INCREMENT,
  `nombrePaciente` varchar(50) NOT NULL,
  `edadPaciente` int(11) NOT NULL,
  `telefonoPaciente` varchar(10) NOT NULL,
  `duiPaciente` varchar(15) NOT NULL,
  `nacimientoPaciente` varchar(15) NOT NULL,
  `civilPaciente` varchar(15) NOT NULL,
  `direccionPaciente` text NOT NULL,
  `tipeoPaciente` varchar(25) NOT NULL,
  `vinoDe` int(11) NOT NULL,
  `profesionPaciente` varchar(50) NOT NULL DEFAULT '',
  `sexoPaciente` varchar(20) NOT NULL,
  PRIMARY KEY (`idPaciente`)
) ENGINE=InnoDB AUTO_INCREMENT=133 DEFAULT CHARSET=utf8 COLLATE=utf8_spanish_ci;

-- Volcando datos para la tabla db_hospital_orellana.tbl_pacientes: ~129 rows (aproximadamente)
INSERT INTO `tbl_pacientes` (`idPaciente`, `nombrePaciente`, `edadPaciente`, `telefonoPaciente`, `duiPaciente`, `nacimientoPaciente`, `civilPaciente`, `direccionPaciente`, `tipeoPaciente`, `vinoDe`, `profesionPaciente`, `sexoPaciente`) VALUES
	(1, 'Francisco Adalberto Chevez', 57, '2365-9874', '99999999-9', '1966-06-05', '', 'Santa Maria, Usulután', '', 0, 'Albañil', 'Masculino'),
	(2, 'Carlos Aldair Aparicio', 0, '0000-0000', '11111111-1', '2025-01-01', 'Soltero/a', 'Usulután', '', 0, '-', 'Masculino'),
	(3, 'Flor de Maria Rivera', 24, '0000-0000', '47589622-3', '2000-01-01', 'Soltero/a', 'Usulután', '', 0, 'Ama de casa', 'Femenino'),
	(4, 'Pedro Pablo Castillo', 66, '0000-0000', '00000000-0', '0000-00-00', '', 'Usulután', '', 0, '', ''),
	(5, 'Claudia Patricia Garcia', 32, '7923-4541', '04481254-6', '1991-09-07', 'Casado/a', 'Colonia Soriano, Casa 22, Usulutan', '', 0, 'Cajera', 'Femenino'),
	(6, 'WENDY DEL CARMEN SERPAS', 27, '0000-0000', '00000000-0', '0000-00-00', '', 'Usulután', '', 0, '', ''),
	(7, 'Alba Rosa Ramirez', 30, '7869-5432', '77777777-7', '1991-06-19', '', 'Colonia Las Colinas', '', 0, '', ''),
	(8, 'Efrain do Santos Canizales', 10, '0000-0000', '85596664-4', '0000-00-00', '', 'Usulután', '', 0, '', ''),
	(9, 'Maria Antonia Carranza', 16, '0000-0000', '00000000-0', '0000-00-00', '', 'Usulután', '', 0, '', ''),
	(10, 'Juan Adalberto Gomez', 69, '0000-0000', '00000000-0', '0000-00-00', '', 'Usulután', '', 0, '', ''),
	(11, 'Carlos Ernesto Martinez', 35, '0000-0000', '00000000-0', '0000-00-00', '', 'Usulután', '', 0, '', ''),
	(12, 'Fatima Aracely Amaya', 25, '0000-0000', '88888888-8', '0000-00-00', '', 'Usulután', '', 0, '', ''),
	(13, 'Matilde Campos', 47, '0000-0000', '00000000-0', '0000-00-00', '', 'Usulután', '', 0, '', ''),
	(14, 'Efrain Esau Cabrera', 14, '0000-0000', '00000000-0', '0000-00-00', '', 'Usulután', '', 0, '', ''),
	(15, 'Alexander Komarov', 49, '4598-7632', '33333333-3', '1975-01-25', 'Casado/a', 'Ciudad El Triunfo, Usulutan', '', 0, '-', 'Masculino'),
	(16, 'JOSUE EMMANUEL GOMEZ', 8, '7854-2136', '55984444-4', '2012-09-21', '', 'USULUTAN', '', 0, '', ''),
	(17, 'Martha Alicia Caceres Elizondo', 25, '0000-0000', '00000000-0', '0000-00-00', '', 'Usulután', '', 0, '', ''),
	(18, 'Jacquelinne Trejo', 35, '2598-7462', '45879623-5', '1985-04-02', '', 'Usulután', '', 0, '', ''),
	(19, 'Francisco Alexander Carballo', 36, '0000-0000', '00000000-0', '0000-00-00', '', 'Usulután', '', 0, '', ''),
	(20, 'Carina Patricia Alvarado', 36, '2256-9888', '33396666-6', '1985-06-29', '', 'Santa Maria, Usulután', '', 0, '', ''),
	(21, 'REYNALDO GALDAMEZ', 47, '0000-0000', '00000000-0', '0000-00-00', '', 'Usulután', '', 0, '', ''),
	(22, 'Carina Alejandra Gomez Lazo', 25, '0000-0000', '00000000-0', '0000-00-00', '', 'Usulutan', '', 0, '', ''),
	(23, 'Viva la vida', 25, '0000-0000', '00000000-0', '0000-00-00', '', 'Usulután', '', 0, '', ''),
	(24, 'Charles Chaplin', 50, '0000-0000', '00000000-0', '0000-00-00', '', 'Usulutan', '', 0, '', ''),
	(25, 'Juan Camaney Perez Quintanilla', 25, '0000-0000', '88888596-2', '2012-09-21', '', 'Usulután', '', 0, '', ''),
	(26, 'Safri Duo', 25, '0000-0000', '88888888-9', '0000-00-00', '', 'Usulután', '', 0, '', ''),
	(27, 'Martha Sanchez', 25, '0000-0000', '00000000-0', '0000-00-00', '', 'Usulután', '', 0, '', ''),
	(28, 'Juan Carlos Aguirre', 25, '0000-0000', '00000000-0', '0000-00-00', '', 'Usulután', '', 0, '', ''),
	(31, 'Edwin Orantes', 32, '7854-2136', '04574571-8', '1992-01-03', 'Casado/a', 'Usulután', '', 0, 'Programador', 'Masculino'),
	(32, 'Victor Valdez', 35, '0000-0000', '00000000-0', '0000-00-00', '', 'Usulután', '', 0, '', ''),
	(33, 'Claudio Bravo', 31, '0000-0000', '00000000-0', '0000-00-00', '', 'Usulután', '', 0, '', ''),
	(34, 'Federico Escava', 20, '0000-0000', '00000000-0', '0000-00-00', '', 'Usulután', '', 0, '', ''),
	(35, 'Leonel Ronaldo', 35, '0000-0000', '00000000-0', '0000-00-00', '', 'Usulután', '', 0, '', ''),
	(36, 'Pedro del Valle', 12, '0000-0000', '00000000-0', '0000-00-00', '', 'Usulután', '', 0, '', ''),
	(37, 'Juan Matias Coreas', 25, '0000-0000', '00000000-0', '0000-00-00', '', 'Usulután', '', 0, '', ''),
	(38, 'Test', 12, '0000-0000', '00000000-0', '0000-00-00', '', 'Usulután', '', 0, '', ''),
	(39, 'Mario Calles', 25, '0000-0000', '00000000-0', '0000-00-00', '', 'Usulután', '', 0, '', ''),
	(40, 'Chico Flores', 45, '0000-0000', '00000000-0', '0000-00-00', '', 'Usulután', '', 0, '', ''),
	(41, 'Luis Angel Firpo', 50, '0000-0000', '00000000-0', '0000-00-00', '', 'Usulután', '', 0, '', ''),
	(42, 'Chapo de Sinaloa', 100, '0000-0000', '00000000-0', '0000-00-00', '', 'Usulután', '', 0, '', ''),
	(43, 'Francesco Totti', 45, '0000-0000', '00000000-0', '0000-00-00', '', 'Usulután', '', 0, '', ''),
	(44, 'Xavi Hernandez', 45, '0000-0000', '00000000-0', '0000-00-00', '', 'Usulután', '', 0, '', ''),
	(45, 'MARIA JUANA SANCHEZ DE CARRANZA', 76, '0000-0000', '00000000-0', '0000-00-00', '', 'Usulután', '', 0, '', ''),
	(46, 'DOMINGO ANTONIO CARRANZA', 44, '0000-0000', '00000000-0', '0000-00-00', '', 'Usulután', '', 0, '', ''),
	(47, 'Kriscia Segovia', 24, '0000-0000', '78542316-8', '0000-00-00', '', 'Usulután', '', 0, '', ''),
	(48, 'Oscar Segovia', 20, '0000-0000', '00000000-0', '0000-00-00', '', 'Usulután', '', 0, '', ''),
	(49, 'Iveth de Garcia', 23, '0000-0000', '00000000-0', '0000-00-00', '', 'Usulután', '', 0, '', ''),
	(50, 'Andrea Pirlo', 45, '0000-0000', '04256798-3', '0000-00-00', '', 'Usulután', '', 0, '', ''),
	(51, 'KRISCIA IVETH SEGOVIA FLORES', 20, '0000-0000', '00000000-0', '0000-00-00', '', 'Usulután', '', 0, '', ''),
	(52, 'ERNESTO FLORES', 28, '0000-0000', '00000000-0', '0000-00-00', '', 'Usulutan', '', 0, '', ''),
	(53, 'KAREN AZUCENA ZELAYA', 20, '0000-0000', '00000000-0', '0000-00-00', '', 'Usulután', '', 0, '', ''),
	(54, 'RAMON TORRES', 65, '0000-0000', '00000000-0', '0000-00-00', '', 'Usulután', '', 0, '', ''),
	(55, 'GERMAN ALFREDO LÓPEZ', 31, '0000-0000', '55984444-4', '0000-00-00', '', 'Usulután', '', 0, '', ''),
	(56, 'ERICK ABDEL RENDEROS GONZALEZ', 2, '0000-0000', '00000000-0', '0000-00-00', '', 'Usulután', '', 0, '', ''),
	(57, 'PRUDENCIO SUNIGA', 102, '0000-0000', '00000000-0', '0000-00-00', '', 'Usulután', '', 0, '', ''),
	(58, 'Fatima Campos', 21, '0000-0000', '00000000-0', '', '', 'Usulután', '', 0, 'Profesora', ''),
	(59, 'Fabricio Cornejo', 54, '7589-6231', '95685263-9', '1967-02-10', '', 'Usulutan', '', 0, '', ''),
	(60, 'Mark Sucaritas', 46, '0000-0000', '00000000-0', '0000-00-00', '', 'Usulután', '', 0, '', ''),
	(61, 'Marcus Santoro', 25, '0000-0000', '00000000-0', '0000-00-00', '', 'Usulután', '', 0, '', ''),
	(62, 'Yolanda Be Cool', 45, '0000-0000', '00000000-0', '0000-00-00', '', 'Usulután', '', 0, '', ''),
	(63, 'Carla Acevedo', 60, '0000-0000', '00000000-0', '0000-00-00', '', 'Usulután', '', 0, '', ''),
	(64, 'Marica Caballero', 25, '0000-0000', '00000000-0', '0000-00-00', '', 'Usulután', '', 0, '', ''),
	(65, 'Efrain Burgos', 35, '0000-0000', '00000000-0', '0000-00-00', '', 'Usulután', '', 0, '', ''),
	(66, 'OSCAR SEGOVIA FLORES', 24, '0000-0000', '00000000-0', '1997-09-07', '', 'JOYA ANCHA ARRIBA ', '', 0, '', ''),
	(67, 'Veronica Ramirez', 37, '7654-3219', '76578906-4', '2022-02-01', '', 'Usulután', '', 0, '', ''),
	(68, 'Mirna Vasquez', 18, '0000-0000', '00000000-0', '0000-00-00', '', 'Usulutan', '', 0, '', ''),
	(69, 'Alba Beltran', 32, '0000-0000', '00000000-0', '1990-09-04', '', 'Usulután', '', 0, '', ''),
	(70, 'veronica vasquez', 32, '0000-0000', '00000000-0', '0000-00-00', '', 'Usulután', '', 0, '', ''),
	(71, 'VICTOR AMAYA', 24, '0000-0000', '00000000-0', '0000-00-00', '', 'Usulután', '', 0, '', ''),
	(72, 'HERNAN BLANCO', 54, '0000-0000', '00000000-0', '0000-00-00', '', 'Usulután', '', 0, '', ''),
	(73, 'ERMELINDA CARRANZA', 43, '0000-0000', '00000000-0', '0000-00-00', '', 'Usulután', '', 0, '', ''),
	(74, 'ODAIR QUINTANA', 24, '0000-0000', '00000000-0', '0000-00-00', '', 'Usulután', '', 0, '', ''),
	(75, 'CARMELA DIAZ', 32, '7142-5639', '12526369-5', '', '', 'Usulután', '', 0, '', ''),
	(76, 'CARMEN GAYTAN', 23, '7825-3695', '04125698-7', '1998-05-04', '', 'Santa Maria, Usulután', '', 0, '', ''),
	(77, 'Juan Bartes', 54, '7845-6985', '54698712-5', '1968-02-12', '', 'El Sauce', '', 0, '', ''),
	(78, 'Josefina Flores', 51, '7213-5469', '04521369-5', '1970-05-14', '', 'Colonia Las Piletas, Ozatlan, Usulutan', 'O+', 1, '', ''),
	(79, 'Roberto Carlos Nazario', 49, '7985-6324', '05632128-9', '1980-02-05', '', 'Usulutan', 'O+', 1, '', ''),
	(80, 'Juan Perez', 51, '7126-5984', '04123659-8', '1950-10-05', '', 'Santa Cruz el Pozo', 'O-', 1, '', ''),
	(81, 'Pibe Valderrama', 56, '0000-0000', '00000000-0', '0000-00-00', '', 'Usulután', '', 0, '', ''),
	(82, 'Nelson Rivera', 23, '0000-0000', '00000000-0', '0000-00-00', '', 'Usulután', '', 0, '', ''),
	(83, 'Nelson Salaveria', 12, '0000-0000', '00000000-0', '0000-00-00', '', 'Usulután', '', 0, '', ''),
	(84, 'Fabricio Esau Contreras', 25, '0000-0000', '00000000-0', '0000-00-00', '', 'Usulután', '', 0, '', ''),
	(85, 'Paolo Maldini', 45, '0000-0000', '00000000-0', '0000-00-00', '', 'Usulután', '', 0, '', ''),
	(86, 'Pogba Antonio Perez', 16, '0000-0000', '00000000-0', '', '', 'Usulután', '', 0, '', ''),
	(87, 'Edward Maya', 35, '0000-0000', '00000000-0', '0000-00-00', '', 'Usulután', '', 0, '', ''),
	(88, 'Antonio Ronaldo', 45, '0000-0000', '00000000-0', '0000-00-00', '', 'Usulután', '', 0, '', ''),
	(89, 'Adrea Pirlo Messi', 35, '0000-0000', '00000000-0', '0000-00-00', '', 'Usulután', '', 0, '', ''),
	(90, 'Peche andrade', 18, '0000-0000', '12453698-7', '', '', 'Usulután', '', 0, 'Abogado', ''),
	(91, 'Matilda Soriano', 32, '7896-5412', '88888881-2', '1991-06-07', '', 'Usulutan', '', 0, '', ''),
	(92, 'Josselyne Sorto dePerez', 29, '0000-0000', '00000000-0', '0000-00-00', '', 'Usulután', '', 0, '', ''),
	(93, 'Pipo Beltran', 85, '0000-0000', '77777545-6', '0000-00-00', '', 'Usulután', '', 0, '', ''),
	(94, 'Matilde Cabrera de Campos', 50, '0000-0000', '12345678-9', '0000-00-00', '', 'Usulután', '', 0, 'Turista', ''),
	(95, 'Juan Chepito', 25, '0000-0000', '00000000-0', '0000-00-00', '', 'Usulután', '', 0, '', ''),
	(96, 'Paco Flores', 17, '0000-0000', '12223456-7', '0000-00-00', '', 'Usulután', '', 0, '', ''),
	(97, 'Carmen Alicia Campos', 25, '0000-0000', '88888596-9', '0000-00-00', '', 'Usulután', '', 0, 'Doctora', ''),
	(98, 'Pedro Pablo Funes', 17, '0000-0000', '00000000-0', '', '', 'Usulután', '', 0, '', ''),
	(99, 'Mario Balloteli', 50, '2365-4128', '23654187-9', '1973-07-10', '', 'Su casa', '', 0, '', ''),
	(100, 'Mario Balloteli', 50, '2365-4128', '23654187-9', '1973-07-10', '', 'Su casa', '', 0, 'Futbolista', ''),
	(101, 'Francisco el mero Flores', 56, '0000-0000', '01222222-2', '0000-00-00', '', 'Usulután', '', 0, 'Astronauta', ''),
	(102, 'Roberto Maradona Lopez', 50, '0000-0000', '87412596-3', '0000-00-00', '', 'Usulután', '', 0, '', ''),
	(103, 'Patrick Valdano Flores', 10, '0000-0000', '00000000-0', '0000-00-00', '', 'Usulután', '', 0, '', ''),
	(104, 'Patricia Leonor Funes', 30, '7412-3698', '04213698-7', '2023-09-01', '', 'Usulután', '', 0, 'Terapeuta', ''),
	(105, 'Silvester Stallone', 25, '0000-0000', '00000000-0', '0000-00-00', '', 'Usulután', '', 0, '', ''),
	(106, 'Pepe Turcios', 22, '7458-1239', '78459621-3', '2001-02-01', '', 'Usulutan', 'RH-Positivo', 0, 'Albañil', 'Masculino'),
	(107, 'Leonel Carcamo Flores', 52, '0000-0000', '00000000-0', '0000-00-00', '', 'Usulután', '', 0, '', ''),
	(108, 'Scarlett Johanson', 38, '2365-4123', '03654812-3', '1985-05-01', '', 'Todo el mundo', 'RH-Positivo', 0, 'Actriz', 'Femenino'),
	(109, 'Saul Ernesto Flores', 48, '7458-9613', '01256478-9', '1974-10-05', '', 'Usulutan', 'RH-Positivo', 0, 'Arquitecto', 'Masculino'),
	(110, 'Paola Contreras Alvarado', 20, '7489-5621', '04598745-6', '2003-03-01', '', 'Santiago de Maria', 'RH-Positivo', 0, 'Estudiante', 'Femenino'),
	(111, 'Aldair Fuentes Campos', 35, '2365-9874', '08956231-4', '1988-10-03', '', 'El Transito', '', 0, '', ''),
	(112, 'Pancho Villa', 56, '2636-5478', '12365987-4', '1967-10-10', '', 'San Miguel', '', 0, '', ''),
	(113, 'Kriscia Alexandra Segovia', 30, '0000-0000', '85469587-9', '0000-00-00', '', 'Usulután', '', 0, '', ''),
	(114, 'Flor de Maria Campos', 15, '0000-0000', '12365478-7', '0000-00-00', '', 'Usulután', '', 0, '', ''),
	(115, 'Wendy Elizabeth Amaya', 48, '2365-9874', '45987653-2', '1975-10-12', '', 'Santiago de Maria', '', 0, '', ''),
	(116, 'Jacqui Perez', 45, '0000-0000', '12348794-5', '0000-00-00', '', 'Usulután', '', 0, '', ''),
	(117, 'Michael Jacson', 15, '0000-0000', '12348975-3', '0000-00-00', '', 'Usulután', '', 0, '', ''),
	(118, 'Francisco Antonio Campos', 60, '2364-5497', '04683213-2', '1963-10-19', '', 'Usulutan', '', 0, '', ''),
	(119, 'Marcos Alonso', 15, '2365-4478', '00000000-0', '2008-10-19', '', 'SantaMaria', '', 0, '', ''),
	(120, 'Juan valdes', 50, '0000-0000', '45687132-1', '0000-00-00', '', 'Usulután', '', 0, '', ''),
	(121, 'Felipe Beltran Contreras', 25, '0000-0000', '02468713-6', '0000-00-00', '', 'Usulután', '', 0, '', ''),
	(122, 'Juan Perez Maldonado', 45, '0000-0000', '00000000-0', '0000-00-00', '', 'Usulután', '', 0, '', ''),
	(123, 'MONICA MELISSA CAMPOS ROMERO', 27, '0000-0000', '05357414-7', '0000-00-00', '', 'Usulután', '', 0, '', ''),
	(124, 'ALMA YANETH GAMEZ HERNANDEZ', 46, '7150-6482', '00109740-8', '1977-01-18', '', 'CTON LA PRESA USULUTAN', '', 0, 'EMPLEAADO', ''),
	(125, 'Elena Abigail Cruz', 32, '7927-8472', '04527431-9', '1991-11-07', 'Casado/a', 'Puerto Parada, Usulutan', '', 0, 'Asistente administrativa', 'Femenino'),
	(126, 'Kriscia Maria Rosales', 34, '2365-9874', '09865321-2', '1990-02-22', 'Soltero/a', 'Santa Elena, Usulutan', '---', 0, 'Astronauta', 'Femenino'),
	(127, 'Patrick Alexander Camacho', 67, '7852-6394', '05321469-9', '1956-03-04', 'Viudo/a', 'San Marcos Lempa.', '-', 0, 'Arquitecto', 'Masculino'),
	(128, 'Josselyn Estefani Sorto', 27, '7123-6598', '05295023-5', '1996-03-04', 'Soltero/a', 'Usulutan', 'A Positivo', 0, 'Psicologa', 'Femenino'),
	(129, 'Jose Manuel Herrera Cruz', 28, '2365-9413', '05698451-3', '1995-06-13', 'Soltero/a', 'San Salvador', '-', 0, 'Pintor', 'Masculino'),
	(130, 'Juan Francisco Turcios', 28, '7458-9652', '00236548-9', '1996-02-28', 'Casado/a', 'Usulutan', '-', 0, 'Futbolista', 'Masculino'),
	(131, 'Marcos Antonio Cruz', 56, '0000-0000', '00000000-0', '0000-00-00', '', 'Usulután', '', 0, '', ''),
	(132, 'Sofia Daniela Campo', 15, '', '00000000-0', '2009-03-19', '', '', '', 0, '', '');

-- Volcando estructura para tabla db_hospital_orellana.tbl_paquetes
CREATE TABLE IF NOT EXISTS `tbl_paquetes` (
  `idPaquete` int(11) NOT NULL AUTO_INCREMENT,
  `codigoPaquete` int(11) NOT NULL,
  `pacientePaquete` text NOT NULL,
  `medicoPaquete` int(11) NOT NULL,
  `cantidadPaquete` decimal(9,2) NOT NULL,
  `conceptoPaquete` int(11) NOT NULL,
  `fechaPaquete` date NOT NULL,
  `estadoPaquete` int(11) NOT NULL,
  `flagDelete` int(11) NOT NULL,
  `cuenta_creada` varchar(25) NOT NULL DEFAULT '',
  `recibo_creado` text NOT NULL,
  `saldado` int(11) NOT NULL DEFAULT 0,
  `hoja` int(11) NOT NULL DEFAULT 0,
  `fechaCreacion` timestamp NOT NULL DEFAULT current_timestamp(),
  PRIMARY KEY (`idPaquete`)
) ENGINE=InnoDB AUTO_INCREMENT=40 DEFAULT CHARSET=utf8 COLLATE=utf8_spanish_ci;

-- Volcando datos para la tabla db_hospital_orellana.tbl_paquetes: ~34 rows (aproximadamente)
INSERT INTO `tbl_paquetes` (`idPaquete`, `codigoPaquete`, `pacientePaquete`, `medicoPaquete`, `cantidadPaquete`, `conceptoPaquete`, `fechaPaquete`, `estadoPaquete`, `flagDelete`, `cuenta_creada`, `recibo_creado`, `saldado`, `hoja`, `fechaCreacion`) VALUES
	(1, 1000, 'Ronaldo Leonel Cristiano Judio', 2, 1500.99, 1, '2021-12-06', 1, 0, '', '', 0, 0, '2021-12-06 22:16:26'),
	(2, 1001, 'Maria Juana del Carmen Barrera', 3, 2500.00, 2, '2021-12-14', 1, 0, '', '', 0, 0, '2021-12-14 21:56:12'),
	(3, 1002, 'Transito del Sur Coreas Lara', 4, 111.09, 1, '2021-12-16', 1, 0, '', '', 0, 0, '2021-12-16 13:56:25'),
	(4, 1003, 'Misael Angel Alfaro Lopez', 1, 15.66, 2, '2021-12-16', 1, 0, '', '', 0, 0, '2021-12-16 16:16:28'),
	(5, 1004, 'Flor Azucena Cardenal', 14, 5000.00, 2, '2021-12-16', 1, 0, '', '', 0, 0, '2021-12-16 20:50:01'),
	(6, 1005, 'KARLA ISOLINA DE ORANTES', 2, 1500.00, 2, '2021-12-17', 1, 0, '', '', 0, 0, '2021-12-17 19:56:52'),
	(7, 1006, 'KRISCIA LOPEZ', 7, 2000.00, 1, '2022-01-11', 1, 0, '', 'Informatica | 2023-01-10 11:30:12 am', 1, 0, '2022-01-11 16:54:37'),
	(8, 1006, 'KRISCIA LOPEZ', 7, 3000.00, 2, '2022-01-11', 1, 0, '', '', 0, 0, '2022-01-11 16:55:46'),
	(9, 1007, 'Maria Cardenas', 12, 5000.00, 2, '2022-03-31', 1, 0, '', '', 0, 0, '2022-03-31 20:31:07'),
	(10, 1008, 'Carlos Perez', 18, 1250.00, 2, '2022-03-31', 1, 0, '', '', 0, 0, '2022-03-31 20:33:56'),
	(13, 1009, 'Carla Acevedo', 15, 50.99, 1, '2023-01-10', 1, 0, 'Informatica', 'Informatica | 2023-01-10 02:42:03 pm', 1, 0, '2023-01-10 20:17:57'),
	(14, 1010, 'Carla Acevedo', 15, 25.45, 1, '2023-01-10', 1, 0, 'Informatica', 'Informatica | 2023-01-10 02:43:11 pm', 1, 0, '2023-01-10 20:42:57'),
	(15, 1011, 'Carla Acevedo', 15, 50.00, 1, '2023-01-10', 1, 0, 'Informatica', '', 0, 0, '2023-01-10 21:20:55'),
	(17, 1012, 'Efrain do Santos Canizales', 1, 50.00, 1, '2023-01-16', 1, 0, 'Informatica', 'Informatica | 2023-01-16 07:41:07 am', 1, 0, '2023-01-16 13:40:29'),
	(18, 1013, 'Pibe Valderrama', 10, 100.00, 1, '2023-01-16', 1, 0, 'Informatica', 'Informatica | 2023-01-16 08:25:01 am', 1, 0, '2023-01-16 14:24:46'),
	(19, 1014, 'MARIA JUANA SANCHEZ DE CARRANZA', 21, 15.00, 1, '2023-01-17', 1, 0, 'Informatica', '', 0, 0, '2023-01-17 13:45:23'),
	(20, 1015, 'Pibe Valderrama', 10, 6.29, 1, '2023-03-11', 1, 0, 'Informatica', 'Informatica | 2023-03-11 09:47:42 am', 1, 0, '2023-03-11 15:47:31'),
	(21, 1016, 'Antonio Ronaldo', 2, 5.00, 1, '2023-05-23', 1, 0, 'LABORATORIO', '', 0, 0, '2023-05-23 18:16:57'),
	(22, 1017, 'Patricia Leonor Funes', 2, 50.00, 1, '2023-09-01', 1, 0, 'Informatica', 'Informatica | 2023-09-04 03:31:35 pm', 1, 0, '2023-09-01 14:51:18'),
	(23, 1018, 'Carmen Alicia Campos', 1, 350.00, 1, '2023-09-05', 1, 0, 'Informatica', '', 0, 0, '2023-09-05 20:27:23'),
	(24, 1019, 'Claudia Patricia Garcia', 2, 150.00, 1, '2023-09-14', 1, 0, 'Informatica', '', 0, 0, '2023-09-14 14:42:55'),
	(25, 1020, 'Francisco Adalberto Chevez', 1, 500.00, 1, '2023-09-20', 1, 0, 'Informatica', '', 0, 0, '2023-09-20 14:05:36'),
	(26, 1021, 'JOSUE EMMANUEL GOMEZ', 3, 40.00, 1, '2023-09-20', 1, 0, 'Informatica', '', 0, 0, '2023-09-20 16:07:03'),
	(27, 1022, 'Alba Rosa Ramirez', 4, 150.00, 1, '2023-09-20', 1, 0, 'Informatica', 'Informatica | 2023-09-20 10:26:00 am', 1, 0, '2023-09-20 16:19:04'),
	(28, 1023, 'Alba Rosa Ramirez', 4, 25.00, 1, '2023-10-03', 1, 0, 'Informatica', '', 0, 0, '2023-10-03 14:27:28'),
	(29, 1024, 'Edwin Orantes', 12, 100.00, 2, '2023-10-03', 1, 0, 'Informatica', 'Informatica | 2023-10-03 08:36:56 am', 1, 0, '2023-10-03 14:28:20'),
	(32, 1025, 'Patricia Leonor Funes', 2, 3000.00, 1, '2023-10-12', 1, 0, 'Informatica', '', 0, 0, '2023-10-12 15:09:59'),
	(33, 1026, 'Pancho Villa', 2, 2000.00, 1, '2023-10-18', 1, 0, 'Informatica', '', 0, 0, '2023-10-18 17:32:35'),
	(34, 1027, 'Patricia Leonor Funes', 1, 150.00, 1, '2023-10-18', 1, 0, 'Informatica', '', 0, 0, '2023-10-18 17:33:31'),
	(35, 1028, 'Edwin Orantes', 12, 85.00, 1, '2023-10-18', 1, 0, 'Informatica', 'Informatica | 2023-10-31 08:19:19 am', 1, 0, '2023-10-18 17:34:42'),
	(36, 1029, 'Edwin Orantes', 2, 500.00, 1, '2023-10-30', 1, 0, 'Informatica', 'Informatica | 2023-10-30 03:13:56 pm', 1, 162, '2023-10-30 20:12:48'),
	(37, 1030, 'Carlos Aldair Aparicio', 1, 0.50, 1, '2023-10-30', 1, 0, 'Informatica', 'Informatica | 2023-10-30 02:52:15 pm', 1, 16, '2023-10-30 20:29:23'),
	(38, 1031, 'Martha Alicia Caceres Elizondo', 2, 50.00, 1, '2023-11-08', 1, 0, 'Informatica', '', 0, 21, '2023-11-08 17:20:40'),
	(39, 1032, 'ALMA YANETH GAMEZ HERNANDEZ', 3, 700.00, 1, '2023-12-04', 1, 0, 'Informatica', 'Informatica | 2023-12-04 11:52:14 am', 1, 176, '2023-12-04 17:44:22');

-- Volcando estructura para tabla db_hospital_orellana.tbl_permisos
CREATE TABLE IF NOT EXISTS `tbl_permisos` (
  `idPermiso` int(11) NOT NULL AUTO_INCREMENT,
  `idMenu` int(11) NOT NULL,
  `idAcceso` int(11) NOT NULL,
  `estadoPermiso` int(11) NOT NULL,
  `fechaPermiso` timestamp NOT NULL DEFAULT current_timestamp(),
  PRIMARY KEY (`idPermiso`)
) ENGINE=InnoDB AUTO_INCREMENT=61 DEFAULT CHARSET=utf8 COLLATE=utf8_spanish_ci;

-- Volcando datos para la tabla db_hospital_orellana.tbl_permisos: ~59 rows (aproximadamente)
INSERT INTO `tbl_permisos` (`idPermiso`, `idMenu`, `idAcceso`, `estadoPermiso`, `fechaPermiso`) VALUES
	(1, 1, 1, 1, '2021-04-29 20:41:05'),
	(2, 3, 1, 1, '2021-04-29 20:41:05'),
	(3, 2, 1, 1, '2021-04-29 22:13:09'),
	(4, 4, 1, 0, '2021-04-30 19:48:46'),
	(5, 5, 1, 1, '2021-04-30 19:48:46'),
	(6, 6, 1, 1, '2021-04-30 19:48:46'),
	(7, 7, 1, 1, '2021-04-30 19:48:46'),
	(8, 8, 1, 0, '2021-04-30 19:48:47'),
	(9, 9, 1, 1, '2021-04-30 19:48:47'),
	(10, 10, 1, 1, '2021-04-30 19:48:47'),
	(11, 3, 3, 1, '2021-05-03 18:17:51'),
	(12, 2, 3, 1, '2021-05-03 19:31:34'),
	(13, 1, 3, 1, '2021-05-03 19:41:32'),
	(14, 11, 1, 1, '2021-05-18 17:29:19'),
	(15, 1, 4, 1, '2021-06-15 16:40:40'),
	(16, 2, 4, 1, '2021-06-15 16:40:40'),
	(17, 3, 4, 1, '2021-06-15 16:40:40'),
	(18, 4, 4, 1, '2021-06-15 16:40:40'),
	(19, 5, 4, 1, '2021-06-15 16:40:40'),
	(20, 8, 4, 1, '2021-06-15 16:40:40'),
	(21, 4, 3, 1, '2021-06-15 16:43:17'),
	(22, 2, 2, 1, '2021-06-24 17:25:36'),
	(23, 4, 2, 1, '2021-06-24 17:25:36'),
	(24, 6, 2, 1, '2021-06-24 17:25:56'),
	(25, 6, 4, 1, '2021-06-24 17:39:55'),
	(26, 6, 3, 1, '2021-06-24 17:41:25'),
	(27, 2, 5, 1, '2021-06-29 14:00:56'),
	(28, 5, 5, 1, '2021-06-29 14:00:56'),
	(29, 9, 5, 1, '2021-06-29 14:00:56'),
	(30, 11, 5, 1, '2021-06-29 14:00:56'),
	(31, 1, 2, 1, '2021-06-29 14:15:02'),
	(32, 12, 1, 1, '2021-06-30 14:55:15'),
	(33, 1, 7, 1, '2021-07-30 14:10:09'),
	(34, 2, 7, 1, '2021-07-30 14:10:09'),
	(35, 13, 7, 1, '2021-07-30 15:02:49'),
	(36, 13, 1, 1, '2021-08-31 14:06:52'),
	(37, 14, 1, 1, '2021-10-26 16:00:22'),
	(38, 15, 1, 1, '2021-11-12 14:23:42'),
	(39, 4, 7, 1, '2022-01-11 17:09:28'),
	(40, 16, 1, 1, '2022-01-26 14:01:37'),
	(41, 17, 1, 1, '2022-02-14 16:47:48'),
	(42, 18, 1, 1, '2022-02-24 14:56:18'),
	(43, 19, 1, 1, '2022-04-18 14:52:56'),
	(44, 20, 7, 1, '2022-05-20 16:06:57'),
	(45, 3, 7, 1, '2022-05-25 16:32:34'),
	(46, 20, 1, 1, '2022-07-16 16:55:08'),
	(47, 19, 7, 1, '2022-08-15 21:51:37'),
	(48, 21, 7, 1, '2022-08-26 15:01:35'),
	(49, 21, 1, 1, '2022-09-23 14:10:56'),
	(50, 22, 1, 1, '2022-09-23 14:10:56'),
	(51, 23, 1, 1, '2023-02-13 15:53:38'),
	(52, 24, 1, 1, '2023-08-02 16:18:21'),
	(53, 25, 8, 1, '2023-10-04 14:24:29'),
	(54, 26, 1, 1, '2023-10-07 13:40:20'),
	(55, 24, 2, 1, '2023-10-20 16:16:43'),
	(56, 15, 2, 1, '2023-10-20 16:55:20'),
	(57, 27, 1, 1, '2023-12-08 16:01:34'),
	(58, 23, 4, 1, '2024-01-11 15:18:26'),
	(59, 27, 7, 1, '2024-01-31 14:27:43'),
	(60, 28, 1, 1, '2024-04-01 15:03:11');

-- Volcando estructura para tabla db_hospital_orellana.tbl_personal_planilla
CREATE TABLE IF NOT EXISTS `tbl_personal_planilla` (
  `idEmpleado` int(11) NOT NULL AUTO_INCREMENT,
  `nombreEmpleado` text NOT NULL,
  `telefonoEmpleado` varchar(10) NOT NULL,
  `duiEmpleado` varchar(10) NOT NULL,
  `correoEmpleado` text NOT NULL,
  `nacimientoEmpleado` date NOT NULL,
  `ingresoEmpleado` date NOT NULL,
  `salarioEmpleado` decimal(9,2) NOT NULL,
  `areaEmpleado` int(11) NOT NULL,
  `direccionEmpleado` text NOT NULL,
  `estadoEmpleado` int(11) NOT NULL DEFAULT 1,
  `cargoEmpleado` text NOT NULL,
  `horasExtras` int(11) NOT NULL DEFAULT 0,
  `precioHoraExtra` decimal(9,2) NOT NULL DEFAULT 0.00,
  `precioHoraNocturna` decimal(9,2) NOT NULL DEFAULT 0.00,
  `bonoEmpleado` decimal(9,2) NOT NULL DEFAULT 0.00,
  `pivoteRetenciones` int(11) NOT NULL DEFAULT 0,
  `seguimientoEmpleado` text NOT NULL,
  `fechaEmpleado` timestamp NOT NULL DEFAULT current_timestamp(),
  PRIMARY KEY (`idEmpleado`)
) ENGINE=InnoDB AUTO_INCREMENT=125 DEFAULT CHARSET=utf8 COLLATE=utf8_spanish_ci;

-- Volcando datos para la tabla db_hospital_orellana.tbl_personal_planilla: ~124 rows (aproximadamente)
INSERT INTO `tbl_personal_planilla` (`idEmpleado`, `nombreEmpleado`, `telefonoEmpleado`, `duiEmpleado`, `correoEmpleado`, `nacimientoEmpleado`, `ingresoEmpleado`, `salarioEmpleado`, `areaEmpleado`, `direccionEmpleado`, `estadoEmpleado`, `cargoEmpleado`, `horasExtras`, `precioHoraExtra`, `precioHoraNocturna`, `bonoEmpleado`, `pivoteRetenciones`, `seguimientoEmpleado`, `fechaEmpleado`) VALUES
	(1, 'Edwin Alexander Cortez Orantes ', '6310-0397 ', '045745718', 'ed.orantes01@gmail.com', '1992-01-03', '2021-01-04', 600.00, 1, 'Alegria, Usulutan.', 1, 'Coordinador de informatica', 0, 2.92, 0.00, 100.00, 0, 'FOgwk6rfHolwIwn/N0a2lw==', '2022-10-04 09:32:58'),
	(2, 'Elena Abigail Cruz de Cisneros ', '7927-8472', '045274319', 'abigailcruz06@gmail.com', '1991-11-07', '2016-08-08', 600.00, 1, 'Calle a Puerto colonia San José casa 3 pasaje 3.', 1, 'Supervisora administrativa', 0, 3.12, 0.00, 150.00, 0, 'hhcczD8V870ZUOhf5pM8Hg==', '2022-10-04 09:37:19'),
	(3, 'Carlos Miguel Martinez Mejia', '77471360', '037319139', 'krlosm6@gmail.com', '1987-05-11', '2020-09-03', 550.00, 1, 'Residencial villas de Terranova casa #3 polígono 4', 0, 'Administrativo Contador', 0, 0.00, 0.00, 100.00, 0, 'JVKq6zp4eNbK7WdYIAINSA==', '2022-10-04 09:37:23'),
	(4, 'Kriscia Iveth Segovia Flores ', '7793-5538', '063291157', 'krisciasegovia21@gmail.com', '2002-01-25', '2021-01-01', 415.00, 1, 'Cantón Joya Ancha Arriba Santa Elena, Usulutan ', 1, 'Auxiliar de cuentas', 0, 1.73, 0.00, 0.00, 0, '2VgMwYTTBdaMigopXoFVJA==', '2022-10-04 09:37:26'),
	(5, 'Veronica Guadalupe Mira de Rivera', '7018-9778', '016781614', 'veronicaguadalupem323@gmail.com.sv', '1973-08-01', '2022-07-01', 1500.00, 1, '5a. Calle Ote. Col. Stand. Rosa #37 Usulutan ', 1, 'Gerente', 0, 6.25, 0.00, 0.00, 3, 'yher22QAdxdZa4W33EKGrA==', '2022-10-04 09:37:28'),
	(6, 'Carla Ivette Lopez Muñoz', '7007-5534', '061599795', 'carlaivette41@gmail.com', '2001-01-21', '2022-01-10', 450.00, 3, 'Cantón Ojo de Agua caserío san Jaime, usulutan, usulutan ', 1, 'Encargada ISBM', 0, 1.87, 0.00, 0.00, 0, 'dGnB66CdzZf7lpMstmiLiQ==', '2022-10-04 10:13:48'),
	(7, 'Olivia clarissa Jandres Luna', '75049756', '043632927', 'clarissa.jandres9090@gmail.com', '1990-10-02', '2017-10-17', 365.00, 9, 'BARRIO SAN BENITO SAN RAFAEL ORIENTE  SAN MIGUEL', 1, 'Limpieza', 0, 1.52, 0.38, 0.00, 0, 'jQx8IIWwO/mrjdL0Zm7xNg==', '2022-10-04 10:21:50'),
	(8, 'Catalina de Jesús Gomez vasquez ', '7492-2204 ', '005661089', 'katevasquez1980@gmail.com', '0000-00-00', '0000-00-00', 415.00, 8, '', 1, 'Botiquin', 0, 1.73, 0.43, 0.00, 0, 'ReHoutJ+RqxLj4NGD4x7nA==', '2022-10-04 10:23:39'),
	(9, 'Claudia Lissette Martínez Claros ', '7029-3028', '053475000', 'claumartzz12@gmail.com', '1996-12-08', '2019-11-04', 365.00, 4, 'Jiquilisco, Usulutan ', 1, 'Enfermera', 0, 2.30, 0.38, 0.00, 0, '/AkjviN6WUWie/XX6/WDjQ==', '2022-10-04 10:25:05'),
	(10, 'Ingrid Johana Segovia Rivera ', '7921-6934', '059586998', 'riverajhoana1999@gmail.com', '1999-09-17', '2021-09-13', 365.00, 9, 'Segunda avenida barrio el calvario Santa Maria ', 0, 'Limpieza', 0, 1.52, 0.38, 0.00, 0, 'nI9P4UqxYwBaALEeKYDksg==', '2022-10-04 10:25:06'),
	(11, 'Vilma Elizabeth Henriquez Segovia', '7274-9724', '005320667', 'vilmasegovia2003@gmail.com', '1975-03-23', '2003-07-05', 365.00, 9, '1a.Av.Sur.casa 18 barrio La parroquia Ozatlan', 1, 'Limpieza', 0, 1.52, 0.38, 0.00, 0, 'ukcfH1soxaWJd3ZgJPiFsA==', '2022-10-04 10:26:58'),
	(12, 'Adriana Estefani Ventura Canales ', '6053-6515', '049506742', 'adriventura93@gmail.com', '1993-06-05', '2021-04-24', 400.00, 3, 'BO LOS REMEDIOS PJE 2', 1, 'Encargada ISBM', 0, 1.67, 0.00, 0.00, 0, 'NG7vTtqAN2YJgwMZvHf00A==', '2022-10-04 10:27:22'),
	(13, 'Jennifer Astrid Maravilla Hernández', '7216-9961', '057151129', 'maravillaastrid8@gmail.com', '1998-04-02', '2022-06-03', 365.00, 4, 'Colonia el manzano Santa María, Usulután ', 1, 'Enfermera', 0, 2.30, 0.38, 0.00, 0, 'jlN/qo+loe46/w/rPxAHiA==', '2022-10-04 10:27:22'),
	(14, 'Cristina Mariel Funes Berrios ', '7695-0797', '045964817', 'funescristina168@gmail.com', '1992-04-10', '2021-07-19', 365.00, 4, 'Cantón los jobos santa elena usulutan ', 1, 'Enfermera', 0, 2.30, 0.38, 0.00, 0, '8e2s3mc2zfRL2vcTAPIF1A==', '2022-10-04 10:27:54'),
	(15, 'Sonia Carolina Romero Rivas', '7197-9944', '055513121', 'rr0421042015@unab.edu.sv', '1997-05-09', '2021-09-07', 365.00, 4, 'Moncagua, San Miguel', 1, 'Enfermera', 0, 2.30, 0.38, 235.00, 0, 'K/mP66dHTbgYOBYVkdLY0Q==', '2022-10-04 10:28:09'),
	(16, 'Yasmina Iveth Salinas Rosales ', '7124-4507', '040392853', 'yasminasalinas26@gmail.com', '1989-01-10', '2022-05-04', 365.00, 9, 'Col.flores psj#2, casa #40, Usulután ', 0, 'Limpieza', 0, 1.30, 0.38, 0.00, 0, 'syRXI/jqTd9vXSESZZFGxQ==', '2022-10-04 10:32:36'),
	(17, 'Carlos Josué Mancia Granados ', '7778-5958', '053964693', 'carlosmancia75@yahoo.es', '1996-10-14', '2022-01-03', 365.00, 4, 'Col Vista Hermosa Jiquilisco Usulután ', 1, 'Enfermera', 0, 2.30, 0.38, 0.00, 0, 'mT11U7GD0/QN3Z2Vr9QHsA==', '2022-10-04 10:33:52'),
	(18, 'Klidis Denia Quintanilla ', '7254-8279', '050641246', 'klidisquintanilla929@gmail.com', '2022-10-05', '2021-09-27', 365.00, 4, 'Barrio santa rosa San jorge San miguel', 1, 'Enfermera', 0, 2.30, 0.38, 0.00, 0, 'y8WIK4Qj6233bcyvVE7Tfw==', '2022-10-04 10:35:05'),
	(19, 'Honeyda Mariluz Martinez de Muñoz', '7308-4102', '045961762', 'martinezhoneyda76@gmail.com', '1992-03-05', '2021-08-19', 365.00, 4, 'Col. El campo, santa maria usulutan.', 1, 'Enfermera', 0, 2.30, 0.38, 110.00, 0, 'tO6FTdv31cQrOTlcnkQhlQ==', '2022-10-04 10:36:46'),
	(20, 'Victoria Magdalena Acevedo Sandoval ', '7354-5859', '059238008', 'victoriamagdalenaacevedo1999@gmail.com', '1999-07-22', '2021-05-25', 365.00, 4, 'Col. Sta Maria desvío la poza', 1, 'Enfermera', 0, 2.30, 0.38, 60.00, 0, 'y5nfZXRwCuZor4OBX2nLJg==', '2022-10-04 10:39:16'),
	(21, 'Roberto de Jesús Duran Benitez', '7205-5130', '042310158', 'roberto200290@hotmail.com', '1990-02-20', '2020-02-01', 500.00, 6, 'Residencial San Francisco, pasaje #21, calle al río, casa #55, San Miguel ', 1, 'Laboratorio Clinico', 0, 2.08, 0.52, 0.00, 0, 'D6zg4UUHYyq1lMXTiKpzFg==', '2022-10-04 10:41:41'),
	(22, 'Maura ester peréz flores', '7562-1932', '009426156', 'brendiscan7@gmail.com', '1979-01-15', '2014-11-20', 365.00, 9, 'San Rafael Oriente, Barrio San Benito ', 1, 'Limpieza', 0, 1.52, 0.38, 0.00, 0, 'FSXrquNO52wTgpuP/W4pCg==', '2022-10-04 10:42:59'),
	(23, 'Claudia Cristabel Centeno Ventura ', '6168-5485', '054119283', 'claudiacrisventura2018@gmail.com', '1996-01-20', '2022-08-01', 0.00, 4, 'Col. Handal puerto parada usulutan ', 1, 'Enfermera', 0, 2.30, 0.00, 0.00, 0, 'd3MW6Qbp6MuGJDM3WCzpwg==', '2022-10-04 10:43:11'),
	(24, 'Vanessa Yamileth Posada García', '7279-2755', '045512393', 'vanessapgarcia20@gmail.com', '1991-12-20', '2019-09-01', 500.00, 6, 'San Francisco,cas los zelaya, santa maria, usulután ', 1, 'Laboratorio Clinico', 0, 2.08, 0.52, 0.00, 0, 'reoDUWMJb8uzQvdOvsQ5kw==', '2022-10-04 10:43:11'),
	(25, 'Samuel Alexander Aparicio Guevara ', '6134-5803', '046897283', 'apariciosamuel2709@gmail.com', '1992-09-09', '2020-02-01', 500.00, 6, 'Col. El Rancho canton El Paraisal, Concepcion Batres, Usulutan', 1, 'Laboratorio Clinico', 0, 2.08, 0.52, 0.00, 0, '/XlR6G3JtubttO7DlpP98g==', '2022-10-04 10:43:24'),
	(26, 'Silvia marisol bernal de gonzalez', '7779-2219', '009980516', 'silvia.bernal@salud.gob.sv', '1973-05-16', '2022-12-05', 450.00, 4, 'Col lourdes norte poligono 5 casa 3 usulutan', 1, 'Enfermera', 0, 2.30, 0.00, 0.00, 3, 'HJuEvD4Chyes2GgG+eQhgw==', '2022-10-04 10:48:53'),
	(27, 'Connie vanessa Barrera maravilla ', '7202-5552', '041313111', 'conniebarrera82@gemail.com', '0000-00-00', '0000-00-00', 0.00, 4, '', 1, 'Enfermera', 0, 2.30, 0.00, 0.00, 0, 'A9Yb4/felPCfgXT0bR3u6w==', '2022-10-04 10:49:30'),
	(28, 'Ana Marleni López de Bermúdez ', '7835-7648', '009606528', 'lopezanamarleni@gmail.com', '1974-05-26', '1997-09-03', 400.00, 4, 'San Rafael oriente barrio San Benito ', 1, 'Enfermera', 0, 2.30, 0.42, 60.00, 0, 'Wlo6L9feLK6tdzqClyTDRQ==', '2022-10-04 10:50:30'),
	(29, 'Ivan David Joya Maravilla ', '+503723520', '047562132', 'ivanmaravilla44@gmail.com', '1993-01-23', '2022-05-26', 500.00, 6, 'Col. Saravia Paj A', 1, 'Laboratorio Clinico', 0, 2.08, 0.52, 0.00, 0, 'ovfYqEEhRokMM3/WqqbEww==', '2022-10-04 10:59:30'),
	(30, 'Rosana Maria Campos Campos ', '6182-0356 ', '053082289', 'Camposrossana85@gmail.com', '1995-06-25', '2022-04-25', 365.00, 9, 'Km16 salida a san salvador', 0, 'Limpieza', 0, 1.30, 0.38, 0.00, 0, 'Qn9xPsxrleYjZJ3ogDOIDQ==', '2022-10-04 11:03:51'),
	(31, 'Karla Maria Gaitan Quintanilla', '7303-7992', '058680668', 'kjecquintanilla2704@gamil.com', '1999-04-16', '2021-10-01', 365.00, 4, 'El Rebalse Santa Elena ', 1, 'Enfermera', 0, 2.30, 0.38, 0.00, 0, 'w6JCsCpfhLry6hppcdVACg==', '2022-10-04 11:05:52'),
	(32, 'Carla Isolina Ortez González ', '7537-3424 ', '050309323', 'carlaortez57@gmail.com', '1994-08-06', '2019-09-02', 415.00, 8, 'Colonia Cruz #2 Pasaje 4, Casa #67', 1, 'Botiquin', 0, 1.73, 0.43, 0.00, 0, 'mSWh4qepFxsOw0biezjWKQ==', '2022-10-04 11:08:52'),
	(33, 'Lilian Jaime Martinez de Pineda', '7665-4294', '047399513', 'lilianjaimem@gmail.com', '2022-11-16', '2014-10-22', 365.00, 4, 'Canton San Fancisco Santa Maria', 1, 'Enfermera', 0, 2.30, 0.38, 110.00, 0, 'PkiZ1XaiCW9tOiDYDTwNxw==', '2022-10-04 11:26:29'),
	(34, 'Jose Saul Quintanilla', '7434-8562', '029390634', '', '0000-00-00', '0000-00-00', 450.00, 10, '', 1, 'Mantenimiento', 0, 1.87, 0.00, 0.00, 0, 'h3dzs5dfHT76LlyR8jVHgQ==', '2022-10-04 11:35:30'),
	(35, 'Jacquelinne Vanessa Trejo de Zepeda ', '7870-0107', '019985796', 'vanessatrejo871@gmail.com', '0000-00-00', '0000-00-00', 415.00, 2, 'Usulutan', 1, 'Cajera', 0, 1.73, 0.43, 0.00, 0, 'X6p3aLKvMB+K/7TPuLpJyQ==', '2022-10-04 11:56:45'),
	(36, 'Saudy Rubidia Campos Rodriguez ', '6113-9872', '049304394', 'jcampos27112014@gmail.com', '1993-09-28', '2021-01-03', 365.00, 4, 'Barrio Santa Rosa San Jorge', 1, 'Enfermera', 0, 2.30, 0.38, 0.00, 0, 'IjI7bLV+0BOTWZ0zagBTDQ==', '2022-10-04 12:09:53'),
	(37, 'Mirian Elizabeth Pineda Torres ', '7863-0922', '054179877', 'mirianep1596@gmail.com', '1996-09-15', '2022-05-28', 365.00, 4, '100mt al pt de Urbanización la Esperanza Usulután, Usulután ', 1, 'Enfermera', 0, 2.30, 0.38, 0.00, 0, 'hrAKoH8Tqk8BkTfuP1e1mQ==', '2022-10-04 12:56:41'),
	(38, 'Vanessa Maria Machuca De La O', '7630-4749', '055467778', 'machucadelaovanessa@gmail.com', '1997-06-12', '2022-03-07', 365.00, 4, 'Barrio la parroquia calle final avenida guandique Usulután ', 1, 'Enfermera', 0, 2.30, 0.38, 0.00, 0, 'hLzNUOaqT/X+Gk+ECPQ6rg==', '2022-10-04 13:16:49'),
	(39, 'Patricia Sarai Delgado García ', '7664-4942', '059874472', 'garciapatricia2022@gmail.com', '1999-12-28', '2020-07-07', 365.00, 4, 'Colonia Guadalupe segundo pasaje casa #57, Usulutan, Usulutan ', 1, 'Enfermera', 0, 2.30, 0.38, 110.00, 0, 'oloRG5q6O95eLlDkgyRp1g==', '2022-10-04 13:57:07'),
	(40, 'Sandra Estefany Torres Rodríguez ', '6180-7140 ', '048386131', 'estefany9305@gmail.com', '1993-05-13', '2022-01-11', 450.00, 7, 'Colonia San Juan Bosco#1,  casa #6 bock H, Usulután ', 1, 'Radiologia', 0, 1.87, 0.47, 100.00, 0, 'UoECXbJLE44wMBJ8hO5bJg==', '2022-10-04 14:09:37'),
	(41, 'Patricia Elizabeth Nolasco Larin', '7035-0358', '050495213', 'nolasco.larin@gmail.com', '1994-09-09', '2022-06-01', 0.00, 5, '6ta calle oriente colonia Soriano', 1, 'Hemodialisis', 0, 2.30, 0.00, 0.00, 1, 'w4S7G8OXJm2ueVW84OsGfQ==', '2022-10-04 16:15:05'),
	(42, 'Antonia Yaneth Escobar Hernandez', '7027-9968', '046650827', 'antoniahernadez93@gmail.com', '1991-01-14', '2021-07-08', 365.00, 5, 'Ctn.paso de gualache tecapan usulutan', 1, 'Limpieza', 0, 1.52, 0.38, 0.00, 0, 'pLElwsi/6X1OaNSjpV7/cw==', '2022-10-04 16:20:17'),
	(43, 'Wendy Yamileth Mejía Gonzalez ', '7752-0736', '055669003', 'wendygonzaa@gmail.com', '1997-07-31', '2022-08-01', 0.00, 5, 'Colonia la esperanza pje 2 casa #6 usulutan. CTGO <br> a terminal de San Miguel.', 1, 'Hemodialisis', 0, 2.30, 0.00, 0.00, 1, 'SAQNR2njPv1RSsQ1vxY9rg==', '2022-10-04 16:25:08'),
	(44, 'Brenda Yaneth Garay Palacios ', '7718-1093', '058786317', 'yanethpalacios99@icloud.com', '1999-05-25', '2021-09-29', 365.00, 9, 'Colonia Córdoba 3 pasaje poniente #37 ', 1, 'Limpieza', 0, 1.52, 0.38, 0.00, 0, 'nHGcX9obG2tz4wY8R2iJ5Q==', '2022-10-04 16:28:05'),
	(45, 'Mariela Lissette Cardona Palomo ', '7885-9919', '057664172', 'Csaulcr31@gmail.com', '1998-09-25', '2022-08-01', 450.00, 5, 'Colonia El paraiso#1 calle principal casa #14', 1, 'Hemodialisis', 0, 2.30, 0.47, 0.00, 0, 'L2uamZ4Xf9KtBuw5WLhVMQ==', '2022-10-04 16:40:57'),
	(46, 'Deylin Elizabeth Membreño Garcia', '7148-8210', '044392944', 'deylin.garcia@gmail.com', '1991-01-31', '2021-04-05', 450.00, 7, 'Barrio el calvario 5 calle ote. Casa 11 usulutan,usulutan ', 1, 'Radiologia', 0, 1.87, 0.47, 100.00, 0, 'uSWi6Wb31892PVb3vEinRw==', '2022-10-04 16:51:06'),
	(47, 'Oscar Sigfredo Ortez Ramos ', '7389-9955 ', '041426079', 'fred.ortez.25@gmail.com', '1989-07-02', '2022-01-18', 365.00, 9, 'Col. La constancia #3 Santa Maria Usulutan ', 1, 'Limpieza', 0, 1.52, 0.38, 0.00, 0, 'EVw19xfSsXbbNdG7w6TqSg==', '2022-10-04 17:20:39'),
	(48, 'Mirna Verónica Ramírez Vásquez ', '7955-3701', '024598910', 'verito503j@gmail.com', '1984-04-10', '2013-06-03', 450.00, 5, 'Colonia las colinas calle principal casa #6', 1, 'Auxiliar administrativo', 0, 1.87, 0.47, 0.00, 0, '3LYJN9Z0viKXi+eCy3ty8Q==', '2022-10-04 17:37:19'),
	(49, 'Diego Campos Juárez', '7614-7106', '057302877', 'djuarezkgb19@gmail.com', '1998-06-11', '2022-03-01', 0.00, 5, 'Col Marta Eugenia. Calle antigua a Santa María ', 0, 'Hemodialisis', 0, 2.30, 0.00, 0.00, 0, '6O3HvcvbpUwfXVOsDZql7A==', '2022-10-04 17:38:00'),
	(50, 'Luis Alfredo Martínez Martínez', '7515-9477', '049920784', 'luixito.050594@gmail.com', '1994-05-05', '2022-01-04', 0.00, 5, '7av norte casa N°8 Barrio La Merced, Usulután', 1, 'Hemodialisis', 0, 2.30, 0.00, 0.00, 1, 'AHJEyjI7NbA3D7XzD7EqGQ==', '2022-10-04 17:50:55'),
	(51, 'Maira Elizabeth Quintanilla de Medrano ', '6006-2817', '048224258', 'elizzcarranza77@gmail.com', '1992-12-24', '2021-06-14', 650.00, 5, 'Colonia vallenuevo , cantón el talpetate, usulutan, usulutan ', 1, 'Hemodialisis', 0, 2.30, 0.00, 0.00, 0, 'QVw7TAg7r4AEDzXzwdOq0g==', '2022-10-04 17:52:11'),
	(52, 'Josselyn Vanessa Quintanilla Lozano ', '7610-8424', '056319512', 'josselynquinhanilla114@gmail.com', '1997-11-14', '2022-01-15', 450.00, 5, 'Colonia los Santos, calle principal, casa #3', 1, 'Hemodialisis', 0, 2.30, 0.47, 0.00, 0, 'uTMF6aHHj5YMkCrGWtFD3Q==', '2022-10-04 18:09:07'),
	(53, 'Digna patricia gonzalez granados', '7796-9430', '061583257', 'gonzalesdigna1245@gmail.com', '2000-11-17', '2022-05-02', 365.00, 9, 'Cantón la peña ', 1, 'Limpieza', 0, 1.30, 0.38, 0.00, 0, 'bSa9QuSjCi4ol4ymnAzQ1w==', '2022-10-04 18:28:12'),
	(54, 'Esnaida Vanessa Maria Rios', '7521-7536', '039953654', 'Vanessa_maria28@hotmail.es', '1988-01-28', '2010-04-30', 0.00, 4, 'Octava calle poniente séptima avenida norte barrio la merced Esquina <br> opuesta ala vacunación del covid isss Usulutan, Usulutan  ', 1, 'Enfermera', 0, 2.30, 0.00, 0.00, 0, '1T4VzcmYytTdzfaLvljmhA==', '2022-10-04 21:55:05'),
	(55, 'Rodolfo Granados Guevara ', '7366-9145', '021913268', '', '1960-10-04', '2021-11-01', 400.00, 11, 'ereguayquin', 1, 'Vigilante', 0, 1.66, 0.42, 0.00, 0, 'eY8ob6B269UjOduC4YPvtA==', '2022-10-05 06:57:34'),
	(56, 'Alba Rosa Ramirez Vasquez ', '7043-7030 ', '038640884', 'albarosaramirez1985@gmail.com', '0000-00-00', '0000-00-00', 425.00, 2, 'Usulutan', 1, 'Cajera', 0, 1.77, 0.44, 0.00, 0, 'qfIhykOOc4Bk/WOwojnRAA==', '2022-10-05 10:14:35'),
	(57, 'Allison Esmeralda Quintanilla Martinez', '7858-1702', '049218975', 'ali.alisonmartinez@hotmail.com', '1993-12-01', '2022-06-24', 365.00, 2, 'Residencial Las Veraneras Poligono W Casa 4,<br> Usulutan, Usulutan. ', 1, 'Cajera', 0, 1.52, 0.38, 0.00, 0, '8nQWzG01YcLBqCB1jIa00Q==', '2022-10-05 10:16:47'),
	(58, 'Silvia Leonor Campos de granados ', '7960-8566 ', '049506441', 'silvialeonorcampos53@gmail.com', '1993-12-07', '2022-06-28', 365.00, 6, 'Entrada a residencial san José, usulutan ', 1, 'Laboratorio Clinico', 0, 1.52, 0.00, 0.00, 0, 'R2LsjdxZ0Q2w+FOLAOo3Mg==', '2022-10-05 10:59:52'),
	(59, 'Mario Edgardo Gaitan Gaitan', '6921-2066', '034046436', 'maritogaitan2020@gmail.com', '1984-12-07', '2021-11-01', 450.00, 11, 'San dioniso canton iglesia vieja', 1, 'Vigilante', 0, 1.87, 0.47, 0.00, 0, 'VXcNShe23nqBKVAYpgX3CQ==', '2022-10-05 12:11:14'),
	(60, 'Belly Jerry Orellana Miranda', '7146-0096', '022412273', '', '1976-10-18', '2022-12-15', 450.00, 11, 'Lotificacion brisas del pasifico calle california <br> lot#33 jiquilisco usulutan', 1, 'Vigilante', 0, 1.87, 0.47, 0.00, 0, 'qPeAjtFsUAXzZEcWaZrjjw==', '2022-10-05 14:00:46'),
	(61, 'Ever Esaú Herrera Castillo', '7757-0100', '050094659', '', '0000-00-00', '0000-00-00', 400.00, 10, '', 1, 'Mantenimiento', 0, 1.67, 0.00, 0.00, 0, 'iJNrBokChbISGU7NvMytJg==', '2022-10-05 15:29:11'),
	(62, 'Zayra Concepción Rodas de Rivera', '7112-8594', '056071083', 'sairitarodas1097@gmail.com', '1997-10-26', '2021-07-12', 365.00, 4, 'Colonia santa María desvío la poza, usulutan ', 1, 'Enfermera', 0, 2.30, 0.38, 60.00, 0, '8TjLK4zgYsH7QQwaai1VZA==', '2022-10-05 15:51:00'),
	(63, 'Xenia Mairene Romero Lemus', '7969-6873', '049988465', 'mayrene.romero31@gmail.com', '0000-00-00', '0000-00-00', 365.00, 4, '', 1, 'Enfermera', 0, 2.30, 0.38, 0.00, 0, 'NiQl5Imv+i4KonSy0VXKkA==', '2022-10-05 15:51:16'),
	(64, 'Tatiana Elizabeth Martinez Ismael ', '7767-6462', '059014616', 'tatiana24.martinez05@gmail.com', '1999-05-24', '2021-10-01', 365.00, 4, 'Bo la parroquia, final calle principal, Santa Maria ', 1, 'Enfermera', 0, 2.30, 0.38, 0.00, 0, 'z4ojs6Ac7sGsLdmu1dvVwg==', '2022-10-05 16:01:51'),
	(65, 'Ana Lidia Martinez de Quintanilla', '7032-6648', '014972390', '', '1966-07-25', '2011-06-01', 365.00, 4, 'Residencial las veraneras calle los pinares <br> poligono R casa 27 usulután', 1, 'Enfermera', 0, 2.30, 0.38, 60.00, 0, 'B4wbYkRjFHHzrGvPJvjXNw==', '2022-10-05 16:07:10'),
	(66, 'Jessica Carolina Ortez Martinez ', '7052-3410 ', '048833015', 'carito.ortez@hotmail.com', '1993-09-20', '2020-06-08', 365.00, 4, 'Canton los hornos, san francisco Javier, usulutan ', 1, 'Enfermera', 0, 2.30, 0.38, 60.00, 0, 'WZx3Y66mratca3lBb/Tbnw==', '2022-10-05 16:24:04'),
	(67, 'Juana Feliz Mayorga de Paiz', '7444-5459', '000246436', '', '0000-00-00', '0000-00-00', 365.00, 9, '', 1, 'Limpieza', 0, 1.52, 0.38, 0.00, 0, 'Cu5LKrfGuneaijhbx73dXg==', '2022-10-05 16:24:05'),
	(68, 'Gladis Esperanza Rodriguez de Aguirre ', '7589-1497', '035594181', '', '1986-06-20', '2011-03-29', 365.00, 4, 'Col. Las delicias, pje 4casa 9 usulutan', 1, 'Enfermera', 0, 2.30, 0.38, 110.00, 0, 'T8+GJe4KmHnG/JB5eD9khQ==', '2022-10-05 16:32:19'),
	(69, 'Luis Miguel Ventura Campos ', '7895-7367 ', '050896100', 'camposventura1@gmail.com', '1994-09-08', '2022-02-25', 450.00, 5, 'Col.nazareth 150 mts  al ote de iglesia getsemani', 1, 'Hemodialisis', 0, 2.30, 0.47, 0.00, 0, 'sZ+qSVPpxTHSkYDWqQZomA==', '2022-10-05 16:49:21'),
	(70, 'Carla Marisa Maradiaga de Paredes', '7193-3931', '046854772', 'miguel50angel@outlook.com', '1992-09-22', '2019-11-25', 415.00, 8, 'Colonia Villa Chentia, pasaje 3, casa 4, Usulután ', 1, 'Botiquin', 0, 1.73, 0.43, 0.00, 0, 'UbY/vMHp5+EnVq4y+0bRtg==', '2022-10-05 17:19:43'),
	(71, 'Ivania Areli Rosales Esquivel', '7199-4727', '055254345', 'Ivaniarosales.2897@gmail.com', '1997-04-28', '2022-07-01', 0.00, 4, '9 avenida norte barrio la merced ', 0, 'Enfermera', 0, 2.30, 0.00, 0.00, 0, 'D3nuSzpl0YWqkRFxGCuxKQ==', '2022-10-05 17:28:29'),
	(72, 'Ingrid Anabela Trejo Zelaya', '7639-0027 ', '059219070', 'zelayaanabela5@gmail.com', '1999-08-13', '2022-08-01', 0.00, 4, 'Cas El Tiguilote, Santa Elena', 1, 'Enfermera', 0, 2.30, 0.00, 0.00, 0, 'TYdDeSzqJsGBiNxCapy5Hg==', '2022-10-05 18:13:49'),
	(73, 'Josselyn Estefani Parada Sorto', '7549-8665', '052950235', 'jocelynsortoo@gmail.com', '1995-12-25', '2022-09-16', 500.00, 1, 'Col. Cruz calle ppal, casa #18, Usulután, Usulután', 1, 'Recursos Humanos', 0, 2.08, 0.00, 0.00, 0, 'gzbUdi3VkkxC3K2X2aHJUA==', '2022-10-06 08:29:49'),
	(74, 'Aracely del Carmen del Cid Guzman', '7094-1114', '012479435', 'delcidaracely69@gmail.com', '0000-00-00', '0000-00-00', 0.00, 4, '', 0, 'Enfermera', 0, 2.30, 0.00, 0.00, 0, 'dLpWjlUuReWHF1lhSvmyUg==', '2022-10-06 12:19:28'),
	(75, 'Yesenia Yamileth Campos Garcia', '7231-2485', '034667101', 'yesenia_campos86@himail.com', '1986-01-03', '2013-02-04', 0.00, 4, 'Cantón sanfrancisco Santa María usulutan ', 0, 'Enfermera', 0, 2.30, 0.00, 0.00, 0, 'T7iGwLYmr1hXn9BEI0THug==', '2022-10-06 12:29:24'),
	(76, 'Carla Estefani Amaya de Vásquez ', '7447-4266 ', '044393500', 'carlamejia007@gmail.com', '1991-01-06', '2022-08-01', 0.00, 5, '7 Calle Oriente #5 Barrio El Calvario', 1, 'Hemodialisis', 0, 2.30, 0.00, 0.00, 0, 'piItexkb+kjVLNyfXYhudQ==', '2022-10-06 12:35:11'),
	(77, 'Claudia Patricia Garcia de Turcios', '7323-4541', '044812546', 'pattyaparicio07@gmail.com', '1991-07-09', '2021-09-21', 365.00, 2, 'Bo. El molino casa #22 usulutan ', 1, 'Cajera', 0, 1.52, 0.38, 0.00, 0, 'r7VgTkPJ2cnOvKu/3Cs3dQ==', '2022-10-06 12:48:48'),
	(78, 'Estefania Beraly Gomez de Saravia ', '7601-8439', '046685880', 'stefanygomezsaravia@gmail.com', '1992-08-01', '2015-03-05', 365.00, 4, 'Barrio la merced San Rafael oriente S.M ', 1, 'Enfermera', 0, 2.30, 0.38, 60.00, 0, 'F6hN7xWrsBSadXh0S8OoEg==', '2022-10-06 12:52:03'),
	(79, 'Astrid Tatiana Menjivar Rodríguez ', '7705-7421', '056428777', 'stridrodriguez1221@gmail.com', '1997-12-21', '2022-05-19', 365.00, 4, 'CL ANTIGUA A CTON LA LAGUNA USULUTÁN ', 1, 'Enfermera', 0, 2.30, 0.38, 0.00, 0, 'hS65fBIjjJ5+1Rtbh4u5uA==', '2022-10-06 12:55:57'),
	(80, 'Sandra Elizabeth Maravilla de Valencia ', '6974-3199', '050857554', 'valenciaelisa1414@gmail.com', '1994-11-07', '2019-12-01', 365.00, 4, 'Col. Altos de Piedra, Usulután. ', 1, 'Enfermera', 0, 2.30, 0.38, 60.00, 0, '3hYQsy2gfdtdsatHOh5PGg==', '2022-10-06 18:01:49'),
	(81, 'Hermelinda Claribel Rivera Alfaro', '7170-6676', '040128694', 'hermelindaclaribel@gmail.com', '2022-08-17', '2017-08-08', 365.00, 4, 'San agustin usulutan', 1, 'Enfermera', 0, 2.30, 0.38, 0.00, 0, 'Db1wO34f33LhENtZq1GPqA==', '2022-10-06 18:20:05'),
	(82, 'Carlos Mario Granados Castillo ', '6153-5352', '054315449', 'carlosgranados9648@gmail.com', '1996-10-01', '2021-07-19', 0.00, 5, 'Cantón La Peña', 1, 'Hemodialisis', 0, 2.30, 0.00, 0.00, 0, 'tl2wIcbGpab0QiptLL2krw==', '2022-10-06 21:54:39'),
	(83, 'Ana Hilda Romero de Cortez', '', '048064593', '', '0000-00-00', '0000-00-00', 365.00, 4, 'Usulutan', 1, 'Enfermera', 0, 2.30, 0.38, 0.00, 0, 'Rly7BqEQWu7AwmGlM2Fahg==', '2022-10-07 09:05:47'),
	(84, 'Ana Marina Parada Coreas', '7471-4656', '005701863', 'Marinacoreas24@gmail.com', '1962-11-04', '1990-01-02', 365.00, 4, 'Barrio san Benito San Rafael oriente', 1, 'Enfermera', 0, 2.30, 0.38, 0.00, 0, 'uvPdj03h5UgMn7vVqJrtpA==', '2022-10-07 09:59:35'),
	(85, 'Henry Arnoldo Segovia', '7496-2190', '008776621', 'licsegovia1875@gmail.com', '1979-11-10', '2019-09-01', 250.00, 6, 'Av. Guandique # 36,  Barrio La Parroquia , Usulutan ', 1, 'Laboratorio Clinico', 0, 0.00, 0.00, 0.00, 3, 'tfeQAisE/5cETT7JByunNA==', '2022-10-08 09:29:43'),
	(86, 'Armida del Carme Saravia Lopez', '7593-6651', '029418369', '', '0000-00-00', '0000-00-00', 365.00, 9, '', 1, 'Limpieza', 0, 1.52, 0.38, 0.00, 0, 'SrcBO44DPwi6UZzU14zHxg==', '2022-10-30 08:39:53'),
	(87, 'Osca Mauricio Duran Santos', '7254-5356', '060134291', '', '0000-00-00', '0000-00-00', 365.00, 9, '', 1, 'Limpieza', 0, 1.52, 0.38, 0.00, 0, 'zGPwWQAOGwraNFfqxENTpw==', '2022-10-30 08:40:18'),
	(88, 'Jorge Ernesto Rivera Benavides', '7976-7292', '013999682', '', '1968-07-28', '2000-01-01', 200.00, 10, 'Col. Alberto Masferrer Pj E casa 13 Usulutan', 1, 'Mantenimiento', 0, 0.00, 0.00, 0.00, 3, 'fOt4afKcmaMMnoQFN0GY3Q==', '2023-02-27 21:59:35'),
	(89, 'Reina Victoria Guzmán Jiménez', '7933-4858', '021898361', '', '1976-10-15', '2000-01-01', 185.00, 7, 'Residencial Villas de Terranova pol 2 casa #6. Santa María. Usulután.', 1, 'Secretaria Ultra', 0, 0.00, 0.00, 0.00, 3, '3M15eW2pn5jhkipro5tufQ==', '2023-02-27 22:02:02'),
	(90, 'Claudia Beatriz Hernandez Torres', '7205-1622', '045457747', '', '1992-01-01', '2000-01-01', 365.00, 14, 'Barrio Candelaria 1era calle pte casa #16', 1, 'Nutricionista', 0, 0.00, 0.38, 0.00, 3, 'JCssnF50sFu+BmpzWlENeQ==', '2023-02-27 22:04:59'),
	(91, 'Yanci Elizabeth Quintanilla Águila', '7235-9980', '044289947', '', '2000-01-01', '2000-01-01', 365.00, 9, 'Col. la pradera', 1, 'Limpieza', 0, 1.52, 0.38, 0.00, 0, '5zzvIpeYq5EZkczRNs6QSw==', '2023-02-27 22:06:45'),
	(92, 'Jose Angel Chavez Peralta', '7031-9189', '051740514', '', '1195-04-22', '2023-02-01', 365.00, 1, 'Lot. Pueblo Nuevo, KM 112 Salida a San Miguel', 1, 'Inventario', 0, 1.52, 0.00, 0.00, 0, 'ZWRpBcxQUDwIcOvP1mA6IA==', '2023-02-27 22:13:11'),
	(93, 'Rafael Cañas Miranda', '7052 1817\n', '043361194', '', '1991-01-13', '2000-01-01', 150.00, 7, 'Lotificacion santa isabel polígono 13 casa 19, San Marcos, San Salvador.', 1, 'Regente RX', 0, 0.00, 0.00, 0.00, 3, 'yogHTsnfn0RKm063EdKsZw==', '2023-02-27 17:25:19'),
	(94, 'Diana Jasmín Carrillo Gaitan', '7201-0291', '059719444', '', '1999-10-16', '2000-01-01', 450.00, 5, 'Colonia Cordova calle principal casa #5', 1, 'Hemodialisis', 0, 2.30, 0.47, 0.00, 0, 'YtFXM5oi0EduXHZj3jOezw==', '2023-02-28 03:44:18'),
	(95, 'Maira Estefani Melara Araujo', '', '', '', '0000-00-00', '0000-00-00', 365.00, 4, '', 1, 'Enfermera', 0, 2.30, 0.38, 0.00, 0, 'ocI+HWzvKwpXG4y8x/XnnA==', '2023-02-28 19:28:18'),
	(96, 'Carlos Anthony Rodriguez', '', '', '', '0000-00-00', '0000-00-00', 365.00, 4, '', 1, 'Enfermera', 0, 2.30, 0.38, 0.00, 0, '6ngHRG7FSWU/lGa2g4+mng==', '2023-02-28 19:28:39'),
	(97, 'Ana Beatriz Gonzales Jurado', '', '', '', '2023-03-14', '2023-03-14', 0.00, 4, '', 0, 'Enfermera', 0, 2.30, 0.00, 0.00, 1, '', '2023-03-15 02:39:53'),
	(98, 'Camila Alexandra Rodriguez Bernabel', '7995 5055', '059959921', '', '2000-01-01', '2023-03-29', 500.00, 6, 'Ereguayquin, Usulutan', 1, 'Laboratorio Clinico', 0, 2.08, 0.52, 0.00, 0, 'BU+YeY93Z8vK/yYxCuRzrw==', '2023-03-29 20:12:58'),
	(99, 'Ana Beatriz Gonzalez Jurado', '', '', '', '2000-01-01', '2023-03-29', 365.00, 4, '', 1, 'Enfermera', 0, 2.30, 0.38, 0.00, 0, '9TV0C3XAC/5Bw6ktoIEMsg==', '2023-03-29 20:15:46'),
	(100, 'Carlos Alfredo Zepeda Rodriguez', '', '', '', '2000-01-01', '2023-03-29', 650.00, 1, 'Usulutan', 1, 'Community Manager', 0, 0.00, 0.00, 0.00, 3, 'Y0rJt3qy1pNrHusSb6ZV2Q==', '2023-03-29 20:41:36'),
	(101, 'Daniel Alexander Flores Orrego', '0000-0000', '', '', '2000-01-01', '2000-01-01', 450.00, 5, 'Usulutan', 1, 'Hemodialisis', 0, 2.30, 0.47, 0.00, 0, 'iEV7gTbYhRd8GMqe43nt6w==', '2023-04-14 23:53:47'),
	(102, 'Gladys Isaura Garay de Flores', '6054-5600', '04389466-8', '', '2000-01-01', '2023-04-24', 365.00, 14, '3era av. sur, Barrio Concepción, El Transito, San Miguel', 1, 'Cocina', 0, 1.52, 0.38, 0.00, 0, 'Kcm+d0zmzevhtDdlj0r/PQ==', '2023-04-27 23:41:34'),
	(103, 'José Manuel Morales Portillo', '7817-6969\n', '05942172-4', '', '2000-01-01', '2023-04-24', 400.00, 14, 'Calle a San Dionisio frente al paraiso #1', 0, 'Cocina', 0, 1.66, 0.00, 0.00, 3, '32Z/bouXevbm9MfIqq75zA==', '2023-04-27 23:46:13'),
	(104, 'Rosana Elisa Grande Mejía', '7479-5933\n', '04554254-2', '', '2000-01-01', '2023-04-24', 365.00, 14, 'Cantón ojo de agua, caserío Continental Usulután.', 1, 'Cocina', 0, 1.52, 0.38, 0.00, 0, 'XogubreoUeL5+90bnTXuxA==', '2023-04-28 00:02:53'),
	(105, 'Jessica Rosana Hernández de Alvarenga', '7951-9463\n', '04148304-7', '', '2000-01-01', '2023-04-24', 365.00, 14, 'Lotificación La Joya, Santa María Usulután', 1, 'Cocina', 0, 1.52, 0.38, 0.00, 0, 'tvP378dZBM9wYZ8pUpqnCQ==', '2023-04-28 00:03:51'),
	(106, 'Gloria Marina Panameño Lainez', '0000-0000', '', '', '2000-01-01', '0000-00-00', 0.00, 5, 'Usulutan', 0, 'Hemodialisis', 0, 2.30, 0.00, 0.00, 1, 'WopMYwKc5zVzSHFUDLreHQ==', '2023-04-29 03:42:18'),
	(107, 'William Omar Mendoza Amaya', '', '', '', '2000-01-01', '0000-00-00', 365.00, 4, 'Usulutan', 1, 'Enfermero', 0, 2.30, 0.38, 0.00, 0, 'aRSIC2A5xV8hcZ9XQIfBPQ==', '2023-05-06 02:48:19'),
	(108, 'Katherine Lissette Vaquerano Alvarado', '7838-2113\n', '058720167\n', '', '0000-00-00', '2023-04-17', 365.00, 9, 'Col cordova psje 3\n, Usulutan', 1, 'Limpieza', 0, 1.52, 0.38, 0.00, 0, 'xJfknAktOZ9W1FMwlX9VVA==', '2023-05-15 20:21:43'),
	(109, 'Manuel de Jesus Cornejo', '0000-0000', '', '', '2001-01-01', '0000-00-00', 0.00, 5, 'Usulutan', 1, 'Hemodialisis', 0, 2.30, 0.00, 0.00, 1, 'iJhlJqR3UKtIQgIjhqQ9eQ==', '2023-07-11 03:16:41'),
	(110, 'Brenda Lisbeth Medrano Zelaya', '6936-5371', '061967362', '', '2000-01-01', '2020-07-01', 365.00, 9, '', 1, 'Limpieza', 0, 1.52, 0.38, 0.00, 0, 'GReIY5GfRo2o3DoxbM5pMA==', '2023-07-29 02:18:24'),
	(111, 'Katia Yosibeth Interiano Soriano', '', '', '', '0000-00-00', '0000-00-00', 0.00, 4, 'Usulutan', 0, 'Enfermera', 0, 2.30, 0.00, 0.00, 1, 'hKfLmB+6nb6Sx/jrq2RKyA==', '2023-08-12 21:27:26'),
	(112, 'Doris Isamar Cortez Velasquez', '', '', '', '0000-00-00', '0000-00-00', 0.00, 4, 'Usulutan', 1, 'Enfermera', 0, 2.30, 0.00, 0.00, 1, 'VQ5lmI2BqNvfrAxIvB5ULg==', '2023-08-12 21:36:03'),
	(113, 'Maritza Carolina Funes Bermudez', '', '', '', '0000-00-00', '0000-00-00', 365.00, 14, 'Usulutan', 0, 'Cocina', 0, 1.52, 0.38, 0.00, 3, 'cyULXlxnMH1oh2d7Vmz3sA==', '2023-08-12 21:41:41'),
	(114, 'Cindy Vanessa Maravilla Ortiz \n', '7938-1834', '058815271', '', '0000-00-00', '2023-07-17', 365.00, 9, 'Usulutan', 1, 'Limpieza', 0, 1.52, 0.38, 0.00, 0, 'ymB9IN2hFHuwlWhXYdDocQ==', '2023-08-15 20:38:47'),
	(115, 'Glenda Rosibel Pacheco de Rivera', '', '', '', '0000-00-00', '0000-00-00', 0.00, 4, 'Usulutan', 1, 'Enfermera', 0, 2.30, 0.00, 0.00, 1, 'U8zoEK19H+hI9/2oJePlqw==', '2023-08-29 21:07:25'),
	(116, 'Carlos Ernesto Ramos Vela', '0000-0000', '00000000-0', '', '2000-01-01', '2023-01-01', 365.00, 10, 'Usulutan', 1, 'Mantenimiento', 0, 0.00, 0.00, 0.00, 0, 'Vh9nUVfX84adZnjxmTXi8A==', '2023-09-20 23:33:47'),
	(117, 'Brenda Johanna Bonilla López', '0000-0000', '00000000-0', '', '2000-01-01', '2023-01-01', 450.00, 5, 'Usulutan', 1, 'Hemodialisis', 0, 2.30, 0.47, 0.00, 0, 'KfVPJuAZHa2G7G1rY53acw==', '2023-10-13 23:43:12'),
	(118, 'Josseline Magdalena Morán Mejía ', '7536-8270', '06038190-3', 'yosselinemoran4@gmail.com ', '2000-04-13', '2023-10-11', 365.00, 14, 'Santa Elena, Usulutan', 1, 'Cocina', 0, 1.52, 0.38, 0.00, 0, 'XdWaqOYF7tTYo8Zjmlc/Lw==', '2023-11-13 20:08:33'),
	(119, 'Fátima azucena Mariona Turcios', '', '04472404-4', '', '0000-00-00', '0000-00-00', 750.00, 1, 'Usulutan', 1, 'Administrativo Contador', 0, 0.00, 0.00, 0.00, 1, 'NL9IjE/42gJ0mvvaDVH1bw==', '2023-11-29 23:08:52'),
	(120, 'Kennia Arely Lopez Hernandez', '0000-0000', '058036584', '', '2000-01-01', '2023-12-28', 450.00, 5, 'Usulutan', 1, 'Hemodialisis', 0, 2.30, 0.47, 0.00, 0, 'v856QKo6vrtSMsmSdl/4sQ==', '2023-12-28 20:39:47'),
	(121, 'Sandra Karina Molina Martinez', '0000-0000', '054156578', '', '2000-01-01', '2023-12-28', 450.00, 5, 'Usulutan', 1, 'Hemodialisis', 0, 2.30, 0.47, 0.00, 0, 'FwG6cyzVLRzIFTnwSPU/AQ==', '2023-12-28 20:41:31'),
	(122, 'Monica Melissa Campos Romero', '', '053574147', '', '1996-02-24', '2023-12-28', 365.00, 2, 'Usulutan, Usulutan', 1, 'Cajera', 0, 1.52, 0.38, 0.00, 0, 'Nc+++Uql8EYrxE31hh+XjA==', '2023-12-28 22:43:41'),
	(123, 'Seneyda Marisol Perez Machado', '0000-0000', '058644808', '', '1999-04-20', '2023-12-28', 0.00, 5, 'Santa Maria, Usulutan', 1, 'Hemodialisis', 0, 2.30, 0.00, 0.00, 3, 'wrKEkT0Qu7O1ilOKN4BvZQ==', '2023-12-29 02:16:55'),
	(124, 'Fatima Briseyda Hernandez Garcia', '', '', '', '0000-00-00', '0000-00-00', 0.00, 4, 'Usulutan', 1, 'Enfermera', 0, 2.30, 0.00, 0.00, 1, 'p5vIRy+akZ/PpFnYJwcMAA==', '2024-01-11 20:00:27');

-- Volcando estructura para tabla db_hospital_orellana.tbl_pivote_reactivos
CREATE TABLE IF NOT EXISTS `tbl_pivote_reactivos` (
  `idPivoteReactivo` int(11) NOT NULL AUTO_INCREMENT,
  `idExamen` int(11) NOT NULL,
  `idReactivo` int(11) NOT NULL,
  `medidaReactivo` decimal(9,2) NOT NULL,
  `nombreExamen` varchar(50) NOT NULL DEFAULT '',
  PRIMARY KEY (`idPivoteReactivo`)
) ENGINE=InnoDB AUTO_INCREMENT=96 DEFAULT CHARSET=utf8 COLLATE=utf8_spanish_ci;

-- Volcando datos para la tabla db_hospital_orellana.tbl_pivote_reactivos: ~95 rows (aproximadamente)
INSERT INTO `tbl_pivote_reactivos` (`idPivoteReactivo`, `idExamen`, `idReactivo`, `medidaReactivo`, `nombreExamen`) VALUES
	(1, 661, 167, 0.04, 'ANTIGENOS FEBRILES'),
	(2, 708, 168, 0.04, 'PROTEINA C REACTIVA'),
	(3, 660, 55, 0.04, 'ANTIESTREPTOLISINA O'),
	(4, 959, 169, 0.04, 'FACTOR REUMATOIDEO'),
	(5, 685, 90, 0.10, 'FIBRINOGENO'),
	(6, 685, 170, 0.90, 'FIBRINOGENO'),
	(7, 685, 171, 0.02, 'FIBRINOGENO'),
	(8, 858, 54, 0.20, 'TIEMPO DE PROTOMBINA'),
	(9, 859, 50, 0.10, 'TIEMPO DE TROMBOPLASTINA PARCIAL'),
	(10, 859, 172, 0.10, 'TIEMPO DE TROMBOPLASTINA PARCIAL'),
	(11, 724, 81, 0.20, 'TIPEO Y RH'),
	(12, 724, 82, 0.20, 'TIPEO y RH'),
	(13, 724, 83, 0.20, 'TIPEO Y RH'),
	(14, 861, 85, 0.08, 'DU'),
	(15, 688, 66, 0.40, 'GLUCOSA EN AYUNAS'),
	(16, 689, 66, 0.40, 'GLUCOSA POST-PANDREAL'),
	(17, 666, 49, 0.40, 'COLESTEROL'),
	(18, 727, 53, 0.40, 'TRIGLICERIDOS'),
	(19, 670, 56, 0.40, 'COLESTEROL HDL'),
	(20, 671, 45, 0.40, 'COLESTEROL LDL'),
	(21, 657, 44, 0.40, 'ACIDO URICO'),
	(22, 684, 65, 0.40, 'UREA'),
	(23, 672, 52, 0.20, 'CREATININA EN SANGRE'),
	(24, 659, 173, 0.40, 'AMILASA'),
	(25, 721, 41, 1.20, 'FOSFATASA ALCALINA'),
	(26, 715, 74, 0.50, 'TGP'),
	(27, 714, 47, 0.50, 'TGO'),
	(28, 665, 69, 1.00, 'HEMOGLOBINA GLICOSILADA'),
	(29, 709, 51, 0.40, 'PROTEINAS TOTALES'),
	(30, 692, 39, 0.40, 'ALBUMINA'),
	(31, 663, 57, 0.20, 'BILIRRUBINA TOTAL'),
	(32, 663, 59, 0.20, 'BILIRRUBINA INDIRECTA'),
	(33, 961, 174, 1.20, 'ELECTROLITOS'),
	(34, 705, 175, 3.00, 'MAGNESIO'),
	(35, 693, 176, 3.00, 'CALCIO'),
	(36, 686, 42, 3.00, 'FOSFORO'),
	(37, 726, 48, 1.00, 'CPK-TOTAL'),
	(38, 725, 43, 1.00, 'CPK-MB'),
	(39, 728, 75, 1.00, 'TROPONINA'),
	(40, 683, 91, 0.40, 'EXAMEN GENERAL DE HECES'),
	(41, 683, 93, 0.40, 'EXAMEN GENERAL DE HECES'),
	(42, 870, 78, 0.10, 'T3 LIBRE'),
	(43, 870, 177, 0.35, 'T3 LIBRE'),
	(44, 870, 178, 0.10, 'T3 LIBRE'),
	(45, 870, 179, 0.05, 'T3 LIBRE'),
	(46, 871, 79, 0.10, 'T4 LIBRE'),
	(47, 871, 180, 0.35, 'T4 LIBRE'),
	(48, 871, 181, 0.10, 'T4 LIBRE'),
	(49, 871, 182, 0.05, 'T4 LIBRE'),
	(50, 872, 70, 0.10, 'TSH LIBRE'),
	(51, 872, 183, 0.35, 'TSH LIBRE'),
	(52, 872, 184, 0.10, 'TSH LIBRE'),
	(53, 872, 185, 0.05, 'TSH LIBRE'),
	(54, 868, 73, 1.00, 'T3 TOTAL'),
	(55, 869, 71, 1.00, 'T4 TOTAL'),
	(56, 962, 80, 1.00, 'TSH TOTAL'),
	(57, 713, 68, 1.00, 'PSA'),
	(58, 682, 22, 1.00, 'EXAMEN GENERAL DE ORINA'),
	(59, 698, 98, 0.10, 'HEMOGRAMA COMPLETO'),
	(60, 698, 99, 0.05, 'HEMOGRAMA COMPLETO'),
	(61, 698, 100, 0.50, 'HEMOGRAMA COMPLETO'),
	(62, 958, 186, 1.00, 'HISOPADO NASAL'),
	(63, 681, 96, 1.20, 'ESPERMOGRAMA'),
	(64, 681, 97, 0.80, 'ESPERMOGRAMA'),
	(65, 677, 52, 0.50, 'DEPURACION DE CREATININA EN ORINA 24H'),
	(66, 677, 187, 0.50, 'DEPURACION DE CREATININA EN ORINA 24H'),
	(67, 672, 187, 0.20, 'CREATININA EN SANGRE'),
	(68, 658, 39, 3.00, 'ALBUMINA EN ORINA DE 24H'),
	(69, 662, 188, 300.00, 'TOLERANCIA A LA GLUCOSA (3H)'),
	(70, 662, 66, 1.60, 'TOLERANCIA A LA GLUCOSA (3H)'),
	(71, 667, 85, 0.80, 'COOMBS DIRECTO'),
	(72, 668, 189, 0.80, 'COOMBS INDIRECTO'),
	(73, 668, 84, 0.80, 'COOMBS INDIRECTO'),
	(74, 675, 190, 3.00, 'PROTEINAS EN ORINA DE 24H'),
	(75, 676, 191, 1.00, 'ANTICUERPO PARA DENGUE'),
	(76, 680, 33, 1.00, 'ERITROSEDIMENTACION'),
	(77, 690, 165, 2.00, 'GOTA GRUESA'),
	(78, 690, 86, 3.00, 'GOTA GRUESA'),
	(79, 694, 67, 1.00, 'FERRITINA'),
	(80, 699, 63, 1.00, 'ANTICUERPOS PARA HEPATITIS A'),
	(81, 700, 64, 1.00, 'ANTICUERPOS PARA HEPATITIS B'),
	(82, 701, 60, 1.00, 'ANTICUERPOS PARA HEPATITIS C'),
	(83, 730, 94, 1.00, 'ANTICUERPOS VIH'),
	(84, 710, 192, 1.50, 'PRUEBA AZUL DE METILENO'),
	(85, 711, 193, 1.00, 'PRUEBA DE EMBARAZO EN ORINA'),
	(86, 712, 88, 1.00, 'PRUEBA DE EMBARAZO EN ORINA'),
	(87, 716, 95, 0.08, 'RETICULOCITOS'),
	(88, 718, 194, 1.00, 'SANGRE OCULTA EN HECES'),
	(89, 857, 72, 1.00, 'DIMERO D'),
	(90, 862, 39, 0.08, 'PRUEBA CRUZADA'),
	(91, 863, 61, 1.00, 'PRUEBA CRUZADA PARA SIFILIS'),
	(92, 864, 62, 1.00, 'ANTICUERPOS PARA CHAGAS'),
	(93, 866, 76, 1.00, 'H. PYLORI EN SANGRE'),
	(94, 867, 77, 1.00, 'H. PYLORI EN HECES'),
	(95, 963, 196, 1.00, 'GASES ARTERIALES');

-- Volcando estructura para tabla db_hospital_orellana.tbl_planilla
CREATE TABLE IF NOT EXISTS `tbl_planilla` (
  `idPlanilla` int(11) NOT NULL AUTO_INCREMENT,
  `quincenaPlanilla` int(11) NOT NULL,
  `mesPlanilla` varchar(15) NOT NULL,
  `descripcionPlanilla` text NOT NULL,
  `fechaPlanilla` date NOT NULL,
  `estadoPlanilla` int(11) NOT NULL DEFAULT 1,
  `creadoPlanilla` timestamp NOT NULL DEFAULT current_timestamp(),
  PRIMARY KEY (`idPlanilla`)
) ENGINE=InnoDB AUTO_INCREMENT=3 DEFAULT CHARSET=utf8 COLLATE=utf8_spanish_ci;

-- Volcando datos para la tabla db_hospital_orellana.tbl_planilla: ~2 rows (aproximadamente)
INSERT INTO `tbl_planilla` (`idPlanilla`, `quincenaPlanilla`, `mesPlanilla`, `descripcionPlanilla`, `fechaPlanilla`, `estadoPlanilla`, `creadoPlanilla`) VALUES
	(1, 1, 'Enero', 'Primer quincena de enero', '2024-01-11', 0, '2024-01-11 15:18:52'),
	(2, 2, 'Febrero', 'Febrero', '2024-02-28', 1, '2024-02-28 15:54:29');

-- Volcando estructura para tabla db_hospital_orellana.tbl_planta
CREATE TABLE IF NOT EXISTS `tbl_planta` (
  `idplanta` int(11) NOT NULL AUTO_INCREMENT,
  `nombrePlanta` varchar(25) NOT NULL,
  PRIMARY KEY (`idplanta`)
) ENGINE=InnoDB AUTO_INCREMENT=6 DEFAULT CHARSET=utf8 COLLATE=utf8_spanish_ci;

-- Volcando datos para la tabla db_hospital_orellana.tbl_planta: ~5 rows (aproximadamente)
INSERT INTO `tbl_planta` (`idplanta`, `nombrePlanta`) VALUES
	(1, 'Primera'),
	(2, 'Segunda'),
	(3, 'Tercera'),
	(4, 'Cuarta'),
	(5, 'Espera');

-- Volcando estructura para tabla db_hospital_orellana.tbl_presupuesto
CREATE TABLE IF NOT EXISTS `tbl_presupuesto` (
  `idPresupuesto` int(11) NOT NULL AUTO_INCREMENT,
  `codigoPresupuesto` int(11) NOT NULL,
  `pacientePresupuesto` varchar(100) NOT NULL,
  `fechaPresupuesto` varchar(15) NOT NULL,
  `tipoPresupuesto` varchar(20) NOT NULL,
  `medicoPresupuesto` int(11) NOT NULL,
  PRIMARY KEY (`idPresupuesto`)
) ENGINE=InnoDB AUTO_INCREMENT=8 DEFAULT CHARSET=utf8 COLLATE=utf8_spanish_ci;

-- Volcando datos para la tabla db_hospital_orellana.tbl_presupuesto: ~7 rows (aproximadamente)
INSERT INTO `tbl_presupuesto` (`idPresupuesto`, `codigoPresupuesto`, `pacientePresupuesto`, `fechaPresupuesto`, `tipoPresupuesto`, `medicoPresupuesto`) VALUES
	(1, 1000000, 'Wendy Serpas', '2021-06-19', 'Ambulatorio', 1),
	(2, 1000001, 'Martha Elizondo', '2021-06-29', 'Ambulatorio', 39),
	(3, 1000002, 'MArtha Sanchez', '2021-07-10', 'Ambulatorio', 5),
	(4, 1000003, 'Alexander Komarov', '2021-10-29', 'Ambulatorio', 14),
	(5, 1000004, 'KAREN AZUCENA ZELAYA', '2022-01-11', 'Ingreso', 8),
	(6, 1000005, 'Juan Chepito', '2023-06-27', 'Ambulatorio', 2),
	(7, 1000006, 'Juan Perez Maldonado', '2023-12-04', 'Ambulatorio', 4);

-- Volcando estructura para tabla db_hospital_orellana.tbl_presupuesto_externos
CREATE TABLE IF NOT EXISTS `tbl_presupuesto_externos` (
  `idPresupuestoExterno` int(11) NOT NULL AUTO_INCREMENT,
  `idPresupuesto` int(11) NOT NULL,
  `idExterno` int(11) NOT NULL,
  `cantidadExterno` int(11) NOT NULL,
  `precioExterno` decimal(9,2) NOT NULL,
  `fechaExterno` date NOT NULL,
  PRIMARY KEY (`idPresupuestoExterno`),
  KEY `idPresupuesto` (`idPresupuesto`),
  KEY `idExterno` (`idExterno`),
  CONSTRAINT `tbl_presupuesto_externos_ibfk_1` FOREIGN KEY (`idExterno`) REFERENCES `tbl_externos` (`idExterno`) ON DELETE NO ACTION ON UPDATE NO ACTION,
  CONSTRAINT `tbl_presupuesto_externos_ibfk_2` FOREIGN KEY (`idPresupuesto`) REFERENCES `tbl_presupuesto` (`idPresupuesto`) ON DELETE NO ACTION ON UPDATE NO ACTION
) ENGINE=InnoDB AUTO_INCREMENT=20 DEFAULT CHARSET=utf8 COLLATE=utf8_spanish_ci;

-- Volcando datos para la tabla db_hospital_orellana.tbl_presupuesto_externos: ~8 rows (aproximadamente)
INSERT INTO `tbl_presupuesto_externos` (`idPresupuestoExterno`, `idPresupuesto`, `idExterno`, `cantidadExterno`, `precioExterno`, `fechaExterno`) VALUES
	(1, 1, 1, 1, 50.00, '2021-06-19'),
	(2, 2, 111, 1, 50.00, '2021-06-29'),
	(6, 1, 42, 1, 75.00, '2021-06-19'),
	(10, 1, 127, 1, 55.00, '2021-06-19'),
	(13, 1, 47, 1, 50.00, '2021-06-19'),
	(15, 3, 63, 1, 25.00, '2021-07-10'),
	(16, 3, 42, 1, 15.00, '2021-07-10'),
	(19, 5, 8, 1, 100.00, '2022-01-11');

-- Volcando estructura para tabla db_hospital_orellana.tbl_presupuesto_insumos
CREATE TABLE IF NOT EXISTS `tbl_presupuesto_insumos` (
  `idPresupuestoInsumo` int(11) NOT NULL AUTO_INCREMENT,
  `idPresupuesto` int(11) NOT NULL,
  `idInsumo` int(11) NOT NULL,
  `precioInsumo` decimal(9,2) NOT NULL,
  `cantidadInsumo` int(11) NOT NULL,
  `fechaInsumo` date NOT NULL,
  PRIMARY KEY (`idPresupuestoInsumo`),
  KEY `idPresupuesto` (`idPresupuesto`),
  KEY `idInsumo` (`idInsumo`),
  CONSTRAINT `tbl_presupuesto_insumos_ibfk_2` FOREIGN KEY (`idPresupuesto`) REFERENCES `tbl_presupuesto` (`idPresupuesto`) ON DELETE NO ACTION ON UPDATE NO ACTION
) ENGINE=InnoDB AUTO_INCREMENT=64 DEFAULT CHARSET=utf8 COLLATE=utf8_spanish_ci;

-- Volcando datos para la tabla db_hospital_orellana.tbl_presupuesto_insumos: ~36 rows (aproximadamente)
INSERT INTO `tbl_presupuesto_insumos` (`idPresupuestoInsumo`, `idPresupuesto`, `idInsumo`, `precioInsumo`, `cantidadInsumo`, `fechaInsumo`) VALUES
	(1, 1, 2, 7.50, 1, '2021-06-19'),
	(2, 1, 3, 0.10, 1, '2021-06-19'),
	(4, 1, 5, 0.53, 1, '2021-06-19'),
	(5, 2, 672, 4.50, 1, '2021-06-29'),
	(6, 2, 808, 20.00, 1, '2021-06-29'),
	(7, 2, 687, 8.00, 1, '2021-06-29'),
	(8, 1, 856, 80.00, 1, '2021-06-19'),
	(12, 1, 406, 10.00, 2, '2021-06-19'),
	(15, 2, 2, 7.50, 1, '2021-06-29'),
	(21, 1, 3, 0.10, 1, '2021-06-19'),
	(23, 3, 3, 0.10, 1, '2021-07-10'),
	(24, 3, 2, 7.50, 1, '2021-07-10'),
	(25, 3, 5, 0.53, 1, '2021-07-10'),
	(26, 3, 253, 303.96, 1, '2021-07-10'),
	(38, 4, 4, 0.78, 1, '2021-10-29'),
	(39, 4, 5, 0.53, 5, '2021-10-29'),
	(41, 4, 6, 19.48, 1, '2021-10-29'),
	(42, 5, 2, 7.50, 1, '2022-01-11'),
	(43, 5, 253, 303.96, 1, '2022-01-11'),
	(44, 5, 558, 15.00, 1, '2022-01-11'),
	(45, 5, 546, 30.00, 1, '2022-01-11'),
	(46, 5, 559, 30.00, 1, '2022-01-11'),
	(47, 5, 657, 4.00, 1, '2022-01-11'),
	(48, 5, 398, 5.00, 1, '2022-01-11'),
	(49, 5, 269, 2.10, 1, '2022-01-11'),
	(50, 5, 271, 2.10, 1, '2022-01-11'),
	(51, 5, 418, 10.00, 1, '2022-01-11'),
	(52, 5, 283, 0.70, 1, '2022-01-11'),
	(53, 6, 2, 7.50, 1, '2023-06-27'),
	(54, 6, 3, 0.10, 1, '2023-06-27'),
	(58, 6, 4, 0.78, 1, '2023-06-27'),
	(59, 6, 5, 0.53, 1, '2023-06-27'),
	(60, 6, 6, 19.48, 1, '2023-06-27'),
	(61, 6, 1, 5.24, 1, '2023-06-27'),
	(62, 7, 742, 15.00, 1, '2023-12-04'),
	(63, 7, 854, 23.00, 1, '2023-12-04');

-- Volcando estructura para tabla db_hospital_orellana.tbl_procedimientos_salas
CREATE TABLE IF NOT EXISTS `tbl_procedimientos_salas` (
  `idProcedimiento` int(11) NOT NULL AUTO_INCREMENT,
  `idHoja` int(11) NOT NULL,
  `idPaciente` int(11) NOT NULL,
  `procedimientoSala` text NOT NULL,
  `fechaProcedimiento` date NOT NULL,
  `horaProcedimiento` text NOT NULL,
  `estadoProcedimiento` int(11) NOT NULL DEFAULT 1,
  `creadoProcedimiento` timestamp NOT NULL DEFAULT current_timestamp(),
  PRIMARY KEY (`idProcedimiento`)
) ENGINE=InnoDB AUTO_INCREMENT=11 DEFAULT CHARSET=utf8mb4 COLLATE=utf8mb4_general_ci;

-- Volcando datos para la tabla db_hospital_orellana.tbl_procedimientos_salas: ~8 rows (aproximadamente)
INSERT INTO `tbl_procedimientos_salas` (`idProcedimiento`, `idHoja`, `idPaciente`, `procedimientoSala`, `fechaProcedimiento`, `horaProcedimiento`, `estadoProcedimiento`, `creadoProcedimiento`) VALUES
	(1, 142, 111, '', '2023-10-03', '02:29:20 PM', 0, '2023-10-03 20:29:20'),
	(2, 144, 112, '', '2023-10-10', '11:24:51 AM', 0, '2023-10-10 17:24:51'),
	(3, 145, 113, '', '2023-10-11', '02:30:06 PM', 0, '2023-10-11 20:30:06'),
	(4, 154, 117, '', '2023-10-17', '11:25:19 AM', 1, '2023-10-17 17:25:19'),
	(5, 157, 5, ' Procedimiento de ejemplo', '2023-10-19', '10:35:56 AM', 1, '2023-10-19 16:35:56'),
	(6, 159, 119, ' Corte de pelo', '2023-10-19', '10:38:30 AM', 1, '2023-10-19 16:38:30'),
	(9, 158, 118, ' Corte de mano.', '2023-10-19', '03:39:25 PM', 1, '2023-10-19 21:39:25'),
	(10, 176, 124, ' HISTERECTOMIA', '2023-12-04', '11:38:49 AM', 1, '2023-12-04 17:38:49');

-- Volcando estructura para tabla db_hospital_orellana.tbl_proveedores
CREATE TABLE IF NOT EXISTS `tbl_proveedores` (
  `idProveedor` int(11) NOT NULL AUTO_INCREMENT,
  `codigoProveedor` varchar(15) NOT NULL,
  `empresaProveedor` varchar(50) NOT NULL,
  `propietarioProveedor` varchar(75) NOT NULL,
  `nrcProveedor` varchar(10) NOT NULL,
  `nitProveedor` varchar(50) NOT NULL,
  `telefonoProveedor` varchar(10) NOT NULL,
  `emailProveedor` varchar(50) NOT NULL,
  `direccionProveedor` text NOT NULL,
  PRIMARY KEY (`idProveedor`)
) ENGINE=InnoDB AUTO_INCREMENT=12 DEFAULT CHARSET=utf8 COLLATE=utf8_spanish_ci;

-- Volcando datos para la tabla db_hospital_orellana.tbl_proveedores: ~11 rows (aproximadamente)
INSERT INTO `tbl_proveedores` (`idProveedor`, `codigoProveedor`, `empresaProveedor`, `propietarioProveedor`, `nrcProveedor`, `nitProveedor`, `telefonoProveedor`, `emailProveedor`, `direccionProveedor`) VALUES
	(1, '1000', 'Hospital Orellana', 'UNION MEDICA S.A DE C.V.', '251022-0', '0614-240516-102-9', '2606-6673', 'info@hospitalorellana.com', 'Sexta Calle Oriente, #8 Usulután, El Salvador'),
	(2, '1001', 'Trolex Compañia Exterminadora, S.A. de C.V. ', 'Trolex Compañia Exterminadora, S.A. de C.V.', '000000-0', '0000-000000-000-0', '0000-0000', '', 'Usulután'),
	(3, '1002', 'Tipografia Cerna', 'Tipografia Cerna', '000000-0', '0000-000000-000-0', '0000-0000', '', 'Santiago de Maria, Usulután'),
	(4, '1003', 'Texaco Usulután', '', '000000-0', '0000-000000-000-0', '0000-0000', '', 'Usulután'),
	(5, '1004', 'Suplidores Diversos  S.A. de C.V.   ', '', '106040-6', '0000-000000-000-0', '2260-7463', '', 'Col. Toluca Poniente y Calle las Arboledas No. 21'),
	(6, '1005', 'SUMEM S.A DE C.V', '', '258188-0', '0000-000000-000-0', '0000-0000', '', 'San Miguel'),
	(7, '1006', 'Agua Alpina', '', '000000-0', '0000-000000-000-0', '0000-0000', '', 'Usulután'),
	(8, '1007', 'Laboratorio Olympus', '', '000000-0', '0000-000000-000-0', '0000-0000', '', 'Usulután'),
	(9, '1008', 'Farmacia San Rey', '', '000000-0', '0000-000000-000-0', '0000-0000', '', 'Usulután'),
	(10, '1009', 'DROGUERIA COMERCIAL SALVADOREÑA S.A DE C.V', '', '31677-6', '0614-100784-001-0', '2212-7200', '', 'ANTIGUO CUSCATLAN, LA LIBERTAD'),
	(11, '1010', 'FARMACIA AMANECER', '', '101097', '1123-019917-809-2', '7812-9000', '', 'SAN SALVADOR ');

-- Volcando estructura para tabla db_hospital_orellana.tbl_quimica_clinica
CREATE TABLE IF NOT EXISTS `tbl_quimica_clinica` (
  `idQuimicaClinica` int(11) NOT NULL AUTO_INCREMENT,
  `examenSolicitado` int(11) NOT NULL,
  `sodioQuimicaClinica` varchar(25) NOT NULL,
  `potasioQuimicaClinica` varchar(25) NOT NULL,
  `cloroQuimicaClinica` varchar(25) NOT NULL,
  `magnesioQuimicaClinica` varchar(25) NOT NULL,
  `fosforoQuimicaClinica` varchar(25) NOT NULL,
  `cpkTQuimicaClinica` varchar(25) NOT NULL,
  `cpkMbQuimicaClinica` varchar(25) NOT NULL,
  `ldhQuimicaClinica` varchar(25) NOT NULL,
  `creatininaQuimicaClinica` varchar(25) NOT NULL,
  `troponinaQuimicaClinica` varchar(25) NOT NULL,
  `comentariosQuimicaClinica` varchar(25) NOT NULL,
  `fechaQuimicaClinica` timestamp NOT NULL DEFAULT current_timestamp(),
  PRIMARY KEY (`idQuimicaClinica`)
) ENGINE=InnoDB AUTO_INCREMENT=6 DEFAULT CHARSET=utf8 COLLATE=utf8_spanish_ci;

-- Volcando datos para la tabla db_hospital_orellana.tbl_quimica_clinica: ~3 rows (aproximadamente)
INSERT INTO `tbl_quimica_clinica` (`idQuimicaClinica`, `examenSolicitado`, `sodioQuimicaClinica`, `potasioQuimicaClinica`, `cloroQuimicaClinica`, `magnesioQuimicaClinica`, `fosforoQuimicaClinica`, `cpkTQuimicaClinica`, `cpkMbQuimicaClinica`, `ldhQuimicaClinica`, `creatininaQuimicaClinica`, `troponinaQuimicaClinica`, `comentariosQuimicaClinica`, `fechaQuimicaClinica`) VALUES
	(1, 865, 'sodio', 'potasio', 'cloro', 'magnesio', 'fosforo', 'cpk total', 'cpk mb', 'ldh', 'creatinina', 'troponina', 'Comentarios', '2021-08-17 16:02:01'),
	(4, 676, '1', '5', '1', '1', '1', '1', '1', '1', '1', '1', 'This is a test now', '2021-10-11 18:21:21'),
	(5, 657, '4', '4', '4', '4', '44', '4', '4', '4', '4', '44', '4', '2021-10-11 21:43:07');

-- Volcando estructura para tabla db_hospital_orellana.tbl_quimica_sanguinea
CREATE TABLE IF NOT EXISTS `tbl_quimica_sanguinea` (
  `idQuimicaSanguinea` int(11) NOT NULL AUTO_INCREMENT,
  `examenSolicitado` int(11) NOT NULL,
  `glucosaQS` varchar(25) NOT NULL,
  `posprandialQS` varchar(25) NOT NULL,
  `colesterolQS` varchar(25) NOT NULL,
  `colesterolHDLQS` varchar(25) NOT NULL,
  `colesterolLDLQS` varchar(25) NOT NULL,
  `trigliceridosQS` varchar(25) NOT NULL,
  `acidoUricoQS` varchar(25) NOT NULL,
  `ureaQS` varchar(25) NOT NULL,
  `nitrogenoQS` varchar(25) NOT NULL,
  `creatininaQS` varchar(25) NOT NULL,
  `amilasaQS` varchar(25) NOT NULL,
  `lipasaQS` varchar(25) NOT NULL,
  `fosfatasaQS` varchar(25) NOT NULL,
  `tgpQS` varchar(25) NOT NULL,
  `tgoQS` varchar(25) NOT NULL,
  `hba1cQS` varchar(25) NOT NULL,
  `proteinaTotalQS` varchar(25) NOT NULL,
  `albuminaQS` varchar(25) NOT NULL,
  `globulinaQS` varchar(25) NOT NULL,
  `relacionAGQS` varchar(25) NOT NULL,
  `bilirrubinaTQS` varchar(25) NOT NULL,
  `bilirrubinaDQS` varchar(25) NOT NULL,
  `bilirrubinaIQS` varchar(25) NOT NULL,
  `sodioQuimicaClinica` varchar(25) NOT NULL,
  `potasioQuimicaClinica` varchar(25) NOT NULL,
  `cloroQuimicaClinica` varchar(25) NOT NULL,
  `magnesioQuimicaClinica` varchar(25) NOT NULL,
  `calcioQuimicaClinica` varchar(25) NOT NULL,
  `fosforoQuimicaClinica` varchar(25) NOT NULL,
  `cpkTQuimicaClinica` varchar(25) NOT NULL,
  `cpkMbQuimicaClinica` varchar(25) NOT NULL,
  `ldhQuimicaClinica` varchar(25) NOT NULL,
  `troponinaQuimicaClinica` varchar(25) NOT NULL,
  `notaQS` text NOT NULL,
  `fechaQS` timestamp NOT NULL DEFAULT current_timestamp(),
  PRIMARY KEY (`idQuimicaSanguinea`)
) ENGINE=InnoDB AUTO_INCREMENT=37 DEFAULT CHARSET=utf8 COLLATE=utf8_spanish_ci;

-- Volcando datos para la tabla db_hospital_orellana.tbl_quimica_sanguinea: ~21 rows (aproximadamente)
INSERT INTO `tbl_quimica_sanguinea` (`idQuimicaSanguinea`, `examenSolicitado`, `glucosaQS`, `posprandialQS`, `colesterolQS`, `colesterolHDLQS`, `colesterolLDLQS`, `trigliceridosQS`, `acidoUricoQS`, `ureaQS`, `nitrogenoQS`, `creatininaQS`, `amilasaQS`, `lipasaQS`, `fosfatasaQS`, `tgpQS`, `tgoQS`, `hba1cQS`, `proteinaTotalQS`, `albuminaQS`, `globulinaQS`, `relacionAGQS`, `bilirrubinaTQS`, `bilirrubinaDQS`, `bilirrubinaIQS`, `sodioQuimicaClinica`, `potasioQuimicaClinica`, `cloroQuimicaClinica`, `magnesioQuimicaClinica`, `calcioQuimicaClinica`, `fosforoQuimicaClinica`, `cpkTQuimicaClinica`, `cpkMbQuimicaClinica`, `ldhQuimicaClinica`, `troponinaQuimicaClinica`, `notaQS`, `fechaQS`) VALUES
	(1, 726, '1', '', '2', '5', '3', '4', '6', '7', '8', '9', '0', '1', '2', '3', '4', '5', '6', '7', '8', '9', '0', '1', '2', '', '', '', '', '', '', '', '', '', '', 'Mucho menos we...', '2021-08-17 20:20:18'),
	(4, 865, 'a', '', 'b', 'c', 'd', 'e', 'f', 'g', 'h', 'i', 'j', 'k', 'l', 'm', 'n', 'o', 'p', 'q', 'r', 's', 't', 'u', 'v', '', '', '', '', '', '', '', '', '', '', 'wxyz', '2021-08-19 17:16:51'),
	(5, 672, '1', '', '1', '1', '1', '1', '1', '1', '11', '1', '1', '1', '1', '2', '2', '2', '22', '2', '2', '2', '2', '2', '2', '', '', '', '', '', '', '', '', '', '', 'This is a test now', '2021-10-11 20:18:38'),
	(9, 688, '1', '', '', '', '2', '', '3', '4', '', '', '', '', '', '', '', '', '', '', '', '', '', '', '', '', '', '', '5.1', '6.1', '7.1', '', '', '', '', 'This is a test', '2021-10-15 15:13:51'),
	(10, 688, '1', '', '1', '1', '1', '1', '11', '1', '1', '11', '1', '1', '1', '1', '1', '1', '11', '1', '1', '1', '1', '1', '1', '11', '1', '1', '1', '1', '1', '1', '1', '1', '1', 'This is a test', '2021-10-15 16:28:55'),
	(11, 688, '1', '', '2', '4', '', '3', '', '5', '6', '7', '', '', '8', '', '', '', '', '', '', '', '', '', '', '', '', '', '', '', '', '', '', '', '', '', '2021-10-21 20:21:50'),
	(12, 688, '1', '2', '3', '', '', '4', '5', '', '', '', '', '', '', '', '', '', '', '', '', '', '', '', '', '', '', '', '', '', '', '', '', '', '', '', '2022-06-08 14:45:16'),
	(14, 1060, '', '', '', '', '', '', '', '', '', '', '', '', '', '', '', '', '', '', '', '', '', '', '', '', '0.5', '', '', '', '', '', '', '', '', '', '2022-06-11 16:06:24'),
	(15, 1060, '', '', '', '', '', '', '', '', '', '', '', '', '', '', '', '', '', '', '', '', '', '', '', '', '0.6', '', '', '', '', '', '', '', '', '', '2022-06-11 16:07:51'),
	(16, 1060, '', '', '', '', '', '', '', '', '', '', '', '', '', '', '', '', '', '', '', '', '', '', '', '', '7', '', '', '', '', '', '', '', '', '', '2022-06-11 16:15:01'),
	(17, 1060, '', '', '', '', '', '', '', '', '', '', '', '', '', '', '', '', '', '', '', '', '', '', '', '', '7', '', '', '', '', '', '', '', '', '', '2022-06-11 16:17:44'),
	(18, 1060, '', '', '', '', '', '', '', '', '', '', '', '', '', '', '', '', '', '', '', '', '', '', '', '', '7', '', '', '', '', '', '', '', '', '', '2022-06-11 16:19:02'),
	(19, 1060, '', '', '', '', '', '', '', '', '', '', '', '', '', '', '', '', '', '', '', '', '', '', '', '', '7', '', '', '', '', '', '', '', '', '', '2022-06-11 16:23:25'),
	(20, 1060, '', '', '', '', '', '', '', '', '', '', '', '', '', '', '', '', '', '', '', '', '', '', '', '', '7', '', '', '', '', '', '', '', '', '', '2022-06-11 16:24:10'),
	(21, 679, '', '', '', '', '', '', '', '', '', '', '', '', '', '', '', '', '', '', '', '', '', '', '', '4', '8', '9', '', '', '', '', '', '', '', '', '2022-06-11 16:26:07'),
	(24, 688, '1', '', '', '', '', '', '', '', '', '', '', '', '', '', '', '', '', '', '', '', '', '', '', '', '1', '1', '', '', '', '', '', '', '', '', '2022-06-11 16:55:16'),
	(32, 689, '', '2', '', '', '', '', '', '', '', '', '', '', '', '', '', '', '', '', '', '', '', '', '', '', '', '', '', '', '', '', '', '', '', '', '2022-07-25 17:07:53'),
	(33, 666, '', '', '1', '1', '', '1', '', '', '', '', '', '', '', '', '', '', '', '', '', '', '1', '1', '1', '', '', '', '', '', '', '', '', '', '', '', '2022-08-16 21:45:52'),
	(34, 666, '', '', '1', '1', '', '1', '', '', '', '', '', '', '', '', '', '', '', '', '', '', '1', '1', '1', '', '', '', '', '', '', '', '', '', '', '', '2022-08-16 21:46:25'),
	(35, 688, '1', '', '', '', '', '', '', '', '', '', '', '', '', '', '', '', '', '', '', '', '', '', '', '', '', '', '', '', '', '', '', '', '', '', '2023-12-04 14:11:33'),
	(36, 688, '1', '1', '1', '', '', '1', '', '1', '', '1', '', '', '', '', '', '', '', '', '', '', '', '', '', '', '', '', '', '', '', '', '', '', '', '', '2023-12-22 14:34:30');

-- Volcando estructura para tabla db_hospital_orellana.tbl_reintegros_stocks
CREATE TABLE IF NOT EXISTS `tbl_reintegros_stocks` (
  `idReintegro` int(11) NOT NULL AUTO_INCREMENT,
  `idStock` int(11) NOT NULL,
  `idInsumo` int(11) NOT NULL,
  `cantidadInsumo` int(11) NOT NULL,
  `fechaReintegro` timestamp NOT NULL DEFAULT current_timestamp(),
  PRIMARY KEY (`idReintegro`)
) ENGINE=InnoDB AUTO_INCREMENT=16 DEFAULT CHARSET=utf8mb4 COLLATE=utf8mb4_general_ci;

-- Volcando datos para la tabla db_hospital_orellana.tbl_reintegros_stocks: ~15 rows (aproximadamente)
INSERT INTO `tbl_reintegros_stocks` (`idReintegro`, `idStock`, `idInsumo`, `cantidadInsumo`, `fechaReintegro`) VALUES
	(1, 1, 360, 3, '2023-12-13 20:18:41'),
	(2, 1, 88, 2, '2023-12-13 20:18:41'),
	(3, 1, 191, 1, '2023-12-13 20:18:41'),
	(4, 1, 173, 1, '2023-12-13 20:18:41'),
	(5, 1, 360, 3, '2023-12-14 16:24:50'),
	(6, 1, 88, 2, '2023-12-14 16:24:50'),
	(7, 1, 191, 1, '2023-12-14 16:24:50'),
	(8, 1, 173, 1, '2023-12-14 16:24:50'),
	(9, 1, 88, 2, '2023-12-14 17:56:46'),
	(10, 1, 191, 3, '2023-12-14 17:56:46'),
	(11, 1, 360, 1, '2023-12-14 18:09:00'),
	(12, 2, 360, 1, '2023-12-18 21:52:03'),
	(13, 3, 360, 2, '2023-12-18 21:52:17'),
	(14, 1, 360, 3, '2024-01-02 18:13:10'),
	(15, 2, 360, 2, '2024-01-02 18:31:26');

-- Volcando estructura para tabla db_hospital_orellana.tbl_responsables
CREATE TABLE IF NOT EXISTS `tbl_responsables` (
  `idResponsable` int(11) NOT NULL AUTO_INCREMENT,
  `idMenor` int(11) NOT NULL,
  `nombreResponsable` varchar(50) NOT NULL,
  `edadResponsable` int(11) NOT NULL,
  `telefonoResponsable` varchar(15) NOT NULL,
  `duiResponsable` varchar(15) NOT NULL,
  `profesionResponsable` text NOT NULL,
  `parentescoResponsable` varchar(15) NOT NULL,
  `direccionResponsable` text NOT NULL,
  `esResponsable` text NOT NULL,
  `pivoteResponsable` int(11) NOT NULL DEFAULT 0,
  `creadoResponsable` timestamp NOT NULL DEFAULT current_timestamp(),
  PRIMARY KEY (`idResponsable`)
) ENGINE=InnoDB AUTO_INCREMENT=26 DEFAULT CHARSET=utf8 COLLATE=utf8_spanish_ci;

-- Volcando datos para la tabla db_hospital_orellana.tbl_responsables: ~24 rows (aproximadamente)
INSERT INTO `tbl_responsables` (`idResponsable`, `idMenor`, `nombreResponsable`, `edadResponsable`, `telefonoResponsable`, `duiResponsable`, `profesionResponsable`, `parentescoResponsable`, `direccionResponsable`, `esResponsable`, `pivoteResponsable`, `creadoResponsable`) VALUES
	(1, 86, 'Doña Pogba', 41, '7895-6423', '12345897-8', 'Domestica', 'Mamá', 'Costa de Marfil', '', 0, '2023-05-26 16:48:48'),
	(2, 96, 'Marlene Perez', 38, '7895-6423', '11136589-5', 'Maestra', 'Mamá', 'Ozatlan', '', 0, '2023-06-27 22:22:41'),
	(3, 98, 'Marcos Alonso Funes', 50, '7845-9687', '12035669-8', 'Contador', 'Papá', 'Santiago de Maria, Usulutan', 'Hijo', 0, '2023-07-05 14:45:22'),
	(4, 97, 'Juan Antonio Campo', 0, '', '12348679-7', '', 'Hijo', '', '', 1, '2023-07-05 21:17:25'),
	(5, 58, 'Jorge Antonio Garcia', 55, '7864-3253', '05376125-1', 'Abogado', 'Padre', 'Santa maria, Usulutan', '', 1, '2023-07-06 21:11:31'),
	(6, 100, 'Kriscia Magarin', 0, '', '15428975-2', '', 'Tia', '', '', 1, '2023-07-10 16:01:30'),
	(7, 101, 'Favio Capello', 0, '', '14253698-7', '', 'Padrino', '', '', 1, '2023-07-25 21:49:32'),
	(8, 103, 'Francisca Flores', 25, '7584-2365', '12314546-7', 'Arquitecta', 'Mamá', 'Ciudad El Triunfo, Usulutan', 'Hijo', 0, '2023-07-25 21:52:24'),
	(9, 1, 'Jorge Antonio Garcia', 55, '7857-6843', '01523468-7', 'Abogado', 'Padre', 'Usulutan', '', 1, '2023-09-18 16:12:09'),
	(10, 1, 'Jorge Antonio Garcia', 55, '7541-6587', '02165798-6', 'Abogado', 'Padre', 'Usulutan', '', 1, '2023-09-18 16:13:01'),
	(11, 5, 'Jorge Antonio Garcia', 0, '7864-3253', '05376125-1', ' ', 'Padre', ' ', '', 1, '2023-09-18 16:52:40'),
	(12, 109, 'Maria Flores Beltran', 45, '7456-9813', '01245793-3', 'Ama de casa', 'Madre', 'Santa Maria, Usulutan', '', 1, '2023-09-19 14:59:34'),
	(13, 110, ' Zulma Concepcion Alvarado', 50, '2658-9232', '02341569-8', 'Maestra', 'Madre', 'Santiago de Maria', '', 1, '2023-09-19 15:15:10'),
	(14, 124, 'RAMON VLADIMIR GAMEZ HERNANDEZ', 0, '', '05238900-1', '', 'HERMANO', '', '', 1, '2023-12-04 17:39:58'),
	(15, 125, 'Marvin Cisneros', 0, '7896-5231', '12345678-1', ' ', 'Esposo', ' ', '', 1, '2024-02-20 14:51:55'),
	(16, 31, '-', 0, '0000-0000', '00000000-0', ' ', '-', ' ', '', 1, '2024-02-21 13:47:14'),
	(17, 126, 'Carla Rosales', 50, '7489-5623', '02659874-3', 'Doctora', 'Madre', ' Santa Elena, Usulutan', '', 1, '2024-02-22 15:07:03'),
	(18, 3, '', 0, '', '', ' ', '', ' ', '', 1, '2024-02-24 15:51:37'),
	(19, 127, ' ', 0, ' ', ' ', ' ', ' ', ' ', '', 1, '2024-02-26 14:10:02'),
	(20, 128, ' ', 0, ' ', ' ', ' ', ' ', ' ', '', 1, '2024-02-26 17:56:09'),
	(21, 129, 'Mart Isabel Herrera', 55, '7458-1236', '12354697-1', 'Maestra', 'Madre', 'San Salvador', '', 1, '2024-02-28 14:08:47'),
	(22, 130, ' ', 0, ' ', ' ', ' ', ' ', ' ', '', 1, '2024-02-29 21:37:47'),
	(23, 2, '', 0, '', '', '', '', '', '', 0, '2024-03-07 20:07:38'),
	(24, 15, '', 0, '', '', '', '', '', '', 1, '2024-03-07 20:46:16'),
	(25, 132, ' ', 0, ' ', ' ', ' ', ' ', ' ', '', 0, '2024-03-19 14:41:11');

-- Volcando estructura para tabla db_hospital_orellana.tbl_rx_archivados
CREATE TABLE IF NOT EXISTS `tbl_rx_archivados` (
  `idArchivado` int(11) NOT NULL AUTO_INCREMENT,
  `codigoArchivado` varchar(10) NOT NULL,
  `fechaArchivado` date NOT NULL,
  `nombrePaciente` varchar(50) NOT NULL,
  `perteneceArchivo` int(11) NOT NULL,
  `secuenciaArchivado` int(11) NOT NULL,
  `estadoArchivado` int(11) NOT NULL DEFAULT 1,
  `creadoArchivo` timestamp NOT NULL DEFAULT current_timestamp(),
  PRIMARY KEY (`idArchivado`)
) ENGINE=InnoDB AUTO_INCREMENT=2 DEFAULT CHARSET=utf8mb4 COLLATE=utf8mb4_general_ci;

-- Volcando datos para la tabla db_hospital_orellana.tbl_rx_archivados: ~0 rows (aproximadamente)
INSERT INTO `tbl_rx_archivados` (`idArchivado`, `codigoArchivado`, `fechaArchivado`, `nombrePaciente`, `perteneceArchivo`, `secuenciaArchivado`, `estadoArchivado`, `creadoArchivo`) VALUES
	(1, 'HO-1', '2024-04-01', 'Maria del Transito Carcamo', 1, 1, 1, '2024-04-01 16:22:31');

-- Volcando estructura para tabla db_hospital_orellana.tbl_salidas_hemo
CREATE TABLE IF NOT EXISTS `tbl_salidas_hemo` (
  `idCuenta` int(11) NOT NULL AUTO_INCREMENT,
  `fechaCuenta` date NOT NULL,
  `estadoCuenta` int(11) NOT NULL DEFAULT 1,
  `cuentaCreada` timestamp NOT NULL DEFAULT current_timestamp(),
  PRIMARY KEY (`idCuenta`)
) ENGINE=InnoDB AUTO_INCREMENT=3 DEFAULT CHARSET=utf8 COLLATE=utf8_spanish_ci;

-- Volcando datos para la tabla db_hospital_orellana.tbl_salidas_hemo: ~2 rows (aproximadamente)
INSERT INTO `tbl_salidas_hemo` (`idCuenta`, `fechaCuenta`, `estadoCuenta`, `cuentaCreada`) VALUES
	(1, '2022-09-23', 1, '2022-09-23 15:32:01'),
	(2, '2023-06-05', 1, '2023-06-05 14:34:39');

-- Volcando estructura para tabla db_hospital_orellana.tbl_salidas_limpieza
CREATE TABLE IF NOT EXISTS `tbl_salidas_limpieza` (
  `idCuenta` int(11) NOT NULL AUTO_INCREMENT,
  `fechaCuenta` date NOT NULL,
  `estadoCuenta` int(11) NOT NULL DEFAULT 1,
  `cuentaCreada` timestamp NOT NULL DEFAULT current_timestamp(),
  PRIMARY KEY (`idCuenta`)
) ENGINE=InnoDB AUTO_INCREMENT=6 DEFAULT CHARSET=utf8 COLLATE=utf8_spanish_ci;

-- Volcando datos para la tabla db_hospital_orellana.tbl_salidas_limpieza: ~5 rows (aproximadamente)
INSERT INTO `tbl_salidas_limpieza` (`idCuenta`, `fechaCuenta`, `estadoCuenta`, `cuentaCreada`) VALUES
	(1, '2022-08-29', 0, '2022-08-29 14:00:41'),
	(2, '2022-08-31', 0, '2022-08-31 18:21:05'),
	(3, '2022-09-02', 0, '2022-09-02 14:31:14'),
	(4, '2022-09-23', 0, '2022-09-23 15:30:41'),
	(5, '2023-05-30', 1, '2023-05-30 19:52:15');

-- Volcando estructura para tabla db_hospital_orellana.tbl_sanguineo
CREATE TABLE IF NOT EXISTS `tbl_sanguineo` (
  `idSanguineo` int(11) NOT NULL AUTO_INCREMENT,
  `examenSolicitado` int(11) NOT NULL,
  `muestraSanguineo` varchar(25) NOT NULL,
  `grupoSanguineo` varchar(25) NOT NULL,
  `factorSanguineo` varchar(25) NOT NULL,
  `duSanguineo` varchar(25) NOT NULL,
  `fechaSanguineo` timestamp NOT NULL DEFAULT current_timestamp(),
  PRIMARY KEY (`idSanguineo`)
) ENGINE=InnoDB AUTO_INCREMENT=15 DEFAULT CHARSET=utf8 COLLATE=utf8_spanish_ci;

-- Volcando datos para la tabla db_hospital_orellana.tbl_sanguineo: ~8 rows (aproximadamente)
INSERT INTO `tbl_sanguineo` (`idSanguineo`, `examenSolicitado`, `muestraSanguineo`, `grupoSanguineo`, `factorSanguineo`, `duSanguineo`, `fechaSanguineo`) VALUES
	(4, 866, 'muestra', 'sanguineo', 'factor', 'du', '2021-08-17 14:54:57'),
	(6, 866, 'muestra', 'sanguineo', 'factor', 'du', '2021-08-19 16:06:08'),
	(8, 724, 'Sangre', 'for', 'se', 'se', '2021-10-11 18:35:04'),
	(9, 724, 'Sangre', 'O', 'POSITIVO', '', '2021-10-14 17:52:40'),
	(10, 724, 'Sangre', '1', '1', '1', '2021-10-15 16:26:07'),
	(12, 724, 'Sangre', 'RH', 'Positivo', '', '2022-06-09 20:09:33'),
	(13, 724, 'Sangre', '1', '1', '1', '2023-12-04 14:10:46'),
	(14, 724, 'Sangre', '1', '1', '1', '2023-12-05 21:48:33');

-- Volcando estructura para tabla db_hospital_orellana.tbl_seguros
CREATE TABLE IF NOT EXISTS `tbl_seguros` (
  `idSeguro` int(11) NOT NULL AUTO_INCREMENT,
  `nombreSeguro` varchar(25) NOT NULL,
  `porcentajeSeguro` decimal(9,2) NOT NULL,
  `estadoSeguro` int(11) NOT NULL DEFAULT 1,
  `agregadoSeguro` timestamp NOT NULL DEFAULT current_timestamp(),
  PRIMARY KEY (`idSeguro`)
) ENGINE=InnoDB AUTO_INCREMENT=10 DEFAULT CHARSET=utf8 COLLATE=utf8_spanish_ci;

-- Volcando datos para la tabla db_hospital_orellana.tbl_seguros: ~9 rows (aproximadamente)
INSERT INTO `tbl_seguros` (`idSeguro`, `nombreSeguro`, `porcentajeSeguro`, `estadoSeguro`, `agregadoSeguro`) VALUES
	(1, 'Ninguno', 0.00, 1, '0000-00-00 00:00:00'),
	(2, 'Abank', 20.00, 1, '0000-00-00 00:00:00'),
	(3, 'Mapfre', 20.00, 1, '0000-00-00 00:00:00'),
	(4, 'Mi Red', 20.00, 1, '0000-00-00 00:00:00'),
	(5, 'Paligmed', 20.00, 1, '0000-00-00 00:00:00'),
	(6, 'RPN', 20.00, 1, '0000-00-00 00:00:00'),
	(7, 'El tercio', 0.00, 1, '0000-00-00 00:00:00'),
	(8, 'ISSS', 0.00, 1, '0000-00-00 00:00:00'),
	(9, 'Empleados', -25.00, 1, '2023-09-26 14:53:50');

-- Volcando estructura para tabla db_hospital_orellana.tbl_stocks
CREATE TABLE IF NOT EXISTS `tbl_stocks` (
  `idStock` int(11) NOT NULL AUTO_INCREMENT,
  `nombreStock` varchar(25) NOT NULL,
  `nivelStock` varchar(15) NOT NULL,
  `descripcionStock` text NOT NULL,
  `creadoStock` timestamp NOT NULL DEFAULT current_timestamp(),
  PRIMARY KEY (`idStock`)
) ENGINE=InnoDB AUTO_INCREMENT=6 DEFAULT CHARSET=utf8mb4 COLLATE=utf8mb4_general_ci;

-- Volcando datos para la tabla db_hospital_orellana.tbl_stocks: ~5 rows (aproximadamente)
INSERT INTO `tbl_stocks` (`idStock`, `nombreStock`, `nivelStock`, `descripcionStock`, `creadoStock`) VALUES
	(1, 'Caja de Paro 1', 'Nivel 1', 'Medicamentos para emergencias en el nivel 1.', '2023-12-08 16:44:00'),
	(2, 'Caja de Paro 2', 'Nivel 2', 'Medicamentos para emergencias en el nivel 2.', '2023-12-09 14:33:19'),
	(3, 'Caja de Paro 3', 'Nivel 3', 'Medicamentos para emergencias en el nivel 3.', '2023-12-12 15:06:53'),
	(4, 'Caja de Paro 4', 'Nivel 4', 'Medicamentos para emergencias en el nivel 4.', '2023-12-18 21:24:49'),
	(5, 'Emergencia', 'Nivel 1', 'Stock asignado al nivel 1.', '2023-12-18 21:25:50');

-- Volcando estructura para tabla db_hospital_orellana.tbl_tipo_consulta_lab
CREATE TABLE IF NOT EXISTS `tbl_tipo_consulta_lab` (
  `idTipoConsultaLab` int(11) NOT NULL AUTO_INCREMENT,
  `nombreTipoConsultaLab` varchar(25) NOT NULL,
  `agregadoTipoConsultaLab` timestamp NOT NULL DEFAULT current_timestamp(),
  PRIMARY KEY (`idTipoConsultaLab`)
) ENGINE=InnoDB AUTO_INCREMENT=5 DEFAULT CHARSET=utf8 COLLATE=utf8_spanish_ci;

-- Volcando datos para la tabla db_hospital_orellana.tbl_tipo_consulta_lab: ~4 rows (aproximadamente)
INSERT INTO `tbl_tipo_consulta_lab` (`idTipoConsultaLab`, `nombreTipoConsultaLab`, `agregadoTipoConsultaLab`) VALUES
	(1, 'Hospital Orellana', '2023-07-17 16:10:26'),
	(2, 'ISBM', '2023-07-17 16:10:26'),
	(3, 'Clínica Urológica', '2023-07-17 16:10:26'),
	(4, 'ISSS', '2023-07-17 16:10:26');

-- Volcando estructura para tabla db_hospital_orellana.tbl_tipo_gasto
CREATE TABLE IF NOT EXISTS `tbl_tipo_gasto` (
  `idTipoGasto` int(11) NOT NULL AUTO_INCREMENT,
  `nombreTipoGasto` varchar(50) NOT NULL,
  PRIMARY KEY (`idTipoGasto`)
) ENGINE=InnoDB AUTO_INCREMENT=5 DEFAULT CHARSET=utf8 COLLATE=utf8_spanish_ci;

-- Volcando datos para la tabla db_hospital_orellana.tbl_tipo_gasto: ~4 rows (aproximadamente)
INSERT INTO `tbl_tipo_gasto` (`idTipoGasto`, `nombreTipoGasto`) VALUES
	(1, 'Crédito fiscal inventariado'),
	(2, 'Crédito fiscal gasto'),
	(3, 'Gasto facturado'),
	(4, 'Gasto no facturado');

-- Volcando estructura para tabla db_hospital_orellana.tbl_tiroideas_libres
CREATE TABLE IF NOT EXISTS `tbl_tiroideas_libres` (
  `idTiroideaLibre` int(11) NOT NULL AUTO_INCREMENT,
  `examenSolicitado` int(11) NOT NULL,
  `muestraTiroideaLibre` varchar(25) NOT NULL,
  `t3TiroideaLibre` varchar(25) NOT NULL,
  `t4TiroideaLibre` varchar(25) NOT NULL,
  `tshTiroideaLibre` varchar(25) NOT NULL,
  `tshTiroideaLibreU` varchar(25) NOT NULL,
  `observacionTiroideaLibre` text NOT NULL,
  `fechaTiroideaLibre` timestamp NOT NULL DEFAULT current_timestamp(),
  PRIMARY KEY (`idTiroideaLibre`)
) ENGINE=InnoDB AUTO_INCREMENT=16 DEFAULT CHARSET=utf8 COLLATE=utf8_spanish_ci;

-- Volcando datos para la tabla db_hospital_orellana.tbl_tiroideas_libres: ~8 rows (aproximadamente)
INSERT INTO `tbl_tiroideas_libres` (`idTiroideaLibre`, `examenSolicitado`, `muestraTiroideaLibre`, `t3TiroideaLibre`, `t4TiroideaLibre`, `tshTiroideaLibre`, `tshTiroideaLibreU`, `observacionTiroideaLibre`, `fechaTiroideaLibre`) VALUES
	(1, 694, 'muestra', 't3', 't4', 'tsh', '', 'Observaciones', '2021-08-20 22:22:52'),
	(3, 868, 'Suero', '2.5', '1.2', '0.89', '', 'Ninguna', '2021-08-25 14:29:37'),
	(4, 869, 'Suero', '2.5', '1.4', '2.3', '', 'This is a test update', '2021-10-13 15:41:24'),
	(6, 870, 'Suero', 'test', 'test', 'test', '', 'This is a test', '2021-10-15 16:30:53'),
	(7, 870, 'Suero', '1.5', '1.9', '1.65', '', 'Testing', '2021-12-02 14:51:52'),
	(13, 870, 'Suero', '1', '1', '1', '1', '1', '2022-08-13 16:47:24'),
	(14, 870, 'Suero', '1', '1', '1', '1', '1', '2023-12-04 14:12:34'),
	(15, 870, 'Suero', '1', '1', '1', '1', '1111', '2024-02-29 21:44:08');

-- Volcando estructura para tabla db_hospital_orellana.tbl_tiroideas_totales
CREATE TABLE IF NOT EXISTS `tbl_tiroideas_totales` (
  `idTiroideaTotal` int(11) NOT NULL AUTO_INCREMENT,
  `examenSolicitado` int(11) NOT NULL,
  `muestraTiroideaTotal` varchar(25) NOT NULL,
  `t3TiroideaTotal` varchar(25) NOT NULL,
  `t4TiroideaTotal` varchar(25) NOT NULL,
  `tshTiroideaTotal` varchar(25) NOT NULL,
  `observacionTiroideaTotal` text NOT NULL,
  `fechaTiroideaTotal` timestamp NOT NULL DEFAULT current_timestamp(),
  PRIMARY KEY (`idTiroideaTotal`)
) ENGINE=InnoDB AUTO_INCREMENT=16 DEFAULT CHARSET=utf8 COLLATE=utf8_spanish_ci;

-- Volcando datos para la tabla db_hospital_orellana.tbl_tiroideas_totales: ~8 rows (aproximadamente)
INSERT INTO `tbl_tiroideas_totales` (`idTiroideaTotal`, `examenSolicitado`, `muestraTiroideaTotal`, `t3TiroideaTotal`, `t4TiroideaTotal`, `tshTiroideaTotal`, `observacionTiroideaTotal`, `fechaTiroideaTotal`) VALUES
	(1, 726, '1', '2', '3', '4', 'Observaciones 1234', '2021-08-21 15:36:13'),
	(3, 868, 'Suero', '1', '2', '3', 'This is a test update', '2021-10-13 15:49:19'),
	(5, 868, 'Suero', 'test', 'test', 'test', 'This is a test', '2021-10-15 16:31:16'),
	(6, 868, 'Suero', '1.55', '1.51', '1.59', 'Test', '2021-12-02 15:04:24'),
	(8, 868, 'Suero', '3', '2', '1', 'N/A', '2022-08-17 15:32:42'),
	(13, 868, 'Suero', '1', '1', '1', '1', '2023-09-01 14:14:26'),
	(14, 868, 'Suero', '1', '1', '', '1', '2023-09-01 18:08:13'),
	(15, 868, 'Suero', '1', '1', '1', '1', '2023-12-04 14:13:08');

-- Volcando estructura para tabla db_hospital_orellana.tbl_tolerancia_glucosa
CREATE TABLE IF NOT EXISTS `tbl_tolerancia_glucosa` (
  `idToleranciaGlucosa` int(11) NOT NULL AUTO_INCREMENT,
  `examenSolicitado` int(11) NOT NULL,
  `resultado1ToleranciaGlucosa` text NOT NULL,
  `hora1ToleranciaGlucosa` text NOT NULL,
  `resultado2ToleranciaGlucosa` text NOT NULL,
  `hora2ToleranciaGlucosa` text NOT NULL,
  `resultado3ToleranciaGlucosa` text NOT NULL,
  `hora3ToleranciaGlucosa` text NOT NULL,
  `resultado4ToleranciaGlucosa` text NOT NULL,
  `hora4ToleranciaGlucosa` text NOT NULL,
  `observacionToleranciaGlucosa` text NOT NULL,
  `parametroCarga` varchar(10) NOT NULL DEFAULT '75',
  `fechaToleranciaGlucosa` timestamp NOT NULL DEFAULT current_timestamp(),
  PRIMARY KEY (`idToleranciaGlucosa`)
) ENGINE=InnoDB AUTO_INCREMENT=10 DEFAULT CHARSET=utf8 COLLATE=utf8_spanish_ci;

-- Volcando datos para la tabla db_hospital_orellana.tbl_tolerancia_glucosa: ~4 rows (aproximadamente)
INSERT INTO `tbl_tolerancia_glucosa` (`idToleranciaGlucosa`, `examenSolicitado`, `resultado1ToleranciaGlucosa`, `hora1ToleranciaGlucosa`, `resultado2ToleranciaGlucosa`, `hora2ToleranciaGlucosa`, `resultado3ToleranciaGlucosa`, `hora3ToleranciaGlucosa`, `resultado4ToleranciaGlucosa`, `hora4ToleranciaGlucosa`, `observacionToleranciaGlucosa`, `parametroCarga`, `fechaToleranciaGlucosa`) VALUES
	(1, 662, '1', '11:09 AM', '2', '12:09 PM', '3', '01:09 PM', '4', '02:09 PM', 'Primera prueba', '75', '2022-06-20 20:12:25'),
	(6, 662, '60', '11:06 AM', '50', '12:06 PM', '100', '01:06 PM', '', '02:06 PM', '', '75', '2022-08-29 20:07:19'),
	(7, 662, '70', '11:21 AM', '150', '12:21 PM', '100', '01:21 PM', '', '02:21 PM', '', '100', '2022-08-29 20:21:59'),
	(8, 662, '5', '06:45 AM', '4', '07:45 AM', '6', '08:45 AM', '4', '09:45 AM', 'N/A', '75', '2023-12-02 15:45:37');

-- Volcando estructura para tabla db_hospital_orellana.tbl_toxoplasma
CREATE TABLE IF NOT EXISTS `tbl_toxoplasma` (
  `idToxoplasma` int(11) NOT NULL AUTO_INCREMENT,
  `examenSolicitado` int(11) NOT NULL,
  `iggToxoplasma` varchar(25) NOT NULL,
  `igmToxoplasma` varchar(25) NOT NULL,
  `observacionesToxoplasma` text NOT NULL,
  `fechaToxoplasma` datetime NOT NULL DEFAULT current_timestamp(),
  PRIMARY KEY (`idToxoplasma`)
) ENGINE=InnoDB AUTO_INCREMENT=5 DEFAULT CHARSET=utf8 COLLATE=utf8_spanish_ci;

-- Volcando datos para la tabla db_hospital_orellana.tbl_toxoplasma: ~4 rows (aproximadamente)
INSERT INTO `tbl_toxoplasma` (`idToxoplasma`, `examenSolicitado`, `iggToxoplasma`, `igmToxoplasma`, `observacionesToxoplasma`, `fechaToxoplasma`) VALUES
	(1, 1087, '1', '2', '3', '2022-08-08 08:46:04'),
	(2, 1087, '2', '2', 'N/A', '2023-12-02 09:49:54'),
	(3, 1087, '5', '5', 'N/A', '2023-12-02 09:50:52'),
	(4, 1087, '1', '1', '1', '2023-12-04 08:36:42');

-- Volcando estructura para tabla db_hospital_orellana.tbl_uso_reactivos
CREATE TABLE IF NOT EXISTS `tbl_uso_reactivos` (
  `idUsoReactivo` int(11) NOT NULL AUTO_INCREMENT,
  `idReactivo` int(11) NOT NULL,
  `cantidadReactivo` decimal(9,2) NOT NULL,
  `filaPivote` int(11) NOT NULL DEFAULT 0,
  `pivoteTabla` int(11) NOT NULL DEFAULT 0,
  `fechaReactivo` timestamp NOT NULL DEFAULT current_timestamp(),
  PRIMARY KEY (`idUsoReactivo`)
) ENGINE=InnoDB AUTO_INCREMENT=388 DEFAULT CHARSET=utf8 COLLATE=utf8_spanish_ci;

-- Volcando datos para la tabla db_hospital_orellana.tbl_uso_reactivos: ~145 rows (aproximadamente)
INSERT INTO `tbl_uso_reactivos` (`idUsoReactivo`, `idReactivo`, `cantidadReactivo`, `filaPivote`, `pivoteTabla`, `fechaReactivo`) VALUES
	(7, 55, 0.04, 0, 0, '2022-06-03 22:02:52'),
	(8, 168, 0.04, 0, 0, '2022-06-03 22:06:23'),
	(9, 167, 0.04, 0, 0, '2022-06-03 22:07:11'),
	(10, 55, 0.04, 0, 0, '2022-06-03 22:07:57'),
	(11, 167, 0.04, 0, 0, '2022-06-03 22:07:57'),
	(12, 168, 0.04, 0, 0, '2022-06-03 22:07:57'),
	(13, 169, 0.04, 0, 0, '2022-06-07 17:40:36'),
	(14, 54, 0.20, 0, 0, '2022-06-08 17:27:53'),
	(15, 50, 0.10, 0, 0, '2022-06-08 17:27:53'),
	(16, 172, 0.10, 0, 0, '2022-06-08 17:27:53'),
	(17, 90, 0.10, 0, 0, '2022-06-08 17:27:53'),
	(18, 170, 0.90, 0, 0, '2022-06-08 17:27:54'),
	(19, 171, 0.02, 0, 0, '2022-06-08 17:27:54'),
	(20, 54, 0.20, 11, 0, '2022-06-08 20:43:47'),
	(21, 50, 0.10, 11, 0, '2022-06-08 20:43:47'),
	(22, 172, 0.10, 11, 0, '2022-06-08 20:43:47'),
	(23, 90, 0.10, 11, 0, '2022-06-08 20:43:48'),
	(24, 170, 0.90, 11, 0, '2022-06-08 20:43:48'),
	(25, 171, 0.02, 11, 0, '2022-06-08 20:43:48'),
	(26, 54, 0.20, 12, 0, '2022-06-08 20:51:39'),
	(27, 50, 0.10, 12, 0, '2022-06-08 20:51:39'),
	(28, 172, 0.10, 12, 0, '2022-06-08 20:51:40'),
	(29, 90, 0.10, 12, 0, '2022-06-08 20:51:40'),
	(30, 170, 0.90, 12, 0, '2022-06-08 20:51:40'),
	(31, 171, 0.02, 12, 0, '2022-06-08 20:51:40'),
	(43, 81, 0.20, 12, 4, '2022-06-09 20:09:33'),
	(44, 82, 0.20, 12, 4, '2022-06-09 20:09:33'),
	(45, 83, 0.20, 12, 4, '2022-06-09 20:09:34'),
	(71, 174, 1.20, 14, 6, '2022-06-11 16:06:24'),
	(72, 174, 1.20, 15, 6, '2022-06-11 16:07:51'),
	(73, 174, 1.20, 20, 6, '2022-06-11 16:24:11'),
	(74, 174, 1.20, 21, 6, '2022-06-11 16:26:07'),
	(78, 66, 0.40, 24, 6, '2022-06-11 16:55:16'),
	(79, 174, 1.20, 24, 6, '2022-06-11 16:55:16'),
	(117, 22, 1.00, 134, 13, '2022-06-14 15:04:06'),
	(244, 98, 0.10, 10, 12, '2022-07-01 14:22:41'),
	(245, 99, 0.05, 10, 12, '2022-07-01 14:22:41'),
	(246, 100, 0.50, 10, 12, '2022-07-01 14:22:41'),
	(247, 196, 1.00, 11, 17, '2022-07-20 13:13:36'),
	(248, 94, 1.00, 0, 10, '2022-07-21 18:22:10'),
	(249, 64, 2.00, 0, 10, '2022-07-23 16:51:30'),
	(250, 64, 2.00, 0, 10, '2022-07-23 17:08:25'),
	(251, 64, 2.00, 0, 10, '2022-07-23 17:10:21'),
	(252, 64, 2.00, 0, 10, '2022-07-23 17:13:06'),
	(253, 64, 2.00, 0, 10, '2022-07-23 17:13:53'),
	(254, 64, 2.00, 0, 10, '2022-07-23 17:21:21'),
	(255, 66, 0.40, 32, 6, '2022-07-25 17:07:54'),
	(256, 64, 1.00, 0, 10, '2022-07-25 20:41:02'),
	(257, 64, 1.00, 0, 10, '2022-07-25 21:07:34'),
	(258, 64, 1.00, 0, 10, '2022-07-25 21:07:50'),
	(259, 64, 1.00, 0, 10, '2022-07-25 21:09:19'),
	(260, 63, 5.00, 0, 10, '2022-07-25 21:15:41'),
	(273, 78, 0.10, 13, 8, '2022-08-13 16:47:25'),
	(274, 177, 0.35, 13, 8, '2022-08-13 16:47:26'),
	(275, 178, 0.10, 13, 8, '2022-08-13 16:47:26'),
	(276, 179, 0.05, 13, 8, '2022-08-13 16:47:26'),
	(277, 79, 0.10, 13, 8, '2022-08-13 16:47:26'),
	(278, 180, 0.35, 13, 8, '2022-08-13 16:47:26'),
	(279, 181, 0.10, 13, 8, '2022-08-13 16:47:26'),
	(280, 182, 0.05, 13, 8, '2022-08-13 16:47:27'),
	(281, 70, 0.10, 13, 8, '2022-08-13 16:47:27'),
	(282, 183, 0.35, 13, 8, '2022-08-13 16:47:27'),
	(283, 184, 0.10, 13, 8, '2022-08-13 16:47:27'),
	(284, 185, 0.05, 13, 8, '2022-08-13 16:47:27'),
	(285, 49, 0.40, 33, 6, '2022-08-16 21:45:52'),
	(286, 53, 0.40, 33, 6, '2022-08-16 21:45:52'),
	(287, 56, 0.40, 33, 6, '2022-08-16 21:45:52'),
	(288, 57, 0.20, 33, 6, '2022-08-16 21:45:52'),
	(289, 59, 0.20, 33, 6, '2022-08-16 21:45:52'),
	(290, 49, 0.40, 34, 6, '2022-08-16 21:46:26'),
	(291, 53, 0.40, 34, 6, '2022-08-16 21:46:26'),
	(292, 56, 0.40, 34, 6, '2022-08-16 21:46:26'),
	(293, 57, 0.20, 34, 6, '2022-08-16 21:46:26'),
	(294, 59, 0.20, 34, 6, '2022-08-16 21:46:26'),
	(295, 73, 1.00, 8, 9, '2022-08-17 15:32:42'),
	(296, 71, 1.00, 8, 9, '2022-08-17 15:32:42'),
	(307, 188, 300.00, 6, 18, '2022-08-29 20:07:19'),
	(308, 66, 1.60, 6, 18, '2022-08-29 20:07:19'),
	(309, 188, 300.00, 7, 18, '2022-08-29 20:21:59'),
	(310, 66, 1.60, 7, 18, '2022-08-29 20:21:59'),
	(311, 22, 1.00, 17, 13, '2022-09-21 14:59:06'),
	(312, 98, 0.10, 11, 12, '2022-12-30 20:10:38'),
	(313, 99, 0.05, 11, 12, '2022-12-30 20:10:38'),
	(314, 100, 0.50, 11, 12, '2022-12-30 20:10:38'),
	(315, 73, 1.00, 13, 9, '2023-09-01 14:14:28'),
	(316, 71, 1.00, 13, 9, '2023-09-01 14:14:28'),
	(317, 98, 0.10, 12, 12, '2023-09-01 18:07:47'),
	(318, 99, 0.05, 12, 12, '2023-09-01 18:07:47'),
	(319, 100, 0.50, 12, 12, '2023-09-01 18:07:47'),
	(320, 73, 1.00, 14, 9, '2023-09-01 18:08:13'),
	(321, 71, 1.00, 14, 9, '2023-09-01 18:08:13'),
	(322, 188, 300.00, 8, 18, '2023-12-02 15:45:37'),
	(323, 66, 1.60, 8, 18, '2023-12-02 15:45:37'),
	(324, 167, 0.04, 14, 1, '2023-12-04 14:04:40'),
	(325, 54, 0.20, 14, 3, '2023-12-04 14:10:24'),
	(326, 50, 0.10, 14, 3, '2023-12-04 14:10:24'),
	(327, 172, 0.10, 14, 3, '2023-12-04 14:10:24'),
	(328, 81, 0.20, 13, 4, '2023-12-04 14:10:46'),
	(329, 82, 0.20, 13, 4, '2023-12-04 14:10:46'),
	(330, 83, 0.20, 13, 4, '2023-12-04 14:10:46'),
	(331, 85, 0.08, 13, 4, '2023-12-04 14:10:46'),
	(332, 66, 0.40, 35, 6, '2023-12-04 14:11:33'),
	(333, 91, 0.40, 10, 7, '2023-12-04 14:11:47'),
	(334, 93, 0.40, 10, 7, '2023-12-04 14:11:47'),
	(335, 78, 0.10, 14, 8, '2023-12-04 14:12:34'),
	(336, 177, 0.35, 14, 8, '2023-12-04 14:12:34'),
	(337, 178, 0.10, 14, 8, '2023-12-04 14:12:34'),
	(338, 179, 0.05, 14, 8, '2023-12-04 14:12:34'),
	(339, 79, 0.10, 14, 8, '2023-12-04 14:12:34'),
	(340, 180, 0.35, 14, 8, '2023-12-04 14:12:34'),
	(341, 181, 0.10, 14, 8, '2023-12-04 14:12:34'),
	(342, 182, 0.05, 14, 8, '2023-12-04 14:12:34'),
	(343, 70, 0.10, 14, 8, '2023-12-04 14:12:34'),
	(344, 183, 0.35, 14, 8, '2023-12-04 14:12:34'),
	(345, 184, 0.10, 14, 8, '2023-12-04 14:12:34'),
	(346, 185, 0.05, 14, 8, '2023-12-04 14:12:34'),
	(347, 73, 1.00, 15, 9, '2023-12-04 14:13:08'),
	(348, 71, 1.00, 15, 9, '2023-12-04 14:13:08'),
	(349, 173, 0.40, 136, 10, '2023-12-04 14:13:43'),
	(362, 173, 0.40, 137, 10, '2023-12-04 14:38:04'),
	(363, 81, 0.20, 14, 4, '2023-12-05 21:48:33'),
	(364, 82, 0.20, 14, 4, '2023-12-05 21:48:33'),
	(365, 83, 0.20, 14, 4, '2023-12-05 21:48:33'),
	(366, 85, 0.08, 14, 4, '2023-12-05 21:48:33'),
	(367, 68, 1.00, 10, 11, '2023-12-05 21:50:32'),
	(368, 66, 0.40, 36, 6, '2023-12-22 14:34:30'),
	(369, 66, 0.40, 36, 6, '2023-12-22 14:34:30'),
	(370, 49, 0.40, 36, 6, '2023-12-22 14:34:30'),
	(371, 53, 0.40, 36, 6, '2023-12-22 14:34:30'),
	(372, 65, 0.40, 36, 6, '2023-12-22 14:34:30'),
	(373, 52, 0.20, 36, 6, '2023-12-22 14:34:30'),
	(374, 187, 0.20, 36, 6, '2023-12-22 14:34:30'),
	(375, 167, 0.04, 15, 1, '2023-12-22 14:51:12'),
	(376, 78, 0.10, 15, 8, '2024-02-29 21:44:08'),
	(377, 177, 0.35, 15, 8, '2024-02-29 21:44:08'),
	(378, 178, 0.10, 15, 8, '2024-02-29 21:44:08'),
	(379, 179, 0.05, 15, 8, '2024-02-29 21:44:08'),
	(380, 79, 0.10, 15, 8, '2024-02-29 21:44:08'),
	(381, 180, 0.35, 15, 8, '2024-02-29 21:44:08'),
	(382, 181, 0.10, 15, 8, '2024-02-29 21:44:08'),
	(383, 182, 0.05, 15, 8, '2024-02-29 21:44:08'),
	(384, 70, 0.10, 15, 8, '2024-02-29 21:44:08'),
	(385, 183, 0.35, 15, 8, '2024-02-29 21:44:08'),
	(386, 184, 0.10, 15, 8, '2024-02-29 21:44:08'),
	(387, 185, 0.05, 15, 8, '2024-02-29 21:44:08');

-- Volcando estructura para tabla db_hospital_orellana.tbl_usuarios
CREATE TABLE IF NOT EXISTS `tbl_usuarios` (
  `idUsuario` int(11) NOT NULL AUTO_INCREMENT,
  `nombreUsuario` varchar(50) NOT NULL,
  `psUsuario` text NOT NULL,
  `idEmpleado` int(11) NOT NULL,
  `idAcceso` int(11) NOT NULL,
  `codigoVerificacion` varchar(50) NOT NULL,
  `nivelUsuario` int(11) NOT NULL DEFAULT 0,
  `estadoUsuario` int(11) NOT NULL DEFAULT 1,
  `pivoteUsuario` int(11) NOT NULL DEFAULT 0,
  `celebrar` int(11) NOT NULL DEFAULT 1,
  `fechaUsuario` timestamp NOT NULL DEFAULT current_timestamp(),
  PRIMARY KEY (`idUsuario`),
  KEY `idEmpleado` (`idEmpleado`),
  KEY `idAcceso` (`idAcceso`),
  CONSTRAINT `tbl_usuarios_ibfk_1` FOREIGN KEY (`idEmpleado`) REFERENCES `tbl_empleados` (`idEmpleado`) ON DELETE NO ACTION ON UPDATE NO ACTION,
  CONSTRAINT `tbl_usuarios_ibfk_2` FOREIGN KEY (`idAcceso`) REFERENCES `tbl_accesos` (`idAcceso`) ON DELETE NO ACTION ON UPDATE NO ACTION
) ENGINE=InnoDB AUTO_INCREMENT=13 DEFAULT CHARSET=utf8 COLLATE=utf8_spanish_ci;

-- Volcando datos para la tabla db_hospital_orellana.tbl_usuarios: ~12 rows (aproximadamente)
INSERT INTO `tbl_usuarios` (`idUsuario`, `nombreUsuario`, `psUsuario`, `idEmpleado`, `idAcceso`, `codigoVerificacion`, `nivelUsuario`, `estadoUsuario`, `pivoteUsuario`, `celebrar`, `fechaUsuario`) VALUES
	(1, 'Informatica', 'e10adc3949ba59abbe56e057f20f883e', 1, 1, '2f2bb449c2cb83320769d123f0904b5a', 1, 1, 1, 0, '2021-04-29 18:05:52'),
	(2, 'CARLA ORTEZ', 'e10adc3949ba59abbe56e057f20f883e', 3, 3, '', 0, 1, 0, 1, '2021-05-03 18:17:36'),
	(3, 'CARLA PAREDES', 'a30619b295a3e17297b73f7f38bd2d06', 4, 3, '', 0, 1, 0, 1, '2021-06-15 16:35:21'),
	(4, 'CATALINA GOMEZ', '57b14a032b0d6bfeb45b50987bb3bee2', 5, 3, '', 0, 1, 0, 1, '2021-06-15 16:37:21'),
	(5, 'ELENA CRUZ', 'e10adc3949ba59abbe56e057f20f883e', 6, 4, '', 0, 1, 0, 1, '2021-06-15 16:39:02'),
	(6, 'ALBA RAMIREZ', 'e10adc3949ba59abbe56e057f20f883e', 8, 2, '', 0, 1, 0, 1, '2021-06-24 17:22:11'),
	(7, 'WENDY SERPAS', 'e10adc3949ba59abbe56e057f20f883e', 9, 2, '', 0, 1, 0, 1, '2021-06-24 17:29:17'),
	(8, 'JACQUELINNE TREJO', 'b6683b0b0fb3b20575b6fbfa9e90c91c', 7, 2, '', 0, 1, 0, 1, '2021-06-24 17:34:02'),
	(9, 'PATRICIA GARCIA', 'bbb5ff6dc3826b999a5cf0c2e7b2c889', 10, 2, '', 0, 1, 0, 1, '2021-06-25 20:40:06'),
	(10, 'CARLOS MARTINEZ', '0eca7c845b519c85ea7dc27a82e3891e', 11, 5, '', 0, 1, 0, 1, '2021-06-29 13:51:00'),
	(11, 'LABORATORIO', '6e3f560530f160dc58dcd01aabb2e9c2', 12, 7, '', 0, 1, 0, 1, '2021-07-30 14:09:42'),
	(12, 'SALAS', 'e10adc3949ba59abbe56e057f20f883e', 1, 8, '', 0, 1, 0, 1, '2023-10-04 14:18:28');

-- Volcando estructura para tabla db_hospital_orellana.tbl_usuario_anuncio
CREATE TABLE IF NOT EXISTS `tbl_usuario_anuncio` (
  `idUsuarioAnuncio` int(11) NOT NULL AUTO_INCREMENT,
  `idUsuario` int(11) NOT NULL,
  `idAnuncio` int(11) NOT NULL,
  `fechaProgramacion` timestamp NOT NULL DEFAULT current_timestamp(),
  PRIMARY KEY (`idUsuarioAnuncio`)
) ENGINE=InnoDB AUTO_INCREMENT=4 DEFAULT CHARSET=utf8 COLLATE=utf8_spanish_ci;

-- Volcando datos para la tabla db_hospital_orellana.tbl_usuario_anuncio: ~3 rows (aproximadamente)
INSERT INTO `tbl_usuario_anuncio` (`idUsuarioAnuncio`, `idUsuario`, `idAnuncio`, `fechaProgramacion`) VALUES
	(1, 1, 1, '2021-10-27 16:21:43'),
	(2, 2, 1, '2021-10-27 16:21:43'),
	(3, 1, 2, '2021-10-27 17:51:51');

-- Volcando estructura para tabla db_hospital_orellana.tbl_vales_hemo
CREATE TABLE IF NOT EXISTS `tbl_vales_hemo` (
  `idVale` int(11) NOT NULL AUTO_INCREMENT,
  `codigoVale` int(11) NOT NULL,
  `citaVale` int(11) NOT NULL,
  `creadoVale` timestamp NOT NULL DEFAULT current_timestamp(),
  PRIMARY KEY (`idVale`)
) ENGINE=InnoDB AUTO_INCREMENT=3 DEFAULT CHARSET=utf8mb4 COLLATE=utf8mb4_general_ci;

-- Volcando datos para la tabla db_hospital_orellana.tbl_vales_hemo: ~2 rows (aproximadamente)
INSERT INTO `tbl_vales_hemo` (`idVale`, `codigoVale`, `citaVale`, `creadoVale`) VALUES
	(1, 1000, 10, '2023-11-29 17:41:02'),
	(2, 1001, 11, '2023-11-29 17:41:32');

-- Volcando estructura para tabla db_hospital_orellana.tbl_varios
CREATE TABLE IF NOT EXISTS `tbl_varios` (
  `idVarios` int(11) NOT NULL AUTO_INCREMENT,
  `examenSolicitado` int(11) NOT NULL,
  `muestraVarios` varchar(25) NOT NULL,
  `resultadoVarios` text NOT NULL,
  `valorNormalVarios` varchar(25) NOT NULL,
  `observacionesVarios` text NOT NULL,
  `fechaVarios` timestamp NOT NULL DEFAULT current_timestamp(),
  PRIMARY KEY (`idVarios`)
) ENGINE=InnoDB AUTO_INCREMENT=138 DEFAULT CHARSET=utf8 COLLATE=utf8_spanish_ci;

-- Volcando datos para la tabla db_hospital_orellana.tbl_varios: ~12 rows (aproximadamente)
INSERT INTO `tbl_varios` (`idVarios`, `examenSolicitado`, `muestraVarios`, `resultadoVarios`, `valorNormalVarios`, `observacionesVarios`, `fechaVarios`) VALUES
	(1, 681, 'muestra', 'Resultado', 'normal', 'Observaciones', '2021-08-21 17:01:14'),
	(3, 662, 'Suero', 'Se va morir', '', 'No se, nada creo', '2021-08-26 14:24:28'),
	(4, 659, 'Agua', '100', '1.5 km', 'Another dimension Update', '2021-10-13 16:27:57'),
	(6, 690, 'SANGRE', 'NO SE OBSERVA PLASMODIUM SP', 'Menor de 500 ng/ml', 'NANANANA', '2021-10-14 17:41:03'),
	(7, 686, '1', '1', '1.2 voltios', 'this is a test', '2021-10-15 16:31:53'),
	(39, 953, 'Agua', 'Bueno', '21', 'Test actualizado', '2021-10-19 14:47:17'),
	(40, 668, 'Agua', 'Bueno', '56', 'test', '2021-10-19 14:48:40'),
	(43, 664, 'Agua', '1', '50', 'Ninguna', '2021-10-19 15:11:53'),
	(44, 955, '1', '2', '3', '321', '2021-10-19 15:17:07'),
	(45, 657, 'Suero', '12.5', '0.05 ml', 'Testing', '2021-10-21 14:51:51'),
	(136, 659, '', '11', '1', '1', '2023-12-04 14:13:43'),
	(137, 659, '1', '1', '1', '1', '2023-12-04 14:38:04');

-- Volcando estructura para tabla db_hospital_orellana.tbl_zonas_sv
CREATE TABLE IF NOT EXISTS `tbl_zonas_sv` (
  `idZona` int(11) NOT NULL AUTO_INCREMENT,
  `nombreZona` varchar(15) NOT NULL,
  PRIMARY KEY (`idZona`)
) ENGINE=InnoDB AUTO_INCREMENT=5 DEFAULT CHARSET=utf8 COLLATE=utf8_spanish_ci;

-- Volcando datos para la tabla db_hospital_orellana.tbl_zonas_sv: ~4 rows (aproximadamente)
INSERT INTO `tbl_zonas_sv` (`idZona`, `nombreZona`) VALUES
	(1, 'Occidental'),
	(2, 'Central'),
	(3, 'Paracentral'),
	(4, 'Oriental');

-- Volcando estructura para disparador db_hospital_orellana.abonos_empleados
SET @OLDTMP_SQL_MODE=@@SQL_MODE, SQL_MODE='NO_ZERO_IN_DATE,NO_ZERO_DATE,NO_ENGINE_SUBSTITUTION';
DELIMITER //
CREATE TRIGGER `abonos_empleados` BEFORE INSERT ON `tbl_abonos_empleados` FOR EACH ROW BEGIN

-- Actualizar el stock en tbl_insumos limpieza
 UPDATE tbl_empleado_x_descuentos AS exd
 SET exd.totalAbonado = (exd.totalAbonado + NEW.montoAbono),
		exd.estadoDescuento = '2'
 WHERE exd.idEmDes = NEW.idEmpleadoDescuento;
 
END//
DELIMITER ;
SET SQL_MODE=@OLDTMP_SQL_MODE;

-- Volcando estructura para disparador db_hospital_orellana.actualizar_abono
SET @OLDTMP_SQL_MODE=@@SQL_MODE, SQL_MODE='NO_ZERO_IN_DATE,NO_ZERO_DATE,NO_ENGINE_SUBSTITUTION';
DELIMITER //
CREATE TRIGGER `actualizar_abono` AFTER UPDATE ON `tbl_paquetes` FOR EACH ROW BEGIN
-- Actualizar el stock en tbl_insumos
   UPDATE tbl_abonos_hoja AS ah
   SET ah.montoAbono = NEW.cantidadPaquete
   WHERE ah.paqueteAbono = NEW.idPaquete;
   
END//
DELIMITER ;
SET SQL_MODE=@OLDTMP_SQL_MODE;

-- Volcando estructura para disparador db_hospital_orellana.actualizar_compra_bodega
SET @OLDTMP_SQL_MODE=@@SQL_MODE, SQL_MODE='NO_ZERO_IN_DATE,NO_ZERO_DATE,NO_ENGINE_SUBSTITUTION';
DELIMITER //
CREATE TRIGGER `actualizar_compra_bodega` AFTER UPDATE ON `tbl_dcompra_limpieza` FOR EACH ROW BEGIN
-- Obtener el stock actual
   DECLARE stock_actual INT;
   DECLARE diferencia INT;
   SELECT stockInsumoLimpieza INTO stock_actual FROM tbl_insumos_limpieza WHERE idInsumoLimpieza = NEW.idInsumo;
   
-- Diferencia entre la cantidad actual y nueva
   SET diferencia = ABS(NEW.cantidad-OLD.cantidad);

-- Actualizar el stock en tbl_insumos
   UPDATE tbl_insumos_limpieza
   SET stockInsumoLimpieza = stock_actual + (NEW.cantidad - OLD.cantidad)
   WHERE idInsumoLimpieza = NEW.idInsumo;
   
-- Actualizar la fila correspondiente en tbl_kardex
   UPDATE tbl_kardex_bodega
   SET cantidadInsumo = NEW.cantidad,
       stockActual = stock_actual + (NEW.cantidad - OLD.cantidad)
   WHERE filaEntrada = NEW.idDCompraLimpieza;
END//
DELIMITER ;
SET SQL_MODE=@OLDTMP_SQL_MODE;

-- Volcando estructura para disparador db_hospital_orellana.actualizar_compra_lab
SET @OLDTMP_SQL_MODE=@@SQL_MODE, SQL_MODE='NO_AUTO_VALUE_ON_ZERO';
DELIMITER //
CREATE TRIGGER `actualizar_compra_lab` AFTER UPDATE ON `tbl_detalle_compra_lab` FOR EACH ROW BEGIN
-- Obtener el stock actual
   DECLARE stock_actual INT;
   DECLARE diferencia INT;
   SELECT il.stockInsumoLab INTO stock_actual FROM tbl_insumos_lab AS il WHERE il.idInsumoLab = NEW.idInsumoLab;
   
-- Diferencia entre la cantidad actual y nueva
   SET diferencia = ABS(NEW.cantidadDetalleCL - OLD.cantidadDetalleCL);

-- Actualizar el stock en tbl_insumos
   UPDATE tbl_insumos_lab AS il
   SET il.stockInsumoLab = stock_actual + (NEW.cantidadDetalleCL - OLD.cantidadDetalleCL)
   WHERE il.idInsumoLab = NEW.idInsumoLab;
   
-- Actualizar la fila correspondiente en tbl_kardex
   UPDATE tbl_kardex_lab
   SET cantidadInsumo = NEW.cantidadDetalleCL,
       stockActual = stock_actual + (NEW.cantidadDetalleCL - OLD.cantidadDetalleCL)
   WHERE filaEntrada = NEW.idDetalleCL;
END//
DELIMITER ;
SET SQL_MODE=@OLDTMP_SQL_MODE;

-- Volcando estructura para disparador db_hospital_orellana.actualizar_compra_med
SET @OLDTMP_SQL_MODE=@@SQL_MODE, SQL_MODE='NO_AUTO_VALUE_ON_ZERO';
DELIMITER //
CREATE TRIGGER `actualizar_compra_med` AFTER UPDATE ON `tbl_factura_medicamentos` FOR EACH ROW BEGIN
-- Obtener el stock actual
DECLARE stock_actual INT;
DECLARE diferencia INT;

SELECT m.stockMedicamento INTO stock_actual FROM tbl_medicamentos AS m WHERE m.idMedicamento = NEW.idMedicamento;

-- Diferencia entre la cantidad actual y nueva
SET diferencia = ABS(NEW.cantidad - OLD.cantidad);

-- Actualizar el stock en tbl_insumos
UPDATE tbl_medicamentos AS m
SET m.stockMedicamento = stock_actual + (NEW.cantidad - OLD.cantidad)
WHERE m.idMedicamento = NEW.idMedicamento;


-- Actualizar la fila correspondiente en tbl_kardex
UPDATE tbl_kardex_botiquin
SET cantidadInsumo = NEW.cantidad,
    stockActual = stock_actual + (NEW.cantidad - OLD.cantidad)
WHERE filaEntrada = NEW.idFacturaMedicamento;
      
      
END//
DELIMITER ;
SET SQL_MODE=@OLDTMP_SQL_MODE;

-- Volcando estructura para disparador db_hospital_orellana.actualizar_creado_cola
SET @OLDTMP_SQL_MODE=@@SQL_MODE, SQL_MODE='NO_AUTO_VALUE_ON_ZERO';
DELIMITER //
CREATE TRIGGER `actualizar_creado_cola` AFTER INSERT ON `tbl_consulta_laboratorio` FOR EACH ROW BEGIN
	UPDATE tbl_cola_laboratorio AS cl
	SET cl.consultaGenerada = NEW.idConsultaLaboratorio
	WHERE cl.idCola = NEW.cola;
END//
DELIMITER ;
SET SQL_MODE=@OLDTMP_SQL_MODE;

-- Volcando estructura para disparador db_hospital_orellana.actualizar_datos_donante
SET @OLDTMP_SQL_MODE=@@SQL_MODE, SQL_MODE='NO_ZERO_IN_DATE,NO_ZERO_DATE,NO_ENGINE_SUBSTITUTION';
DELIMITER //
CREATE TRIGGER `actualizar_datos_donante` BEFORE INSERT ON `tbl_donantes_insumo` FOR EACH ROW BEGIN
-- Obtener el stock actual
   DECLARE stock_actual INT;
   SELECT il.stockInsumoLab INTO stock_actual FROM tbl_insumos_lab AS il WHERE il.idInsumoLab = NEW.idInsumo;
   
-- Actualizar el stock en tbl_insumos
   UPDATE tbl_insumos_lab AS il
   SET il.stockInsumoLab = stock_actual + NEW.cantidadInsumo
   WHERE il.idInsumoLab = NEW.idInsumo;
   
-- Actualizar el stock en tbl_insumos
   UPDATE tbl_donantes AS d
   SET d.ultimaFecha = DATE(NEW.fechaDonanteInsumo)
   WHERE d.idDonante = NEW.idDonante;
   

END//
DELIMITER ;
SET SQL_MODE=@OLDTMP_SQL_MODE;

-- Volcando estructura para disparador db_hospital_orellana.actualizar_entrada_hemo
SET @OLDTMP_SQL_MODE=@@SQL_MODE, SQL_MODE='NO_ZERO_IN_DATE,NO_ZERO_DATE,NO_ENGINE_SUBSTITUTION';
DELIMITER //
CREATE TRIGGER `actualizar_entrada_hemo` AFTER UPDATE ON `tbl_dcompra_hemo` FOR EACH ROW BEGIN
-- Obtener el stock actual
   DECLARE stock_actual INT;
   DECLARE diferencia INT;
   SELECT ih.stockInsumoHemo INTO stock_actual FROM tbl_insumos_hemo AS ih WHERE ih.idInsumoHemo = NEW.idInsumo;
   
-- Diferencia entre la cantidad actual y nueva
   SET diferencia = ABS(NEW.cantidad-OLD.cantidad);

-- Actualizar el stock en tbl_insumos
   UPDATE tbl_insumos_hemo AS ih
   SET ih.stockInsumoHemo = stock_actual + (NEW.cantidad - OLD.cantidad)
   WHERE ih.idInsumoHemo = NEW.idInsumo;
   
-- Actualizar la fila correspondiente en tbl_kardex
   UPDATE tbl_kardex_hemo
   SET cantidadInsumo = NEW.cantidad,
       stockActual = stock_actual + (NEW.cantidad - OLD.cantidad)
   WHERE filaEntrada = NEW.idDCompraHemo;
END//
DELIMITER ;
SET SQL_MODE=@OLDTMP_SQL_MODE;

-- Volcando estructura para disparador db_hospital_orellana.actualizar_sala
SET @OLDTMP_SQL_MODE=@@SQL_MODE, SQL_MODE='NO_ZERO_IN_DATE,NO_ZERO_DATE,NO_ENGINE_SUBSTITUTION';
DELIMITER //
CREATE TRIGGER `actualizar_sala` AFTER UPDATE ON `tbl_detalle_procedimientos` FOR EACH ROW BEGIN

-- Obtener el stock actual
	DECLARE stock_viejo INT;
	DECLARE stock_nuevo INT;
	
	SELECT m.stockSala INTO stock_viejo FROM tbl_medicamentos AS m WHERE m.idMedicamento = NEW.idInsumo;
-- Actualizar el stock en tbl_insumos
   UPDATE tbl_medicamentos AS m
   SET m.stockSala = stock_viejo + OLD.cantidadInsumo
   WHERE m.idMedicamento = NEW.idInsumo;
   
	SELECT m.stockSala INTO stock_nuevo FROM tbl_medicamentos AS m WHERE m.idMedicamento = NEW.idInsumo;
-- Actualizar el stock en tbl_insumos
   UPDATE tbl_medicamentos AS m
   SET m.stockSala = stock_nuevo - NEW.cantidadInsumo
   WHERE m.idMedicamento = NEW.idInsumo;
   
   -- Actualizar la fila correspondiente en tbl_kardex
      UPDATE tbl_kardex_botiquin
      SET cantidadInsumo = NEW.cantidadInsumo,
          stockActual = stock_nuevo - NEW.cantidadInsumo,
          idInsumo = NEW.idInsumo
      WHERE filaSalida = NEW.idDetalleProcedimiento AND movimientoPor = '1';
            
END//
DELIMITER ;
SET SQL_MODE=@OLDTMP_SQL_MODE;

-- Volcando estructura para disparador db_hospital_orellana.actualizar_salida_hemo
SET @OLDTMP_SQL_MODE=@@SQL_MODE, SQL_MODE='NO_ZERO_IN_DATE,NO_ZERO_DATE,NO_ENGINE_SUBSTITUTION';
DELIMITER //
CREATE TRIGGER `actualizar_salida_hemo` AFTER UPDATE ON `tbl_dsalidas_hemo` FOR EACH ROW BEGIN
-- Obtener el stock actual
DECLARE stock_actual INT;
DECLARE diferencia INT;

SELECT ih.stockInsumoHemo INTO stock_actual FROM tbl_insumos_hemo AS ih WHERE ih.idInsumoHemo = NEW.idInsumo;

-- Diferencia entre la cantidad actual y nueva
SET diferencia = ABS(NEW.cantidadInsumo - OLD.cantidadInsumo);

-- Actualizar el stock en tbl_insumos
UPDATE tbl_insumos_hemo AS ih
SET ih.stockInsumoHemo = stock_actual - (NEW.cantidadInsumo - OLD.cantidadInsumo)
WHERE ih.idInsumoHemo = NEW.idInsumo;


-- Actualizar la fila correspondiente en tbl_kardex
UPDATE tbl_kardex_hemo
SET cantidadInsumo = NEW.cantidadInsumo,
    stockActual = stock_actual - (NEW.cantidadInsumo - OLD.cantidadInsumo)
WHERE filaSalida = NEW.idDescargosHemo;
      
      
END//
DELIMITER ;
SET SQL_MODE=@OLDTMP_SQL_MODE;

-- Volcando estructura para disparador db_hospital_orellana.actualizar_salida_lab
SET @OLDTMP_SQL_MODE=@@SQL_MODE, SQL_MODE='NO_AUTO_VALUE_ON_ZERO';
DELIMITER //
CREATE TRIGGER `actualizar_salida_lab` AFTER UPDATE ON `tbl_dcuenta_descargoslab` FOR EACH ROW BEGIN
-- Obtener el stock actual
DECLARE stock_actual INT;
DECLARE diferencia INT;

SELECT il.stockInsumoLab INTO stock_actual FROM tbl_insumos_lab AS il WHERE il.idInsumoLab = NEW.idInsumo;

-- Diferencia entre la cantidad actual y nueva
SET diferencia = ABS(NEW.cantidadInsumo - OLD.cantidadInsumo);

-- Actualizar el stock en tbl_insumos
UPDATE tbl_insumos_lab AS il
SET il.stockInsumoLab = stock_actual - (NEW.cantidadInsumo - OLD.cantidadInsumo)
WHERE il.idInsumoLab = NEW.idInsumo;


-- Actualizar la fila correspondiente en tbl_kardex
UPDATE tbl_kardex_lab
SET cantidadInsumo = NEW.cantidadInsumo,
    stockActual = stock_actual - (NEW.cantidadInsumo - OLD.cantidadInsumo)
WHERE filaSalida = NEW.idDescargosLab;
      
      
END//
DELIMITER ;
SET SQL_MODE=@OLDTMP_SQL_MODE;

-- Volcando estructura para disparador db_hospital_orellana.actualizar_salida_med
SET @OLDTMP_SQL_MODE=@@SQL_MODE, SQL_MODE='NO_AUTO_VALUE_ON_ZERO';
DELIMITER //
CREATE TRIGGER `actualizar_salida_med` AFTER UPDATE ON `tbl_hoja_insumos` FOR EACH ROW BEGIN

    DECLARE stock_viejo INT;
    DECLARE stock_nuevo INT;
    DECLARE stock_actual INT;
	 DECLARE stock_actual_cp INT;
 	IF NEW.pivoteStock = 0 THEN
   	IF NEW.idInsumo <> OLD.idInsumo THEN
        -- Insumo viejo
        -- Obtener el stock actual
            SELECT m.stockMedicamento INTO stock_viejo FROM tbl_medicamentos AS m WHERE m.idMedicamento = OLD.idInsumo;
        -- Actualizar el stock en tbl_insumos
            UPDATE tbl_medicamentos AS m
            SET m.stockMedicamento = stock_viejo + OLD.cantidadInsumo
            WHERE m.idMedicamento = OLD.idInsumo;

        -- Insumo nuevo
        -- Obtener el stock actual
            SELECT m.stockMedicamento INTO stock_nuevo FROM tbl_medicamentos AS m WHERE m.idMedicamento = NEW.idInsumo;
        -- Actualizar el stock en tbl_insumos
            UPDATE tbl_medicamentos AS m
            SET m.stockMedicamento = stock_nuevo - NEW.cantidadInsumo
            WHERE m.idMedicamento = NEW.idInsumo;


        -- Actualizar la fila correspondiente en tbl_kardex
            UPDATE tbl_kardex_botiquin
            SET cantidadInsumo = NEW.cantidadInsumo,
                stockActual = stock_nuevo - NEW.cantidadInsumo,
                idInsumo = NEW.idInsumo
            WHERE filaSalida = NEW.idHojaInsumo AND movimientoPor = '0';
	   ELSE
	        -- Obtener el stock actual
	        SELECT m.stockMedicamento INTO stock_actual FROM tbl_medicamentos AS m WHERE m.idMedicamento = NEW.idInsumo;
	
	        -- Actualizar el stock en tbl_insumos
	        UPDATE tbl_medicamentos AS m
	        SET m.stockMedicamento = stock_actual - (NEW.cantidadInsumo - OLD.cantidadInsumo)
	        WHERE m.idMedicamento = NEW.idInsumo;
	
	
	        -- Actualizar la fila correspondiente en tbl_kardex
	        UPDATE tbl_kardex_botiquin
	        SET cantidadInsumo = NEW.cantidadInsumo,
	            stockActual = stock_actual - (NEW.cantidadInsumo - OLD.cantidadInsumo)
	        WHERE filaSalida = NEW.idHojaInsumo AND movimientoPor = '0';
	    END IF;
	ELSE
		-- Obtener el stock actual
		SELECT ds.stockInsumo INTO stock_actual_cp FROM tbl_detalle_stock AS ds WHERE ds.idStock = NEW.pivoteStock AND ds.idInsumo =  NEW.idInsumo;
		
		-- Actualizar el stock en tbl_detalle_stock
         UPDATE tbl_detalle_stock AS ds
         SET ds.stockInsumo = stock_actual_cp + OLD.cantidadInsumo
         WHERE ds.idInsumo = OLD.idInsumo AND ds.idStock = OLD.pivoteStock;
         
		-- Actualizando tbl_kardex_botiquin
		 UPDATE tbl_kardex_botiquin
       SET cantidadInsumo = NEW.cantidadInsumo,
           stockActual = stock_actual_cp - NEW.cantidadInsumo,
           idInsumo = NEW.idInsumo
       WHERE filaSalida = NEW.idHojaInsumo AND movimientoPor = NEW.pivoteStock;
       
       -- Actualizar el stock en tbl_insumos limpieza
			 UPDATE tbl_detalle_stock AS ds
			 SET ds.stockInsumo = (ds.stockInsumo - NEW.cantidadInsumo)
			 WHERE ds.idInsumo = NEW.idInsumo AND ds.idStock = NEW.pivoteStock;
		
   END IF;
    
  END//
DELIMITER ;
SET SQL_MODE=@OLDTMP_SQL_MODE;

-- Volcando estructura para disparador db_hospital_orellana.actualizar_stock_bodega
SET @OLDTMP_SQL_MODE=@@SQL_MODE, SQL_MODE='NO_ZERO_IN_DATE,NO_ZERO_DATE,NO_ENGINE_SUBSTITUTION';
DELIMITER //
CREATE TRIGGER `actualizar_stock_bodega` AFTER UPDATE ON `tbl_dsalidas_limpieza` FOR EACH ROW BEGIN
  -- Obtener el stock actual
      DECLARE stock_actual INT;
      DECLARE diferencia INT;

      SELECT stockInsumoLimpieza INTO stock_actual FROM tbl_insumos_limpieza WHERE idInsumoLimpieza = NEW.idInsumo;
  -- Diferencia entre la cantidad actual y nueva
      SET diferencia = ABS(NEW.cantidadInsumo - OLD.cantidadInsumo);

  -- Actualizar el stock en tbl_insumos
      UPDATE tbl_insumos_limpieza
      SET stockInsumoLimpieza = stock_actual - (NEW.cantidadInsumo - OLD.cantidadInsumo)
      WHERE idInsumoLimpieza = NEW.idInsumo;


  -- Actualizar la fila correspondiente en tbl_kardex
      UPDATE tbl_kardex_bodega
      SET cantidadInsumo = NEW.cantidadInsumo,
          stockActual = stock_actual - (NEW.cantidadInsumo - OLD.cantidadInsumo)
      WHERE filaSalida = NEW.idDescargosLimpieza;
  END//
DELIMITER ;
SET SQL_MODE=@OLDTMP_SQL_MODE;

-- Volcando estructura para disparador db_hospital_orellana.agregar_cola_lab
SET @OLDTMP_SQL_MODE=@@SQL_MODE, SQL_MODE='NO_ZERO_IN_DATE,NO_ZERO_DATE,NO_ENGINE_SUBSTITUTION';
DELIMITER //
CREATE TRIGGER `agregar_cola_lab` AFTER INSERT ON `tbl_hoja_cobro` FOR EACH ROW BEGIN
	INSERT INTO tbl_cola_laboratorio(idPaciente, idHoja)
	VALUES(NEW.idPaciente, NEW.idHoja);
	
	IF NEW.destinoHoja = '3' THEN
			INSERT INTO tbl_cola_rx(idHoja) VALUES(NEW.idHoja);
    END IF;
END//
DELIMITER ;
SET SQL_MODE=@OLDTMP_SQL_MODE;

-- Volcando estructura para disparador db_hospital_orellana.correlativo_factura
SET @OLDTMP_SQL_MODE=@@SQL_MODE, SQL_MODE='NO_ZERO_IN_DATE,NO_ZERO_DATE,NO_ENGINE_SUBSTITUTION';
DELIMITER //
CREATE TRIGGER `correlativo_factura` AFTER INSERT ON `tbl_facturas` FOR EACH ROW BEGIN
	DECLARE codigo_actual INT;
	DECLARE nuevo_codigo INT;
   SELECT MAX(hc.seguimientoHoja) INTO codigo_actual FROM tbl_hoja_cobro AS hc;
   
   SET nuevo_codigo = codigo_actual + 1;
   
   UPDATE tbl_hoja_cobro AS hc SET hc.seguimientoHoja = nuevo_codigo
   WHERE hc.idHoja = NEW.idHojaCobro;

END//
DELIMITER ;
SET SQL_MODE=@OLDTMP_SQL_MODE;

-- Volcando estructura para disparador db_hospital_orellana.editar_salida_empleado
SET @OLDTMP_SQL_MODE=@@SQL_MODE, SQL_MODE='NO_AUTO_VALUE_ON_ZERO';
DELIMITER //
CREATE TRIGGER `editar_salida_empleado` AFTER UPDATE ON `tbl_dcuenta_descargosbm` FOR EACH ROW BEGIN
	DECLARE stock_actual INT;
  -- Obtener el stock actual
  SELECT m.stockMedicamento INTO stock_actual FROM tbl_medicamentos AS m WHERE m.idMedicamento = NEW.idMedicamento;

  -- Actualizar el stock en tbl_insumos
  UPDATE tbl_medicamentos AS m
  SET m.stockMedicamento = stock_actual - (NEW.cantidadMedicamento - OLD.cantidadMedicamento)
  WHERE m.idMedicamento = NEW.idMedicamento;


  -- Actualizar la fila correspondiente en tbl_kardex
  UPDATE tbl_kardex_botiquin
  SET cantidadInsumo = NEW.cantidadMedicamento,
      stockActual = stock_actual - (NEW.cantidadMedicamento - OLD.cantidadMedicamento)
  WHERE filaEmpleado = NEW.idDescargosBM AND movimientoPor = '2';
END//
DELIMITER ;
SET SQL_MODE=@OLDTMP_SQL_MODE;

-- Volcando estructura para disparador db_hospital_orellana.eliminar_cantidad_salida
SET @OLDTMP_SQL_MODE=@@SQL_MODE, SQL_MODE='NO_ZERO_IN_DATE,NO_ZERO_DATE,NO_ENGINE_SUBSTITUTION';
DELIMITER //
CREATE TRIGGER `eliminar_cantidad_salida` AFTER DELETE ON `tbl_dsalidas_limpieza` FOR EACH ROW  BEGIN
-- Obtener el stock actual
    DECLARE stock_actual INT;
    SELECT stockInsumoLimpieza INTO stock_actual FROM tbl_insumos_limpieza WHERE idInsumoLimpieza = OLD.idInsumo;

-- Actualizar el stock en tbl_productos
    UPDATE tbl_insumos_limpieza SET stockInsumoLimpieza = stockInsumoLimpieza + OLD.cantidadInsumo WHERE idInsumoLimpieza = OLD.idInsumo;

-- Insertar una fila en tbl_kardex con cantidad cero y mensaje de "Eliminado"
    UPDATE tbl_kardex_bodega
    SET cantidadInsumo = 0, stockActual = stock_actual + OLD.cantidadInsumo, tipoKardex = 'Eliminado'
    WHERE filaSalida = OLD.idDescargosLimpieza;
END//
DELIMITER ;
SET SQL_MODE=@OLDTMP_SQL_MODE;

-- Volcando estructura para disparador db_hospital_orellana.eliminar_compra_bodega
SET @OLDTMP_SQL_MODE=@@SQL_MODE, SQL_MODE='NO_ZERO_IN_DATE,NO_ZERO_DATE,NO_ENGINE_SUBSTITUTION';
DELIMITER //
CREATE TRIGGER `eliminar_compra_bodega` BEFORE DELETE ON `tbl_dcompra_limpieza` FOR EACH ROW -- DELETE
BEGIN
-- Obtener el stock actual
   DECLARE stock_actual INT;
   SELECT stockInsumoLimpieza INTO stock_actual FROM tbl_insumos_limpieza WHERE idInsumoLimpieza = OLD.idInsumo;

-- Actualizar el stock en tbl_productos
   UPDATE tbl_insumos_limpieza SET stockInsumoLimpieza = stockInsumoLimpieza - OLD.cantidad WHERE idInsumoLimpieza = OLD.idInsumo;

-- Insertar una fila en tbl_kardex con cantidad cero y mensaje de "Eliminado"
   UPDATE tbl_kardex_bodega
   SET cantidadInsumo = 0, stockActual = stock_actual - OLD.cantidad, tipoKardex = 'Eliminado'
   WHERE filaEntrada = OLD.idDCompraLimpieza;
END//
DELIMITER ;
SET SQL_MODE=@OLDTMP_SQL_MODE;

-- Volcando estructura para disparador db_hospital_orellana.eliminar_compra_lab
SET @OLDTMP_SQL_MODE=@@SQL_MODE, SQL_MODE='NO_AUTO_VALUE_ON_ZERO';
DELIMITER //
CREATE TRIGGER `eliminar_compra_lab` AFTER DELETE ON `tbl_detalle_compra_lab` FOR EACH ROW BEGIN
-- Obtener el stock actual
   DECLARE stock_actual INT;
   SELECT il.stockInsumoLab INTO stock_actual FROM tbl_insumos_lab AS il WHERE il.idInsumoLab = OLD.idInsumoLab;

-- Actualizar el stock en tbl_productos
   UPDATE tbl_insumos_lab AS il SET il.stockInsumoLab = il.stockInsumoLab - OLD.cantidadDetalleCL WHERE il.idInsumoLab = OLD.idInsumoLab;

-- Insertar una fila en tbl_kardex con cantidad cero y mensaje de "Eliminado"
   UPDATE tbl_kardex_lab
   SET cantidadInsumo = 0, stockActual = stock_actual - OLD.cantidadDetalleCL, tipoKardex = 'Eliminado'
   WHERE filaEntrada = OLD.idDetalleCL;
END//
DELIMITER ;
SET SQL_MODE=@OLDTMP_SQL_MODE;

-- Volcando estructura para disparador db_hospital_orellana.eliminar_compra_med
SET @OLDTMP_SQL_MODE=@@SQL_MODE, SQL_MODE='NO_ZERO_IN_DATE,NO_ZERO_DATE,NO_ENGINE_SUBSTITUTION';
DELIMITER //
CREATE TRIGGER `eliminar_compra_med` AFTER DELETE ON `tbl_factura_medicamentos` FOR EACH ROW BEGIN
-- Obtener el stock actual
   DECLARE stock_actual INT;
   SELECT m.stockMedicamento INTO stock_actual FROM tbl_medicamentos AS m WHERE m.idMedicamento = OLD.idMedicamento;

-- Actualizar el stock en tbl_productos
   UPDATE tbl_medicamentos AS m SET m.stockMedicamento = m.stockMedicamento - OLD.cantidad 
	WHERE m.idMedicamento = OLD.idMedicamento;

-- Insertar una fila en tbl_kardex con cantidad cero y mensaje de "Eliminado"
   UPDATE tbl_kardex_botiquin AS kb
   SET kb.cantidadInsumo = 0, kb.stockActual = stock_actual - OLD.cantidad, kb.tipoKardex = 'Eliminado'
   WHERE filaEntrada = OLD.idFacturaMedicamento;
END//
DELIMITER ;
SET SQL_MODE=@OLDTMP_SQL_MODE;

-- Volcando estructura para disparador db_hospital_orellana.eliminar_descargo_lab
SET @OLDTMP_SQL_MODE=@@SQL_MODE, SQL_MODE='NO_AUTO_VALUE_ON_ZERO';
DELIMITER //
CREATE TRIGGER `eliminar_descargo_lab` AFTER DELETE ON `tbl_dcuenta_descargoslab` FOR EACH ROW BEGIN

-- Obtener el stock actual
 DECLARE stock_actual INT;
 SELECT il.stockInsumoLab INTO stock_actual FROM tbl_insumos_lab AS il WHERE il.idInsumoLab = OLD.idInsumo;
 
-- Actualizar el stock en tbl_productos
 UPDATE tbl_insumos_lab AS il SET il.stockInsumoLab = il.stockInsumoLab + OLD.cantidadInsumo WHERE il.idInsumoLab = OLD.idInsumo;
    
-- Insertar una fila en tbl_kardex con cantidad cero y mensaje de "Eliminado"
 UPDATE tbl_kardex_lab
 SET cantidadInsumo = 0, stockActual = stock_actual + OLD.cantidadInsumo, tipoKardex = 'Eliminado'
 WHERE filaSalida = OLD.idDescargosLab;
    
END//
DELIMITER ;
SET SQL_MODE=@OLDTMP_SQL_MODE;

-- Volcando estructura para disparador db_hospital_orellana.eliminar_entrada_hemo
SET @OLDTMP_SQL_MODE=@@SQL_MODE, SQL_MODE='NO_ZERO_IN_DATE,NO_ZERO_DATE,NO_ENGINE_SUBSTITUTION';
DELIMITER //
CREATE TRIGGER `eliminar_entrada_hemo` AFTER DELETE ON `tbl_dcompra_hemo` FOR EACH ROW BEGIN
-- Obtener el stock actual
   DECLARE stock_actual INT;
   SELECT ih.stockInsumoHemo INTO stock_actual FROM tbl_insumos_hemo AS ih WHERE ih.idInsumoHemo = OLD.idInsumo;

-- Actualizar el stock en tbl_productos
   UPDATE tbl_insumos_hemo AS ih SET ih.stockInsumoHemo = ih.stockInsumoHemo - OLD.cantidad WHERE ih.idInsumoHemo = OLD.idInsumo;

-- Insertar una fila en tbl_kardex con cantidad cero y mensaje de "Eliminado"
   UPDATE tbl_kardex_hemo
   SET cantidadInsumo = 0, stockActual = stock_actual - OLD.cantidad, tipoKardex = 'Eliminado'
   WHERE filaEntrada = OLD.idDCompraHemo;
END//
DELIMITER ;
SET SQL_MODE=@OLDTMP_SQL_MODE;

-- Volcando estructura para disparador db_hospital_orellana.eliminar_med_empleado
SET @OLDTMP_SQL_MODE=@@SQL_MODE, SQL_MODE='NO_AUTO_VALUE_ON_ZERO';
DELIMITER //
CREATE TRIGGER `eliminar_med_empleado` AFTER DELETE ON `tbl_dcuenta_descargosbm` FOR EACH ROW BEGIN
-- Obtener el stock actual
    DECLARE stock_actual INT;
	 SELECT m.stockMedicamento INTO stock_actual FROM tbl_medicamentos AS m WHERE m.idMedicamento = OLD.idMedicamento;

-- Actualizar el stock en tbl_productos
    UPDATE tbl_medicamentos AS m SET m.stockMedicamento = m.stockMedicamento + OLD.cantidadMedicamento WHERE m.idMedicamento = OLD.idMedicamento;

-- Insertar una fila en tbl_kardex con cantidad cero y mensaje de "Eliminado"
    UPDATE tbl_kardex_botiquin
    SET cantidadInsumo = 0, stockActual = stock_actual + OLD.cantidadMedicamento, tipoKardex = 'Eliminado', conceptoKardex = '-'
    WHERE filaEmpleado = OLD.idDescargosBM AND movimientoPor = '2';
END//
DELIMITER ;
SET SQL_MODE=@OLDTMP_SQL_MODE;

-- Volcando estructura para disparador db_hospital_orellana.eliminar_sala
SET @OLDTMP_SQL_MODE=@@SQL_MODE, SQL_MODE='NO_ZERO_IN_DATE,NO_ZERO_DATE,NO_ENGINE_SUBSTITUTION';
DELIMITER //
CREATE TRIGGER `eliminar_sala` AFTER DELETE ON `tbl_detalle_procedimientos` FOR EACH ROW BEGIN

-- Obtener el stock actual
	DECLARE stock_actual INT;

SELECT m.stockSala INTO stock_actual FROM tbl_medicamentos AS m WHERE m.idMedicamento = OLD.idInsumo;

-- Actualizar el stock en tbl_insumos
   UPDATE tbl_medicamentos AS m
   SET m.stockSala = stock_actual + OLD.cantidadInsumo
   WHERE m.idMedicamento = OLD.idInsumo;
   

-- Actualizar la fila correspondiente en tbl_kardex
      UPDATE tbl_kardex_botiquin
      SET cantidadInsumo = 0,
          stockActual = stock_actual + OLD.cantidadInsumo,
          tipoKardex = 'Eliminado',
          idInsumo = OLD.idInsumo
      WHERE filaSalida = OLD.idDetalleProcedimiento AND movimientoPor = '1';
   
END//
DELIMITER ;
SET SQL_MODE=@OLDTMP_SQL_MODE;

-- Volcando estructura para disparador db_hospital_orellana.eliminar_salida_hemo
SET @OLDTMP_SQL_MODE=@@SQL_MODE, SQL_MODE='NO_ZERO_IN_DATE,NO_ZERO_DATE,NO_ENGINE_SUBSTITUTION';
DELIMITER //
CREATE TRIGGER `eliminar_salida_hemo` AFTER DELETE ON `tbl_dsalidas_hemo` FOR EACH ROW BEGIN

-- Obtener el stock actual
 DECLARE stock_actual INT;
 SELECT ih.stockInsumoHemo INTO stock_actual FROM tbl_insumos_hemo AS ih WHERE ih.idInsumoHemo = OLD.idInsumo;
 
-- Actualizar el stock en tbl_productos
 UPDATE tbl_insumos_hemo AS ih SET ih.stockInsumoHemo = ih.stockInsumoHemo + OLD.cantidadInsumo WHERE ih.idInsumoHemo = OLD.idInsumo;
    
-- Insertar una fila en tbl_kardex con cantidad cero y mensaje de "Eliminado"
 UPDATE tbl_kardex_hemo
 SET cantidadInsumo = 0, stockActual = stock_actual + OLD.cantidadInsumo, tipoKardex = 'Eliminado'
 WHERE filaSalida = OLD.idDescargosHemo;
    
END//
DELIMITER ;
SET SQL_MODE=@OLDTMP_SQL_MODE;

-- Volcando estructura para disparador db_hospital_orellana.eliminar_salida_med
SET @OLDTMP_SQL_MODE=@@SQL_MODE, SQL_MODE='NO_ZERO_IN_DATE,NO_ZERO_DATE,NO_ENGINE_SUBSTITUTION';
DELIMITER //
CREATE TRIGGER `eliminar_salida_med` AFTER DELETE ON `tbl_hoja_insumos` FOR EACH ROW BEGIN
-- Obtener el stock actual
    DECLARE stock_actual INT;
    DECLARE stock_actual_cp INT;
    
   IF OLD.pivoteStock = 0 THEN
		 SELECT m.stockMedicamento INTO stock_actual FROM tbl_medicamentos AS m WHERE m.idMedicamento = OLD.idInsumo;
	
		-- Actualizar el stock en tbl_productos
	    UPDATE tbl_medicamentos AS m SET m.stockMedicamento = m.stockMedicamento + OLD.cantidadInsumo WHERE m.idMedicamento = OLD.idInsumo;
	    
	    INSERT INTO tbl_hoja_insumos_eliminados(filaEliminada, idHoja, idInsumo, precioInsumo, cantidadInsumo, descuentoUnitario)
	    				 VALUES(OLD.idHojaInsumo, OLD.idHoja, OLD.idInsumo, OLD.precioInsumo, OLD.cantidadInsumo, OLD.descuentoUnitario);
	
		-- Insertar una fila en tbl_kardex con cantidad cero y mensaje de "Eliminado"
	    UPDATE tbl_kardex_botiquin
	    SET cantidadInsumo = 0, stockActual = stock_actual + OLD.cantidadInsumo, tipoKardex = 'Eliminado', conceptoKardex = '-'
	    WHERE filaSalida = OLD.idHojaInsumo AND movimientoPor = '0';
	ELSE
		-- Obtener el stock actual
		SELECT ds.stockInsumo INTO stock_actual_cp FROM tbl_detalle_stock AS ds WHERE ds.idStock = OLD.pivoteStock AND ds.idInsumo =  OLD.idInsumo;
		
		-- Actualizar el stock en tbl_detalle_stock
         UPDATE tbl_detalle_stock AS ds
         SET ds.stockInsumo = stock_actual_cp + OLD.cantidadInsumo
         WHERE ds.idInsumo = OLD.idInsumo AND ds.idStock = OLD.pivoteStock;
         
		-- Actualizando tbl_kardex_botiquin
		 UPDATE tbl_kardex_botiquin
       SET cantidadInsumo = '0',
           stockActual = stock_actual_cp + OLD.cantidadInsumo,
           tipoKardex = 'Eliminado',
			  conceptoKardex = '-'
       WHERE filaSalida = OLD.idHojaInsumo AND movimientoPor = OLD.pivoteStock;
		
	END IF;
END//
DELIMITER ;
SET SQL_MODE=@OLDTMP_SQL_MODE;

-- Volcando estructura para disparador db_hospital_orellana.entrada_compra_bodega
SET @OLDTMP_SQL_MODE=@@SQL_MODE, SQL_MODE='NO_ZERO_IN_DATE,NO_ZERO_DATE,NO_ENGINE_SUBSTITUTION';
DELIMITER //
CREATE TRIGGER `entrada_compra_bodega` AFTER INSERT ON `tbl_dcompra_limpieza` FOR EACH ROW BEGIN
	-- Obtener el stock actual
   DECLARE stock_actual INT;
   SELECT stockInsumoLimpieza INTO stock_actual FROM tbl_insumos_limpieza WHERE idInsumoLimpieza = NEW.idInsumo;
   
   -- Actualizar el stock en tbl_productos
   UPDATE tbl_insumos_limpieza AS i
   SET i.stockInsumoLimpieza = (i.stockInsumoLimpieza + NEW.cantidad), i.precioInsumoLimpieza = new.precio
   WHERE i.idInsumoLimpieza = NEW.idInsumo;
   
   -- Insertar una fila en tbl_kardex
   INSERT INTO tbl_kardex_bodega(idInsumo, cantidadInsumo, stockActual, tipoKardex, filaEntrada)
   VALUES (NEW.idInsumo, NEW.cantidad, stock_actual + NEW.cantidad, 'Entrada', NEW.idDCompraLimpieza);
END//
DELIMITER ;
SET SQL_MODE=@OLDTMP_SQL_MODE;

-- Volcando estructura para disparador db_hospital_orellana.entrada_medicamentos
SET @OLDTMP_SQL_MODE=@@SQL_MODE, SQL_MODE='NO_ZERO_IN_DATE,NO_ZERO_DATE,NO_ENGINE_SUBSTITUTION';
DELIMITER //
CREATE TRIGGER `entrada_medicamentos` AFTER INSERT ON `tbl_factura_medicamentos` FOR EACH ROW BEGIN

-- Obtener el stock actual
DECLARE stock_actual INT;
SELECT m.stockMedicamento INTO stock_actual FROM tbl_medicamentos AS m WHERE m.idMedicamento = NEW.idMedicamento;

-- Actualizar el stock en tbl_insumos limpieza
 UPDATE tbl_medicamentos AS m
 SET m.stockMedicamento = m.stockMedicamento + NEW.cantidad, m.fechaVencimiento = NEW.vencimiento
 WHERE m.idMedicamento = NEW.idMedicamento;
 
 -- Insertar una fila en tbl_kardex
 INSERT INTO tbl_kardex_botiquin(idInsumo, cantidadInsumo, stockActual, tipoKardex, filaEntrada)
 VALUES (NEW.idMedicamento, NEW.cantidad, stock_actual + NEW.cantidad, 'Entrada', NEW.idFacturaMedicamento);
    
END//
DELIMITER ;
SET SQL_MODE=@OLDTMP_SQL_MODE;

-- Volcando estructura para disparador db_hospital_orellana.ingreso_compra_hemo
SET @OLDTMP_SQL_MODE=@@SQL_MODE, SQL_MODE='NO_ZERO_IN_DATE,NO_ZERO_DATE,NO_ENGINE_SUBSTITUTION';
DELIMITER //
CREATE TRIGGER `ingreso_compra_hemo` AFTER INSERT ON `tbl_dcompra_hemo` FOR EACH ROW BEGIN
	-- Obtener el stock actual
   DECLARE stock_actual INT;
   SELECT ih.stockInsumoHemo INTO stock_actual FROM tbl_insumos_hemo AS ih WHERE ih.idInsumoHemo = NEW.idInsumo;
   
   -- Actualizar el stock en tbl_productos
   UPDATE tbl_insumos_hemo AS ih
   SET ih.stockInsumoHemo = (ih.stockInsumoHemo + NEW.cantidad), ih.precioInsumoHemo = new.precio
   WHERE ih.idInsumoHemo = NEW.idInsumo;
   
   -- Insertar una fila en tbl_kardex
   INSERT INTO tbl_kardex_hemo(idInsumo, cantidadInsumo, stockActual, tipoKardex, filaEntrada)
   VALUES (NEW.idInsumo, NEW.cantidad, stock_actual + NEW.cantidad, 'Entrada', NEW.idDCompraHemo);
END//
DELIMITER ;
SET SQL_MODE=@OLDTMP_SQL_MODE;

-- Volcando estructura para disparador db_hospital_orellana.ingreso_compra_lab
SET @OLDTMP_SQL_MODE=@@SQL_MODE, SQL_MODE='NO_AUTO_VALUE_ON_ZERO';
DELIMITER //
CREATE TRIGGER `ingreso_compra_lab` AFTER INSERT ON `tbl_detalle_compra_lab` FOR EACH ROW BEGIN
	-- Obtener el stock actual
   DECLARE stock_actual INT;
   SELECT il.stockInsumoLab INTO stock_actual FROM tbl_insumos_lab AS il WHERE il.idInsumoLab = NEW.idInsumoLab;
   
   -- Actualizar el stock en tbl_productos
   UPDATE tbl_insumos_lab AS il
   SET il.stockInsumoLab = (il.stockInsumoLab + NEW.cantidadDetalleCL), il.precioInsumoLab = new.precioDetalleCL
   WHERE il.idInsumoLab = NEW.idInsumoLab;
   
   -- Insertar una fila en tbl_kardex
   INSERT INTO tbl_kardex_lab(idInsumo, cantidadInsumo, stockActual, tipoKardex, filaEntrada)
   VALUES (NEW.idInsumoLab, NEW.cantidadDetalleCL, stock_actual + NEW.cantidadDetalleCL, 'Entrada', NEW.idDetalleCL);
END//
DELIMITER ;
SET SQL_MODE=@OLDTMP_SQL_MODE;

-- Volcando estructura para disparador db_hospital_orellana.salidas_donantes
SET @OLDTMP_SQL_MODE=@@SQL_MODE, SQL_MODE='NO_ZERO_IN_DATE,NO_ZERO_DATE,NO_ENGINE_SUBSTITUTION';
DELIMITER //
CREATE TRIGGER `salidas_donantes` BEFORE INSERT ON `tbl_donantes_salidas` FOR EACH ROW BEGIN
-- Obtener el stock actual
   DECLARE stock_actual INT;
   SELECT il.stockInsumoLab INTO stock_actual FROM tbl_insumos_lab AS il WHERE il.idInsumoLab = NEW.idInsumo;
   
-- Actualizar el stock en tbl_insumos
   UPDATE tbl_insumos_lab AS il
   SET il.stockInsumoLab = stock_actual - NEW.cantidadInsumo
   WHERE il.idInsumoLab = NEW.idInsumo;
   
END//
DELIMITER ;
SET SQL_MODE=@OLDTMP_SQL_MODE;

-- Volcando estructura para disparador db_hospital_orellana.salidas_med_empleados
SET @OLDTMP_SQL_MODE=@@SQL_MODE, SQL_MODE='NO_AUTO_VALUE_ON_ZERO';
DELIMITER //
CREATE TRIGGER `salidas_med_empleados` AFTER INSERT ON `tbl_dcuenta_descargosbm` FOR EACH ROW BEGIN

-- Obtener el stock actual
DECLARE stock_actual INT;
SELECT m.stockMedicamento INTO stock_actual FROM tbl_medicamentos AS m WHERE m.idMedicamento = NEW.idMedicamento;

-- Actualizar el stock en tbl_insumos limpieza
 UPDATE tbl_medicamentos AS m
 SET m.stockMedicamento = (m.stockMedicamento - NEW.cantidadMedicamento)
 WHERE m.idMedicamento = NEW.idMedicamento;
 
 -- Insertar una fila en tbl_kardex
 INSERT INTO tbl_kardex_botiquin(idInsumo, cantidadInsumo, stockActual, tipoKardex, filaEmpleado, conceptoKardex, movimientoPor)
 VALUES (NEW.idMedicamento, NEW.cantidadMedicamento, stock_actual - NEW.cantidadMedicamento, 'Salida', NEW.idDescargosBM, 'Entregado EHL', '2');
    
END//
DELIMITER ;
SET SQL_MODE=@OLDTMP_SQL_MODE;

-- Volcando estructura para disparador db_hospital_orellana.salidas_stocks
SET @OLDTMP_SQL_MODE=@@SQL_MODE, SQL_MODE='NO_ZERO_IN_DATE,NO_ZERO_DATE,NO_ENGINE_SUBSTITUTION';
DELIMITER //
CREATE TRIGGER `salidas_stocks` AFTER INSERT ON `tbl_movimientos_stocks` FOR EACH ROW BEGIN

-- Obtener el stock actual
	DECLARE stock_actual INT;
	DECLARE ultimo_insertado INT;
	SELECT ds.stockInsumo INTO stock_actual FROM tbl_detalle_stock AS ds WHERE ds.idStock = NEW.idStock AND ds.idInsumo =  NEW.idInsumo;

-- Actualizar el stock en tbl_insumos limpieza
 	UPDATE tbl_detalle_stock AS ds
 	SET ds.stockInsumo = (ds.stockInsumo - NEW.cantidadInsumo)
 	WHERE ds.idInsumo = NEW.idInsumo AND ds.idStock = NEW.idStock;
 
 
  -- Insertar una fila en la hoja de cobro
	INSERT INTO tbl_hoja_insumos(idHoja, idInsumo, precioInsumo, cantidadInsumo, fechaInsumo, por, pivoteStock)
	VALUES (NEW.idHoja, NEW.idInsumo, NEW.precioInsumo, NEW.cantidadInsumo, CURRENT_DATE(), NEW.por, NEW.idStock);
	
   SET ultimo_insertado = LAST_INSERT_ID(); -- Ultimo id insertado en tbl_hoja_insumos

 -- Insertar una fila en tbl_kardex
 	INSERT INTO tbl_kardex_botiquin(idInsumo, cantidadInsumo, stockActual, tipoKardex, filaSalida, conceptoKardex, movimientoPor)
 	VALUES (NEW.idInsumo, NEW.cantidadInsumo, stock_actual - NEW.cantidadInsumo, 'Salida', ultimo_insertado, 'Usado en cuentas privadas', NEW.idStock);
 
END//
DELIMITER ;
SET SQL_MODE=@OLDTMP_SQL_MODE;

-- Volcando estructura para disparador db_hospital_orellana.salidas_stock_bodega
SET @OLDTMP_SQL_MODE=@@SQL_MODE, SQL_MODE='NO_ZERO_IN_DATE,NO_ZERO_DATE,NO_ENGINE_SUBSTITUTION';
DELIMITER //
CREATE TRIGGER `salidas_stock_bodega` AFTER INSERT ON `tbl_dsalidas_limpieza`
 FOR EACH ROW BEGIN
-- Obtener el stock actual
    DECLARE stock_actual INT;
    SELECT stockInsumoLimpieza INTO stock_actual FROM tbl_insumos_limpieza WHERE idInsumoLimpieza = NEW.idInsumo;
    
-- Actualizar el stock en tbl_insumos limpieza
    UPDATE tbl_insumos_limpieza AS i
    SET i.stockInsumoLimpieza = (i.stockInsumoLimpieza - NEW.cantidadInsumo)
    WHERE i.idInsumoLimpieza = NEW.idInsumo;
	
-- Insertar una fila en tbl_kardex
    INSERT INTO tbl_kardex_bodega(idInsumo, cantidadInsumo, stockActual, tipoKardex, filaSalida)
    VALUES (NEW.idInsumo, NEW.cantidadInsumo, stock_actual - NEW.cantidadInsumo, 'Salida', NEW.idDescargosLimpieza);
END//
DELIMITER ;
SET SQL_MODE=@OLDTMP_SQL_MODE;

-- Volcando estructura para disparador db_hospital_orellana.salidas_stock_lab
SET @OLDTMP_SQL_MODE=@@SQL_MODE, SQL_MODE='NO_AUTO_VALUE_ON_ZERO';
DELIMITER //
CREATE TRIGGER `salidas_stock_lab` AFTER INSERT ON `tbl_dcuenta_descargoslab` FOR EACH ROW BEGIN

-- Obtener el stock actual
DECLARE stock_actual INT;
SELECT il.stockInsumoLab INTO stock_actual FROM tbl_insumos_lab AS il WHERE il.idInsumoLab = NEW.idInsumo;

-- Actualizar el stock en tbl_insumos limpieza
 UPDATE tbl_insumos_lab AS il
 SET il.stockInsumoLab = (il.stockInsumoLab - NEW.cantidadInsumo)
 WHERE il.idInsumoLab = NEW.idInsumo;
 
 -- Insertar una fila en tbl_kardex
 INSERT INTO tbl_kardex_lab(idInsumo, cantidadInsumo, stockActual, tipoKardex, filaSalida)
 VALUES (NEW.idInsumo, NEW.cantidadInsumo, stock_actual - NEW.cantidadInsumo, 'Salida', NEW.idDescargosLab);
    
END//
DELIMITER ;
SET SQL_MODE=@OLDTMP_SQL_MODE;

-- Volcando estructura para disparador db_hospital_orellana.salida_medicamento
SET @OLDTMP_SQL_MODE=@@SQL_MODE, SQL_MODE='NO_ZERO_IN_DATE,NO_ZERO_DATE,NO_ENGINE_SUBSTITUTION';
DELIMITER //
CREATE TRIGGER `salida_medicamento` AFTER INSERT ON `tbl_hoja_insumos` FOR EACH ROW -- BEGIN

-- Obtener el stock actual
-- DECLARE stock_actual INT;
-- SELECT m.stockMedicamento INTO stock_actual FROM tbl_medicamentos AS m WHERE m.idMedicamento = NEW.idInsumo;

-- Actualizar el stock en tbl_insumos limpieza
--  UPDATE tbl_medicamentos AS m
--  SET m.stockMedicamento = (m.stockMedicamento - NEW.cantidadInsumo)
--  WHERE m.idMedicamento = NEW.idInsumo;
 
 -- Insertar una fila en tbl_kardex
--  INSERT INTO tbl_kardex_botiquin(idInsumo, cantidadInsumo, stockActual, tipoKardex, filaSalida)
--  VALUES (NEW.idInsumo, NEW.cantidadInsumo, stock_actual - NEW.cantidadInsumo, 'Salida', NEW.idHojaInsumo);
    
-- END

BEGIN
    -- Obtener el stock actual
    DECLARE stock_actual INT;
    DECLARE destino INT;
	 DECLARE examen TEXT;
    DECLARE examenOld TEXT;
    
    SELECT m.stockMedicamento INTO stock_actual FROM tbl_medicamentos AS m WHERE m.idMedicamento = NEW.idInsumo;
    SELECT hc.destinoHoja INTO destino FROM tbl_hoja_cobro AS hc WHERE hc.idHoja = NEW.idHoja;

    IF NEW.pivoteStock = 0 THEN
        -- Actualizar el stock en tbl_insumos limpieza
        UPDATE tbl_medicamentos AS m
        SET m.stockMedicamento = (m.stockMedicamento - NEW.cantidadInsumo)
        WHERE m.idMedicamento = NEW.idInsumo;

        -- Insertar una fila en tbl_kardex
        INSERT INTO tbl_kardex_botiquin(idInsumo, cantidadInsumo, stockActual, tipoKardex, filaSalida, conceptoKardex, movimientoPor)
        VALUES (NEW.idInsumo, NEW.cantidadInsumo, stock_actual - NEW.cantidadInsumo, 'Salida', NEW.idHojaInsumo, 'Usado en cuentas privadas', '0');
    -- ELSE
        -- Insertar una fila en tbl_kardex
        -- INSERT INTO tbl_kardex_botiquin(idInsumo, cantidadInsumo, stockActual, tipoKardex, filaSalida, conceptoKardex, movimientoPor)
        -- VALUES (NEW.idInsumo, NEW.cantidadInsumo, stock_actual, 'Salida', '2', 'Usado en sala', NEW.pivoteStock);
    END IF;
    
    IF destino = 3 THEN
    		-- Obtener eL nombre del examen
    		SELECT crx.examenRx INTO examenOld FROM tbl_cola_rx AS crx WHERE crx.idHoja = NEW.idHoja;
			SELECT m.nombreMedicamento INTO examen FROM tbl_medicamentos AS m WHERE m.idMedicamento = NEW.idInsumo;
			UPDATE tbl_cola_rx AS crx SET examenRx = CONCAT(examenOld, ", ", examen) WHERE crx.idHoja = NEW.idHoja;
    END IF;
    
END//
DELIMITER ;
SET SQL_MODE=@OLDTMP_SQL_MODE;

-- Volcando estructura para disparador db_hospital_orellana.salida_sala
SET @OLDTMP_SQL_MODE=@@SQL_MODE, SQL_MODE='NO_ZERO_IN_DATE,NO_ZERO_DATE,NO_ENGINE_SUBSTITUTION';
DELIMITER //
CREATE TRIGGER `salida_sala` AFTER INSERT ON `tbl_detalle_procedimientos` FOR EACH ROW BEGIN

-- Obtener el stock actual
DECLARE stock_actual INT;
SELECT m.stockSala INTO stock_actual FROM tbl_medicamentos AS m WHERE m.idMedicamento = NEW.idInsumo;

-- Actualizar el stock en tbl_insumos limpieza
 UPDATE tbl_medicamentos AS m
 SET m.stockSala = (m.stockSala - NEW.cantidadInsumo)
 WHERE m.idMedicamento = NEW.idInsumo;
 
 -- Insertar una fila en tbl_kardex
 INSERT INTO tbl_kardex_botiquin(idInsumo, cantidadInsumo, stockActual, tipoKardex, filaSalida, conceptoKardex, movimientoPor)
 VALUES (NEW.idInsumo, NEW.cantidadInsumo, stock_actual - NEW.cantidadInsumo, 'Salida', NEW.idDetalleProcedimiento, 'Usado en Sala de operaciones', '1');
 
 -- Insertar una fila en la hoja de cobro
 -- INSERT INTO tbl_hoja_insumos(idHoja, idInsumo, precioInsumo, cantidadInsumo, fechaInsumo, por, pivoteStock)
-- 		  VALUES (NEW.idHoja, NEW.idInsumo, NEW.precioInsumo, NEW.cantidadInsumo, CURRENT_DATE(), NEW.por, '2');
 
END//
DELIMITER ;
SET SQL_MODE=@OLDTMP_SQL_MODE;

-- Volcando estructura para disparador db_hospital_orellana.salida_stock_hemo
SET @OLDTMP_SQL_MODE=@@SQL_MODE, SQL_MODE='NO_ZERO_IN_DATE,NO_ZERO_DATE,NO_ENGINE_SUBSTITUTION';
DELIMITER //
CREATE TRIGGER `salida_stock_hemo` AFTER INSERT ON `tbl_dsalidas_hemo` FOR EACH ROW BEGIN

-- Obtener el stock actual
DECLARE stock_actual INT;
SELECT ih.stockInsumoHemo INTO stock_actual FROM tbl_insumos_hemo AS ih WHERE ih.idInsumoHemo = NEW.idInsumo;

-- Actualizar el stock en tbl_insumos limpieza
 UPDATE tbl_insumos_hemo AS ih
 SET ih.stockInsumoHemo = (ih.stockInsumoHemo - NEW.cantidadInsumo)
 WHERE ih.idInsumoHemo = NEW.idInsumo;
 
 -- Insertar una fila en tbl_kardex
 INSERT INTO tbl_kardex_hemo(idInsumo, cantidadInsumo, stockActual, tipoKardex, filaSalida)
 VALUES (NEW.idInsumo, NEW.cantidadInsumo, stock_actual - NEW.cantidadInsumo, 'Salida', NEW.idDescargosHemo);
    
END//
DELIMITER ;
SET SQL_MODE=@OLDTMP_SQL_MODE;

-- Volcando estructura para disparador db_hospital_orellana.validar_reintegro
SET @OLDTMP_SQL_MODE=@@SQL_MODE, SQL_MODE='NO_ZERO_IN_DATE,NO_ZERO_DATE,NO_ENGINE_SUBSTITUTION';
DELIMITER //
CREATE TRIGGER `validar_reintegro` AFTER INSERT ON `tbl_reintegros_stocks` FOR EACH ROW BEGIN
	-- Obtener el stock actual en botiquin
   	DECLARE stock_actual INT;
   	DECLARE nombre_stock VARCHAR(50);
   	DECLARE concepto VARCHAR(50);
   	SELECT m.stockMedicamento INTO stock_actual FROM tbl_medicamentos AS m WHERE m.idMedicamento = NEW.idInsumo;
   	SELECT s.nombreStock INTO nombre_stock FROM tbl_stocks AS s WHERE s.idStock = NEW.idStock; -- Obteniendo el nombre del stock
   	
   	
   	-- Concatenar el valor obtenido con la variable cadena
			SET concepto = CONCAT('Usado Reintegro al stock: ', nombre_stock); -- Opcionalmente, puedes usar el operador de concatenación: nombre_stock || cadena

   -- Obtener el stock actual en botiquin
   
	-- Descontando medicamentos de botiquin
		UPDATE tbl_medicamentos AS m
      SET m.stockMedicamento = (m.stockMedicamento - NEW.cantidadInsumo)
      WHERE m.idMedicamento = NEW.idInsumo;
   -- Descontando medicamentos de botiquin
   
	-- Reintegrando medicamentos a stocks correspondiente
		UPDATE tbl_detalle_stock AS ds
      SET ds.stockInsumo = (ds.stockInsumo + NEW.cantidadInsumo)
      WHERE ds.idInsumo = NEW.idInsumo AND ds.idStock = NEW.idStock;
   -- Reintegrando medicamentos a stocks correspondiente
   
   -- Insertar una fila en tbl_kardex
        INSERT INTO tbl_kardex_botiquin(idInsumo, cantidadInsumo, stockActual, tipoKardex, filaSalida, conceptoKardex, movimientoPor)
        VALUES (NEW.idInsumo, NEW.cantidadInsumo, stock_actual - NEW.cantidadInsumo, 'Salida', 0, concepto, '0');
   -- Insertar una fila en tbl_kardex   
END//
DELIMITER ;
SET SQL_MODE=@OLDTMP_SQL_MODE;

/*!40103 SET TIME_ZONE=IFNULL(@OLD_TIME_ZONE, 'system') */;
/*!40101 SET SQL_MODE=IFNULL(@OLD_SQL_MODE, '') */;
/*!40014 SET FOREIGN_KEY_CHECKS=IFNULL(@OLD_FOREIGN_KEY_CHECKS, 1) */;
/*!40101 SET CHARACTER_SET_CLIENT=@OLD_CHARACTER_SET_CLIENT */;
/*!40111 SET SQL_NOTES=IFNULL(@OLD_SQL_NOTES, 1) */;
